{
"type": "FeatureCollection",
"name": "lokasi-blok-penanaman-bnf",
"crs": { "type": "name", "properties": { "name": "urn:ogc:def:crs:OGC:1.3:CRS84" } },
"features": [
{"type":"Feature","properties":{"id":"ID_00000","Name":"2010","description":"<html xmlns:fo=\"http://www.w3.org/1999/XSL/Format\" xmlns:msxsl=\"urn:schemas-microsoft-com:xslt\">\n\n<head>\n\n<META http-equiv=\"Content-Type\" content=\"text/html\">\n\n<meta http-equiv=\"content-type\" content=\"text/html; charset=UTF-8\">\n\n</head>\n\n<body style=\"margin:0px 0px 0px 0px;overflow:auto;background:#FFFFFF;\">\n\n<table style=\"font-family:Arial,Verdana,Times;font-size:12px;text-align:left;width:100%;border-collapse:collapse;padding:3px 3px 3px 3px\">\n\n<tr style=\"text-align:center;font-weight:bold;background:#9CBCE2\">\n\n<td>2010</td>\n\n</tr>\n\n<tr>\n\n<td>\n\n<table style=\"font-family:Arial,Verdana,Times;font-size:12px;text-align:left;width:100%;border-spacing:0px; padding:3px 3px 3px 3px\">\n\n<tr>\n\n<td>FID</td>\n\n<td>0</td>\n\n</tr>\n\n<tr bgcolor=\"#D4E4F3\">\n\n<td>OBJECTID_1</td>\n\n<td>1</td>\n\n</tr>\n\n<tr>\n\n<td>id</td>\n\n<td>2</td>\n\n</tr>\n\n<tr bgcolor=\"#D4E4F3\">\n\n<td>Year</td>\n\n<td>2010</td>\n\n</tr>\n\n<tr>\n\n<td>Provinsi</td>\n\n<td>Kalimantan Tengah</td>\n\n</tr>\n\n<tr bgcolor=\"#D4E4F3\">\n\n<td>Kab_Kota</td>\n\n<td>Palangka Raya</td>\n\n</tr>\n\n<tr>\n\n<td>Kecamatan</td>\n\n<td>Jekan Raya</td>\n\n</tr>\n\n<tr bgcolor=\"#D4E4F3\">\n\n<td>Desa_Kel</td>\n\n<td>Kereng Bangkirai</td>\n\n</tr>\n\n<tr>\n\n<td>Pelaksanaa</td>\n\n<td>2010</td>\n\n</tr>\n\n<tr bgcolor=\"#D4E4F3\">\n\n<td>Jlh_Transk</td>\n\n<td></td>\n\n</tr>\n\n<tr>\n\n<td>M1</td>\n\n<td></td>\n\n</tr>\n\n<tr bgcolor=\"#D4E4F3\">\n\n<td>M2</td>\n\n<td></td>\n\n</tr>\n\n<tr>\n\n<td>M3</td>\n\n<td></td>\n\n</tr>\n\n<tr bgcolor=\"#D4E4F3\">\n\n<td>M4</td>\n\n<td></td>\n\n</tr>\n\n<tr>\n\n<td>M5</td>\n\n<td></td>\n\n</tr>\n\n<tr bgcolor=\"#D4E4F3\">\n\n<td>Jlh_Bibit</td>\n\n<td>662</td>\n\n</tr>\n\n<tr>\n\n<td>Sbr_Bibit</td>\n\n<td></td>\n\n</tr>\n\n<tr bgcolor=\"#D4E4F3\">\n\n<td>Pelaksana</td>\n\n<td></td>\n\n</tr>\n\n<tr>\n\n<td>Keterangan</td>\n\n<td>Reforestation/Expermental plot</td>\n\n</tr>\n\n<tr bgcolor=\"#D4E4F3\">\n\n<td>Jn_Bibit</td>\n\n<td>Balangeran/Galam/Tabunter/Prupuk/Geronggang/Jelotung/Kapurnaga/Tumih</td>\n\n</tr>\n\n<tr>\n\n<td>Luas_Ha</td>\n\n<td>3.77306</td>\n\n</tr>\n\n<tr bgcolor=\"#D4E4F3\">\n\n<td>Kanal</td>\n\n<td>Eman</td>\n\n</tr>\n\n<tr>\n\n<td>Kawasan</td>\n\n<td>Laboratorium Alam Hutan Gambut CIMTROP-UPR</td>\n\n</tr>\n\n<tr bgcolor=\"#D4E4F3\">\n\n<td>Tahap</td>\n\n<td></td>\n\n</tr>\n\n<tr>\n\n<td>Zona</td>\n\n<td>Zona Rehabilitasi</td>\n\n</tr>\n\n<tr bgcolor=\"#D4E4F3\">\n\n<td>Resort</td>\n\n<td>Sebangau Hulu</td>\n\n</tr>\n\n<tr>\n\n<td>SPTN</td>\n\n<td>SPTN I Taman Nasional Sebangau</td>\n\n</tr>\n\n<tr bgcolor=\"#D4E4F3\">\n\n<td>Luas</td>\n\n<td>3.77305511495124</td>\n\n</tr>\n\n<tr>\n\n<td>Shape_Leng</td>\n\n<td>0.008398</td>\n\n</tr>\n\n</table>\n\n</td>\n\n</tr>\n\n</table>\n\n</body>\n\n</html>","timestamp":null,"begin":null,"end":null,"altitudeMode":null,"tessellate":-1,"extrude":0,"visibility":-1,"drawOrder":null,"icon":null,"snippet":""},"geometry":{"type":"MultiPolygon","coordinates":[[[[113.903490968533404,-2.310837016614983,0.0],[113.902714121559498,-2.310345906738178,0.0],[113.902540000220895,-2.310761118330902,0.0],[113.901673860460406,-2.310484310602419,0.0],[113.901423840837694,-2.311310268653926,0.0],[113.902205152945498,-2.311569217645228,0.0],[113.901816728559197,-2.312609478744378,0.0],[113.902776626240296,-2.313006831599978,0.0],[113.903490968533404,-2.310837016614983,0.0]]]]}},
{"type":"Feature","properties":{"id":"ID_00001","Name":"2016","description":"<html xmlns:fo=\"http://www.w3.org/1999/XSL/Format\" xmlns:msxsl=\"urn:schemas-microsoft-com:xslt\">\n\n<head>\n\n<META http-equiv=\"Content-Type\" content=\"text/html\">\n\n<meta http-equiv=\"content-type\" content=\"text/html; charset=UTF-8\">\n\n</head>\n\n<body style=\"margin:0px 0px 0px 0px;overflow:auto;background:#FFFFFF;\">\n\n<table style=\"font-family:Arial,Verdana,Times;font-size:12px;text-align:left;width:100%;border-collapse:collapse;padding:3px 3px 3px 3px\">\n\n<tr style=\"text-align:center;font-weight:bold;background:#9CBCE2\">\n\n<td>2016</td>\n\n</tr>\n\n<tr>\n\n<td>\n\n<table style=\"font-family:Arial,Verdana,Times;font-size:12px;text-align:left;width:100%;border-spacing:0px; padding:3px 3px 3px 3px\">\n\n<tr>\n\n<td>FID</td>\n\n<td>1</td>\n\n</tr>\n\n<tr bgcolor=\"#D4E4F3\">\n\n<td>OBJECTID_1</td>\n\n<td>2</td>\n\n</tr>\n\n<tr>\n\n<td>id</td>\n\n<td>3</td>\n\n</tr>\n\n<tr bgcolor=\"#D4E4F3\">\n\n<td>Year</td>\n\n<td>2016</td>\n\n</tr>\n\n<tr>\n\n<td>Provinsi</td>\n\n<td>Kalimantan Tengah</td>\n\n</tr>\n\n<tr bgcolor=\"#D4E4F3\">\n\n<td>Kab_Kota</td>\n\n<td>Palangka Raya</td>\n\n</tr>\n\n<tr>\n\n<td>Kecamatan</td>\n\n<td>Jekan Raya</td>\n\n</tr>\n\n<tr bgcolor=\"#D4E4F3\">\n\n<td>Desa_Kel</td>\n\n<td>Kereng Bangkirai</td>\n\n</tr>\n\n<tr>\n\n<td>Pelaksanaa</td>\n\n<td>2016</td>\n\n</tr>\n\n<tr bgcolor=\"#D4E4F3\">\n\n<td>Jlh_Transk</td>\n\n<td></td>\n\n</tr>\n\n<tr>\n\n<td>M1</td>\n\n<td></td>\n\n</tr>\n\n<tr bgcolor=\"#D4E4F3\">\n\n<td>M2</td>\n\n<td></td>\n\n</tr>\n\n<tr>\n\n<td>M3</td>\n\n<td></td>\n\n</tr>\n\n<tr bgcolor=\"#D4E4F3\">\n\n<td>M4</td>\n\n<td></td>\n\n</tr>\n\n<tr>\n\n<td>M5</td>\n\n<td></td>\n\n</tr>\n\n<tr bgcolor=\"#D4E4F3\">\n\n<td>Jlh_Bibit</td>\n\n<td>1107</td>\n\n</tr>\n\n<tr>\n\n<td>Sbr_Bibit</td>\n\n<td></td>\n\n</tr>\n\n<tr bgcolor=\"#D4E4F3\">\n\n<td>Pelaksana</td>\n\n<td></td>\n\n</tr>\n\n<tr>\n\n<td>Keterangan</td>\n\n<td>Reforestation/Expermental plot</td>\n\n</tr>\n\n<tr bgcolor=\"#D4E4F3\">\n\n<td>Jn_Bibit</td>\n\n<td>Hangkang/Jelotung/Jinjit/Kajalaki/KapurnagaJankar/Malam2/Mandarahan/Nyatoh/Tabaras/Rambutan</td>\n\n</tr>\n\n<tr>\n\n<td>Luas_Ha</td>\n\n<td>1.23645</td>\n\n</tr>\n\n<tr bgcolor=\"#D4E4F3\">\n\n<td>Kanal</td>\n\n<td>Ruslan</td>\n\n</tr>\n\n<tr>\n\n<td>Kawasan</td>\n\n<td>Laboratorium Alam Hutan Gambut CIMTROP-UPR</td>\n\n</tr>\n\n<tr bgcolor=\"#D4E4F3\">\n\n<td>Tahap</td>\n\n<td></td>\n\n</tr>\n\n<tr>\n\n<td>Zona</td>\n\n<td>Zona Rehabilitasi</td>\n\n</tr>\n\n<tr bgcolor=\"#D4E4F3\">\n\n<td>Resort</td>\n\n<td>Sebangau Hulu</td>\n\n</tr>\n\n<tr>\n\n<td>SPTN</td>\n\n<td>SPTN I Taman Nasional Sebangau</td>\n\n</tr>\n\n<tr bgcolor=\"#D4E4F3\">\n\n<td>Luas</td>\n\n<td>1.23644539866476</td>\n\n</tr>\n\n<tr>\n\n<td>Shape_Leng</td>\n\n<td>0.004283</td>\n\n</tr>\n\n</table>\n\n</td>\n\n</tr>\n\n</table>\n\n</body>\n\n</html>","timestamp":null,"begin":null,"end":null,"altitudeMode":null,"tessellate":-1,"extrude":0,"visibility":-1,"drawOrder":null,"icon":null,"snippet":""},"geometry":{"type":"MultiPolygon","coordinates":[[[[113.908080618126107,-2.314864122281392,0.0],[113.907533699920407,-2.315949029324202,0.0],[113.908453415892495,-2.315951261441512,0.0],[113.909007031349503,-2.314861890164025,0.0],[113.908080618126107,-2.314864122281392,0.0]]]]}},
{"type":"Feature","properties":{"id":"ID_00002","Name":"2017","description":"<html xmlns:fo=\"http://www.w3.org/1999/XSL/Format\" xmlns:msxsl=\"urn:schemas-microsoft-com:xslt\">\n\n<head>\n\n<META http-equiv=\"Content-Type\" content=\"text/html\">\n\n<meta http-equiv=\"content-type\" content=\"text/html; charset=UTF-8\">\n\n</head>\n\n<body style=\"margin:0px 0px 0px 0px;overflow:auto;background:#FFFFFF;\">\n\n<table style=\"font-family:Arial,Verdana,Times;font-size:12px;text-align:left;width:100%;border-collapse:collapse;padding:3px 3px 3px 3px\">\n\n<tr style=\"text-align:center;font-weight:bold;background:#9CBCE2\">\n\n<td>2017</td>\n\n</tr>\n\n<tr>\n\n<td>\n\n<table style=\"font-family:Arial,Verdana,Times;font-size:12px;text-align:left;width:100%;border-spacing:0px; padding:3px 3px 3px 3px\">\n\n<tr>\n\n<td>FID</td>\n\n<td>2</td>\n\n</tr>\n\n<tr bgcolor=\"#D4E4F3\">\n\n<td>OBJECTID_1</td>\n\n<td>3</td>\n\n</tr>\n\n<tr>\n\n<td>id</td>\n\n<td>1</td>\n\n</tr>\n\n<tr bgcolor=\"#D4E4F3\">\n\n<td>Year</td>\n\n<td>2017</td>\n\n</tr>\n\n<tr>\n\n<td>Provinsi</td>\n\n<td>Kalimantan Tengah</td>\n\n</tr>\n\n<tr bgcolor=\"#D4E4F3\">\n\n<td>Kab_Kota</td>\n\n<td>Palangka Raya</td>\n\n</tr>\n\n<tr>\n\n<td>Kecamatan</td>\n\n<td>Jekan Raya</td>\n\n</tr>\n\n<tr bgcolor=\"#D4E4F3\">\n\n<td>Desa_Kel</td>\n\n<td>Kereng Bangkirai</td>\n\n</tr>\n\n<tr>\n\n<td>Pelaksanaa</td>\n\n<td>12-14Okt17; 28-30Okt17; 11-15Nov17; 11-16Des17</td>\n\n</tr>\n\n<tr bgcolor=\"#D4E4F3\">\n\n<td>Jlh_Transk</td>\n\n<td>10</td>\n\n</tr>\n\n<tr>\n\n<td>M1</td>\n\n<td>Okt 17</td>\n\n</tr>\n\n<tr bgcolor=\"#D4E4F3\">\n\n<td>M2</td>\n\n<td>Okt 17</td>\n\n</tr>\n\n<tr>\n\n<td>M3</td>\n\n<td>Nov 17</td>\n\n</tr>\n\n<tr bgcolor=\"#D4E4F3\">\n\n<td>M4</td>\n\n<td>Des 17</td>\n\n</tr>\n\n<tr>\n\n<td>M5</td>\n\n<td></td>\n\n</tr>\n\n<tr bgcolor=\"#D4E4F3\">\n\n<td>Jlh_Bibit</td>\n\n<td>1000</td>\n\n</tr>\n\n<tr>\n\n<td>Sbr_Bibit</td>\n\n<td>CAMP</td>\n\n</tr>\n\n<tr bgcolor=\"#D4E4F3\">\n\n<td>Pelaksana</td>\n\n<td>BNF-Masyarakat</td>\n\n</tr>\n\n<tr>\n\n<td>Keterangan</td>\n\n<td>Areal Blok-A</td>\n\n</tr>\n\n<tr bgcolor=\"#D4E4F3\">\n\n<td>Jn_Bibit</td>\n\n<td>Prupuk; Balangeran; Tampohot; Patanak galeget</td>\n\n</tr>\n\n<tr>\n\n<td>Luas_Ha</td>\n\n<td>2.76656</td>\n\n</tr>\n\n<tr bgcolor=\"#D4E4F3\">\n\n<td>Kanal</td>\n\n<td>Ruslan</td>\n\n</tr>\n\n<tr>\n\n<td>Kawasan</td>\n\n<td>Laboratorium Alam Hutan Gambut CIMTROP-UPR</td>\n\n</tr>\n\n<tr bgcolor=\"#D4E4F3\">\n\n<td>Tahap</td>\n\n<td></td>\n\n</tr>\n\n<tr>\n\n<td>Zona</td>\n\n<td>Zona Rehabilitasi</td>\n\n</tr>\n\n<tr bgcolor=\"#D4E4F3\">\n\n<td>Resort</td>\n\n<td>Sebangau Hulu</td>\n\n</tr>\n\n<tr>\n\n<td>SPTN</td>\n\n<td>SPTN I Taman Nasional Sebangau</td>\n\n</tr>\n\n<tr bgcolor=\"#D4E4F3\">\n\n<td>Luas</td>\n\n<td>2.76655812172151</td>\n\n</tr>\n\n<tr>\n\n<td>Shape_Leng</td>\n\n<td>0.050745</td>\n\n</tr>\n\n</table>\n\n</td>\n\n</tr>\n\n</table>\n\n</body>\n\n</html>","timestamp":null,"begin":null,"end":null,"altitudeMode":null,"tessellate":-1,"extrude":0,"visibility":-1,"drawOrder":null,"icon":null,"snippet":""},"geometry":{"type":"MultiPolygon","coordinates":[[[[113.9157700599404,-2.335277299207917,0.0],[113.915773947709596,-2.335276784795724,0.0],[113.915777777022896,-2.33527593133914,0.0],[113.915781516403996,-2.335274745133347,0.0],[113.915785139772396,-2.335273235171599,0.0],[113.915788618350106,-2.335271414044485,0.0],[113.915791926056599,-2.335269294342424,0.0],[113.915795036811602,-2.33526689315255,0.0],[113.915797928131994,-2.335264227561993,0.0],[113.915800577534696,-2.335261319154483,0.0],[113.915802965234803,-2.335258189513809,0.0],[113.915805072346302,-2.335254862921545,0.0],[113.915806882681494,-2.335251363659438,0.0],[113.915808383650102,-2.335247719606514,0.0],[113.915809563560501,-2.335243956843101,0.0],[113.915810411621194,-2.33524010594607,0.0],[113.915810924234805,-2.335236194794504,0.0],[113.915811095106093,-2.335232253965273,0.0],[113.915810924234805,-2.335228313136099,0.0],[113.915810411621194,-2.335224401984533,0.0],[113.915809563560501,-2.335220551087502,0.0],[113.915808383650102,-2.33521678832409,0.0],[113.915806882681494,-2.335213144271165,0.0],[113.915805072346302,-2.335209645009058,0.0],[113.915802965234803,-2.335206318416795,0.0],[113.915800577534696,-2.33520318877612,0.0],[113.915797928131994,-2.33520028036861,0.0],[113.915795036811602,-2.335197614778053,0.0],[113.915792389207496,-2.335195544538692,0.0],[113.915655094207295,-2.335096219814659,0.0],[113.915651323349906,-2.335093769162086,0.0],[113.915647844772295,-2.335091948034915,0.0],[113.915644221403795,-2.335090438073223,0.0],[113.915643170096203,-2.335090068451848,0.0],[113.914824289709301,-2.334813176187083,0.0],[113.914004301357494,-2.334463960443372,0.0],[113.913263644901306,-2.334099985026228,0.0],[113.913259287686103,-2.334098122530293,0.0],[113.913255547405697,-2.334096936324499,0.0],[113.913251718991702,-2.334096082867859,0.0],[113.913247830323101,-2.334095567556346,0.0],[113.913243912876297,-2.334095395785823,0.0],[113.913239994530201,-2.334095567556346,0.0],[113.913236106761005,-2.334096082867859,0.0],[113.913232278346996,-2.334096936324499,0.0],[113.913228538066605,-2.334098122530293,0.0],[113.913224914698205,-2.334099632491984,0.0],[113.913221436120494,-2.334101453619155,0.0],[113.913218128414002,-2.334103573321215,0.0],[113.913215017658999,-2.33410597451109,0.0],[113.913212126338607,-2.33410863920227,0.0],[113.913209476935904,-2.33411154760978,0.0],[113.913207089235797,-2.334114677250511,0.0],[113.913204982124299,-2.334118004742095,0.0],[113.913203171789107,-2.334121503104825,0.0],[113.913201670820499,-2.334125148057069,0.0],[113.913200491809306,-2.334128909921219,0.0],[113.913199642849307,-2.334132761717512,0.0],[113.913199131135002,-2.334136671969816,0.0],[113.913198960263898,-2.33414061369831,0.0],[113.913199131135002,-2.334144554527541,0.0],[113.913199642849307,-2.334148465679107,0.0],[113.913200491809306,-2.33415231657608,0.0],[113.913201670820499,-2.33415607844023,0.0],[113.913203171789107,-2.334159723392474,0.0],[113.913204982124299,-2.334163221755205,0.0],[113.913207089235797,-2.334166549246788,0.0],[113.913209476935904,-2.33416967888752,0.0],[113.913212126338607,-2.334172587295029,0.0],[113.913215017658999,-2.334175251986267,0.0],[113.913218128414002,-2.334177653176084,0.0],[113.913221436120494,-2.334179772878144,0.0],[113.913224179951996,-2.334181241471072,0.0],[113.913965925487105,-2.33454575198482,0.0],[113.913968131524101,-2.33454676372213,0.0],[113.914790816043407,-2.334897127000772,0.0],[113.9147929672217,-2.334897978658717,0.0],[113.914794018529193,-2.334898349179412,0.0],[113.915608101033101,-2.335173618167914,0.0],[113.915739894880303,-2.335268963391911,0.0],[113.915743665737594,-2.335271414044485,0.0],[113.915747144315304,-2.335273235171599,0.0],[113.915750766784498,-2.335274745133347,0.0],[113.915754507064904,-2.33527593133914,0.0],[113.915758336378204,-2.335276784795724,0.0],[113.9157622241474,-2.335277299207917,0.0],[113.915766141594204,-2.33527747187776,0.0],[113.9157700599404,-2.335277299207917,0.0]]],[[[113.911660399208102,-2.331393690266566,0.0],[113.911659489993596,-2.331392902460436,0.0],[113.911656379238593,-2.331390500371242,0.0],[113.911653071532101,-2.331388381568502,0.0],[113.911649592954404,-2.331386559542068,0.0],[113.911645969585805,-2.331385050479639,0.0],[113.911643375941097,-2.331384189828441,0.0],[113.9114742296521,-2.331333730667097,0.0],[113.911469253703103,-2.331332551655862,0.0],[113.911465365934006,-2.331332036344349,0.0],[113.911461447587797,-2.331331864573826,0.0],[113.911457530141007,-2.331332036344349,0.0],[113.911453642371697,-2.331332551655862,0.0],[113.911449813058496,-2.331333405112503,0.0],[113.911446073677396,-2.331334591318296,0.0],[113.911442450308897,-2.331336100380668,0.0],[113.911438971731201,-2.331337922407158,0.0],[113.911435664024694,-2.331340042109218,0.0],[113.911432553269805,-2.331342443299093,0.0],[113.911429661949498,-2.331345107990273,0.0],[113.911427012546596,-2.331348016397783,0.0],[113.911424624846603,-2.331351146038514,0.0],[113.911422517735105,-2.331354473530098,0.0],[113.911420707399799,-2.331357971892828,0.0],[113.911419206431304,-2.331361616845072,0.0],[113.911418027419998,-2.331365378709222,0.0],[113.911417178460098,-2.331369229606196,0.0],[113.911416666745794,-2.331373140757819,0.0],[113.911416494975398,-2.331377081586993,0.0],[113.911416666745794,-2.331381023315544,0.0],[113.911417178460098,-2.33138493356779,0.0],[113.911418027419998,-2.331388785364084,0.0],[113.911419206431304,-2.331392547228234,0.0],[113.911420707399799,-2.331396192180478,0.0],[113.911422517735105,-2.331399690543265,0.0],[113.911424624846603,-2.331403018034791,0.0],[113.911427012546596,-2.331406147675523,0.0],[113.911429661949498,-2.331409056083032,0.0],[113.911432553269805,-2.33141172077427,0.0],[113.911435664024694,-2.331414121964087,0.0],[113.911438971731201,-2.331416241666147,0.0],[113.911442450308897,-2.331418062793318,0.0],[113.911446073677396,-2.33141957275501,0.0],[113.911448666422899,-2.331420433406208,0.0],[113.911608254717294,-2.331468040817356,0.0],[113.912000942789305,-2.331817873495993,0.0],[113.912001852003996,-2.331818662201442,0.0],[113.9120049627588,-2.331821063391317,0.0],[113.912008270465293,-2.331823183093377,0.0],[113.912011749043003,-2.331825004220548,0.0],[113.912015372411602,-2.331826514182239,0.0],[113.912019112691993,-2.331827700388033,0.0],[113.912022941105903,-2.331828553844616,0.0],[113.912026828875099,-2.331829068256866,0.0],[113.912030747221294,-2.331829240926652,0.0],[113.912034664668099,-2.331829068256866,0.0],[113.9120385533366,-2.331828553844616,0.0],[113.912042381750595,-2.331827700388033,0.0],[113.912046122030901,-2.331826514182239,0.0],[113.912048826292306,-2.331825422405245,0.0],[113.912416704767196,-2.331662873542712,0.0],[113.913190550703504,-2.331573276785264,0.0],[113.913254650781596,-2.331722168543195,0.0],[113.913279602471803,-2.331892537010901,0.0],[113.913279804819197,-2.331893798759779,0.0],[113.913280653779196,-2.331897650556073,0.0],[113.913281833689794,-2.331901412420223,0.0],[113.913283333758997,-2.331905056473147,0.0],[113.913285144993594,-2.331908555735197,0.0],[113.913287252105107,-2.33191188322678,0.0],[113.913289638905795,-2.331915011968192,0.0],[113.913292288308497,-2.331917920375702,0.0],[113.913295179628903,-2.331920585966202,0.0],[113.913298291283098,-2.331922987156076,0.0],[113.913301598989605,-2.331925106858137,0.0],[113.913305077567301,-2.331926927985307,0.0],[113.913308700036495,-2.331928437946999,0.0],[113.913310338601306,-2.331929001821948,0.0],[113.913738485143099,-2.332067218627174,0.0],[113.9137391947081,-2.332067441659035,0.0],[113.914028706259799,-2.332155619286368,0.0],[113.914033926824303,-2.332156872941312,0.0],[113.914037815492904,-2.332157387353504,0.0],[113.914041732939694,-2.332157560023347,0.0],[113.914045651285804,-2.332157387353504,0.0],[113.9140495390551,-2.332156872941312,0.0],[113.914053367468995,-2.332156018585351,0.0],[113.9140571077494,-2.332154832379558,0.0],[113.914060731117999,-2.332153323317186,0.0],[113.914064209695496,-2.332151501290696,0.0],[113.914067516502797,-2.332149382487955,0.0],[113.914070628157006,-2.332146980398761,0.0],[113.914073519477398,-2.332144315707581,0.0],[113.914076168880101,-2.332141407300071,0.0],[113.914078556580193,-2.33213827765934,0.0],[113.9140806627925,-2.332134951067076,0.0],[113.914082474027097,-2.332131451805026,0.0],[113.914083974995506,-2.332127807752101,0.0],[113.914085154006699,-2.332124044988632,0.0],[113.914086002966798,-2.332120194091658,0.0],[113.914086514681003,-2.332116282940035,0.0],[113.914086685552206,-2.332112342110861,0.0],[113.914086514681003,-2.33210840128163,0.0],[113.914086002966798,-2.332104490130064,0.0],[113.914085154006699,-2.33210063923309,0.0],[113.914083974995506,-2.33209687646962,0.0],[113.914082474027097,-2.332093232416696,0.0],[113.9140806627925,-2.332089733154589,0.0],[113.914078556580193,-2.332086406562382,0.0],[113.914076168880101,-2.332083276921651,0.0],[113.914073519477398,-2.332080368514141,0.0],[113.914070628157006,-2.332077702923584,0.0],[113.914067516502797,-2.332075301733767,0.0],[113.914064209695496,-2.33207318203165,0.0],[113.914060731117999,-2.332071360904536,0.0],[113.9140571077494,-2.332069850942844,0.0],[113.914054760518894,-2.332069064935354,0.0],[113.913765605098703,-2.331980995226729,0.0],[113.913364467895903,-2.33185149734868,0.0],[113.913342732181405,-2.331703084929359,0.0],[113.913342528934706,-2.331701823180538,0.0],[113.913341679974593,-2.331697971384244,0.0],[113.9133405009634,-2.331694209520094,0.0],[113.9133395099105,-2.331691705807543,0.0],[113.913259797601697,-2.331506549787377,0.0],[113.913257477350697,-2.331501910184954,0.0],[113.913255370239199,-2.33149858359269,0.0],[113.913252982539106,-2.331495453952016,0.0],[113.913250333136403,-2.331492545544506,0.0],[113.913247441815997,-2.331489879953949,0.0],[113.913244331060994,-2.331487478764075,0.0],[113.913241023354701,-2.331485359062015,0.0],[113.913237544777004,-2.331483537934901,0.0],[113.913233921408406,-2.331482027973152,0.0],[113.913230182027306,-2.331480841767359,0.0],[113.913226352714105,-2.331479988310775,0.0],[113.913222464944894,-2.331479472999206,0.0],[113.913218546598699,-2.33147930122874,0.0],[113.913213406973199,-2.331479598004989,0.0],[113.912399690493402,-2.331573810982547,0.0],[113.912397024902802,-2.331574201288333,0.0],[113.912393196488907,-2.331575054744917,0.0],[113.912389456208501,-2.33157624095071,0.0],[113.912386751947096,-2.331577332727647,0.0],[113.912039011091593,-2.331730983697867,0.0],[113.911660399208102,-2.331393690266566,0.0]]],[[[113.913698918570304,-2.329013389856016,0.0],[113.913545674093598,-2.328897328748667,0.0],[113.913500602770696,-2.328860334236992,0.0],[113.913499056836002,-2.328859120152231,0.0],[113.913095969003805,-2.32855674110067,0.0],[113.913095803528606,-2.328556616994206,0.0],[113.913091406743106,-2.328553704989474,0.0],[113.913087928165396,-2.328551883862303,0.0],[113.913084304796897,-2.328550373900612,0.0],[113.913080564516505,-2.328549187694819,0.0],[113.913076736102497,-2.328548334238178,0.0],[113.913072847433995,-2.328547818926666,0.0],[113.913068929987205,-2.328547647156142,0.0],[113.9130650125404,-2.328547818926666,0.0],[113.913061123871799,-2.328548334238178,0.0],[113.913057295457904,-2.328549187694819,0.0],[113.913053555177498,-2.328550373900612,0.0],[113.913049931808899,-2.328551883862303,0.0],[113.913046454130594,-2.328553704989474,0.0],[113.913043146424101,-2.328555824691534,0.0],[113.913040034769907,-2.328558225881352,0.0],[113.9130371434495,-2.328560891471909,0.0],[113.913034494046798,-2.328563799879419,0.0],[113.913032107246096,-2.32856692952015,0.0],[113.913030000134398,-2.328570256112357,0.0],[113.913028188899801,-2.328573755374464,0.0],[113.913026687931406,-2.328577399427388,0.0],[113.9130255089202,-2.328581162190858,0.0],[113.913024659960101,-2.328585013087832,0.0],[113.913024148245896,-2.328588924239398,0.0],[113.913023977374706,-2.328592865068629,0.0],[113.913024148245896,-2.328596805897803,0.0],[113.913024659960101,-2.328600717049426,0.0],[113.9130255089202,-2.3286045679464,0.0],[113.913026687931406,-2.328608330709869,0.0],[113.913028188899801,-2.328611974762794,0.0],[113.913030000134398,-2.328615474024843,0.0],[113.913032107246096,-2.328618800617107,0.0],[113.913034494046798,-2.328621930257839,0.0],[113.9130371434495,-2.328624838665348,0.0],[113.913040034769907,-2.328627503356529,0.0],[113.913041891869895,-2.328628988137268,0.0],[113.913042056445803,-2.328629113142995,0.0],[113.913490194017299,-2.328968512786616,0.0],[113.913770741126896,-2.329198789592397,0.0],[113.913773630648606,-2.329200973146328,0.0],[113.913776684746296,-2.329202915681947,0.0],[113.913780163324006,-2.329204736809118,0.0],[113.913783786692406,-2.329206246770809,0.0],[113.913787526073506,-2.329207432976602,0.0],[113.913791355386806,-2.329208286433243,0.0],[113.913795243156002,-2.329208801744755,0.0],[113.913799160602807,-2.329208973515279,0.0],[113.913803078948902,-2.329208801744755,0.0],[113.913806966718198,-2.329208286433243,0.0],[113.913810796031498,-2.329207432976602,0.0],[113.913814535412499,-2.329206246770809,0.0],[113.913818158781098,-2.329204736809118,0.0],[113.9138186983743,-2.329204454421983,0.0],[113.914299338343895,-2.329532569372532,0.0],[113.914900375052298,-2.329948316961236,0.0],[113.914902617062197,-2.329949740588006,0.0],[113.914899853445505,-2.329952287468018,0.0],[113.914897204042703,-2.329955195875527,0.0],[113.914894817242001,-2.329958325516259,0.0],[113.914892710130502,-2.329961652108523,0.0],[113.914891067069107,-2.329964792541091,0.0],[113.914850136224899,-2.330051104075153,0.0],[113.914849091212702,-2.330052508816209,0.0],[113.914847195441794,-2.330055528739592,0.0],[113.914845385106403,-2.330059028001699,0.0],[113.914843884137994,-2.330062672953943,0.0],[113.914842705126802,-2.330066434818093,0.0],[113.914841856166802,-2.330070285715067,0.0],[113.914841344452498,-2.330074196866633,0.0],[113.914841173581394,-2.330078137695864,0.0],[113.914841344452498,-2.330082079424358,0.0],[113.914841856166802,-2.330085989676661,0.0],[113.914842705126802,-2.330089841472955,0.0],[113.914843884137994,-2.330093603337104,0.0],[113.914845385106403,-2.330097247390029,0.0],[113.914847195441794,-2.330100746652079,0.0],[113.914849302553307,-2.330104074143662,0.0],[113.9148516902534,-2.330107203784394,0.0],[113.914854339656102,-2.330110112191903,0.0],[113.914857230976494,-2.330112776883084,0.0],[113.914860342630703,-2.330115178072958,0.0],[113.914863649438004,-2.330117297775018,0.0],[113.9148671280157,-2.330119118902189,0.0],[113.9148707513841,-2.330120628863881,0.0],[113.914874491664506,-2.330121815069674,0.0],[113.9148783200785,-2.330122668526258,0.0],[113.914882207847697,-2.330123183837827,0.0],[113.914886126193807,-2.33012335560835,0.0],[113.914890043640597,-2.330123183837827,0.0],[113.914893932309198,-2.330122668526258,0.0],[113.914897760723207,-2.330121815069674,0.0],[113.914901501003598,-2.330120628863881,0.0],[113.914905123472707,-2.330119118902189,0.0],[113.914908602050403,-2.330117297775018,0.0],[113.914911909756896,-2.330115178072958,0.0],[113.914915021411204,-2.330112776883084,0.0],[113.914917912731497,-2.330110112191903,0.0],[113.914920562134299,-2.330107203784394,0.0],[113.914921034278294,-2.330106628218289,0.0],[113.914923448058701,-2.330103635274497,0.0],[113.914925574955404,-2.330100774531047,0.0],[113.914927470726298,-2.330097753708344,0.0],[113.914929112888302,-2.330094613275719,0.0],[113.9149356167853,-2.330080993043339,0.0],[113.914937544032497,-2.330081304208761,0.0],[113.914994847034706,-2.330088955640747,0.0],[113.915054641158804,-2.330116679041453,0.0],[113.915120288070895,-2.33015082540021,0.0],[113.915120538981796,-2.330150954902592,0.0],[113.915202161450694,-2.330192761686533,0.0],[113.915259065153805,-2.330258197257933,0.0],[113.915262654348098,-2.33026187818308,0.0],[113.915339432169205,-2.330332117932869,0.0],[113.915340782950807,-2.330333305037925,0.0],[113.915343645492996,-2.330335529960678,0.0],[113.915346676208202,-2.330337515663757,0.0],[113.915432202634094,-2.330388750940074,0.0],[113.915498741673701,-2.330443675235358,0.0],[113.915502719374999,-2.330446606125918,0.0],[113.9155644938064,-2.330487090906445,0.0],[113.915633785670707,-2.330546553180852,0.0],[113.915634066259301,-2.330546791501206,0.0],[113.915637177014204,-2.330549193590343,0.0],[113.915640484720697,-2.330551312393084,0.0],[113.915643963298294,-2.330553134419574,0.0],[113.915647586666907,-2.330554643481946,0.0],[113.915649591255701,-2.330555324268744,0.0],[113.915783381597905,-2.33059724706527,0.0],[113.915828187620804,-2.33066823595027,0.0],[113.915829865755796,-2.330670709085894,0.0],[113.915831702171403,-2.330673065309668,0.0],[113.915833739135806,-2.330675345990358,0.0],[113.915835925387697,-2.33067748188023,0.0],[113.915884120955496,-2.330721486607274,0.0],[113.915885439361503,-2.330722644034722,0.0],[113.915888550116506,-2.330725045224597,0.0],[113.915891857822999,-2.330727164926657,0.0],[113.915895336400695,-2.330728986053828,0.0],[113.915898958869903,-2.330730496015519,0.0],[113.915902699150294,-2.330731682221312,0.0],[113.915906528463594,-2.330732535677953,0.0],[113.915909696775202,-2.330732981741676,0.0],[113.9159128893684,-2.330733199377619,0.0],[113.915965289266794,-2.33073489370031,0.0],[113.916015539785306,-2.330784741322702,0.0],[113.916018208973199,-2.330787184780718,0.0],[113.916022488846806,-2.3307903818706,0.0],[113.9160955794475,-2.330838494700743,0.0],[113.916097718035303,-2.330839817603476,0.0],[113.916101196612999,-2.33084163873059,0.0],[113.916104819082193,-2.330843148692338,0.0],[113.916108559362598,-2.330844334898075,0.0],[113.916112387776494,-2.330845188354715,0.0],[113.916116276445095,-2.330845703666228,0.0],[113.916120193891899,-2.330845875436751,0.0],[113.916124112238094,-2.330845703666228,0.0],[113.916128000007205,-2.330845188354715,0.0],[113.9161318284212,-2.330844334898075,0.0],[113.916135568701606,-2.330843148692338,0.0],[113.9161400095538,-2.330841245726845,0.0],[113.9161885315756,-2.330817276096354,0.0],[113.916201445840102,-2.330829826135528,0.0],[113.916203784077396,-2.330831944038948,0.0],[113.916206894832399,-2.330834345228823,0.0],[113.916210202538906,-2.330836464930883,0.0],[113.916213681116602,-2.330838286057997,0.0],[113.916217304485002,-2.330839796019745,0.0],[113.916221044765507,-2.330840982225482,0.0],[113.916224873179402,-2.330841835682122,0.0],[113.916225727535306,-2.330841978674357,0.0],[113.916310385216207,-2.330855306627029,0.0],[113.916313850303993,-2.330855714919267,0.0],[113.916317336076304,-2.330855850716887,0.0],[113.916321253523094,-2.330855678946364,0.0],[113.916325142191596,-2.330855163634851,0.0],[113.916328970605605,-2.330854310178211,0.0],[113.916332710885996,-2.330853123972474,0.0],[113.916336334254495,-2.330851614010726,0.0],[113.9163398119329,-2.330849792883612,0.0],[113.916343119639393,-2.330847673181552,0.0],[113.916346231293602,-2.330845271991677,0.0],[113.916349122613994,-2.33084260640112,0.0],[113.916351772016696,-2.330839697993611,0.0],[113.916354158817398,-2.330836569252199,0.0],[113.916356265928997,-2.330833241760672,0.0],[113.916358077163594,-2.330829742498565,0.0],[113.916359578132102,-2.330826098445641,0.0],[113.916360757143295,-2.330822336581548,0.0],[113.916361606103393,-2.330818484785198,0.0],[113.916362117817599,-2.330814573633631,0.0],[113.916362288688802,-2.3308106328044,0.0],[113.916362117817599,-2.330806691975226,0.0],[113.916361606103393,-2.330802780823603,0.0],[113.916360757143295,-2.33079892992663,0.0],[113.916359578132102,-2.330795168062537,0.0],[113.916358077163594,-2.330791523110236,0.0],[113.916356265928997,-2.330788023848186,0.0],[113.916354158817398,-2.330784697255922,0.0],[113.916351772016696,-2.33078156761519,0.0],[113.916349122613994,-2.330778659207681,0.0],[113.916346231293602,-2.3307759945165,0.0],[113.916343119639393,-2.330773592427306,0.0],[113.9163398119329,-2.330771473624566,0.0],[113.916336334254495,-2.330769651598075,0.0],[113.916332710885996,-2.330768142535703,0.0],[113.916328970605605,-2.33076695632991,0.0],[113.916325142191596,-2.330766101974007,0.0],[113.916324286936401,-2.330765958981772,0.0],[113.916253682061907,-2.330754843361262,0.0],[113.916228288804504,-2.330730166863646,0.0],[113.9162259514666,-2.330728048960225,0.0],[113.916222839812207,-2.330725647770407,0.0],[113.9162195321057,-2.33072352806829,0.0],[113.916216053528203,-2.330721706941176,0.0],[113.916212431058895,-2.330720196979485,0.0],[113.916208690778504,-2.330719010773691,0.0],[113.916204862364594,-2.330718157317051,0.0],[113.916200973695993,-2.330717642005538,0.0],[113.916197056249203,-2.330717470235015,0.0],[113.916193137903093,-2.330717642005538,0.0],[113.916189250133797,-2.330718157317051,0.0],[113.916185421719902,-2.330719010773691,0.0],[113.916181681439497,-2.330720196979485,0.0],[113.916177239687997,-2.330722100844241,0.0],[113.916123372995301,-2.330748710884279,0.0],[113.916075473304502,-2.330717181552643,0.0],[113.916015886923702,-2.330658072711856,0.0],[113.916013217735895,-2.33065562925384,0.0],[113.916010106980906,-2.330653228063966,0.0],[113.916006799274399,-2.330651108361906,0.0],[113.916003320696703,-2.330649287234792,0.0],[113.915999697328203,-2.330647777273043,0.0],[113.915995957947203,-2.33064659106725,0.0],[113.915992128633903,-2.330645737610666,0.0],[113.915988959423004,-2.330645291546944,0.0],[113.915985766829706,-2.330645073911001,0.0],[113.915932303932806,-2.330643344514669,0.0],[113.915900839352304,-2.330614616571268,0.0],[113.915850444042803,-2.330534772062038,0.0],[113.915848766807201,-2.330532298926414,0.0],[113.915846929492304,-2.33052994270264,0.0],[113.915844280089502,-2.33052703429513,0.0],[113.915841388769095,-2.33052436960395,0.0],[113.915838278014206,-2.330521967514755,0.0],[113.915834970307699,-2.330519848712015,0.0],[113.915831491730003,-2.330518026685525,0.0],[113.915827868361504,-2.330516517623153,0.0],[113.915825863772596,-2.330515835937035,0.0],[113.915685127066993,-2.330471737680512,0.0],[113.915620638481798,-2.330416396999055,0.0],[113.915620357893303,-2.330416157779439,0.0],[113.915616001577305,-2.330412910327482,0.0],[113.915553865618406,-2.33037218902524,0.0],[113.915486623309107,-2.330316684667196,0.0],[113.915483937933502,-2.330314633313606,0.0],[113.915481108666299,-2.330312789703441,0.0],[113.915396571494597,-2.330262147979681,0.0],[113.915325044815106,-2.330196711508961,0.0],[113.915264122041705,-2.330126654321589,0.0],[113.915261745133506,-2.330124124528652,0.0],[113.915259182065697,-2.330121786291329,0.0],[113.915256070411402,-2.330119385101511,0.0],[113.9152527636043,-2.330117265399451,0.0],[113.915250684371699,-2.330116130454996,0.0],[113.915161459034195,-2.330070429606621,0.0],[113.915095031510504,-2.330035877653586,0.0],[113.915093201390206,-2.330034977432206,0.0],[113.915026313413705,-2.330003965210778,0.0],[113.915022870808897,-2.330002538885992,0.0],[113.915019130528506,-2.330001352680256,0.0],[113.915015302114497,-2.330000499223615,0.0],[113.915013410840302,-2.330000205145325,0.0],[113.914980352661203,-2.329995791272722,0.0],[113.914975471141105,-2.32997422283205,0.0],[113.914973882039106,-2.329968795423497,0.0],[113.914972381070598,-2.329965151370573,0.0],[113.914970569836001,-2.329961652108523,0.0],[113.914968462724502,-2.329958325516259,0.0],[113.9149660759238,-2.329955195875527,0.0],[113.914963426520998,-2.329952287468018,0.0],[113.914960535200606,-2.329949621877518,0.0],[113.914957423546298,-2.329947220687643,0.0],[113.914954865874407,-2.329945582122889,0.0],[113.914957632189001,-2.329943032544861,0.0],[113.914960281591803,-2.329940124137352,0.0],[113.914962669291896,-2.329936994496677,0.0],[113.914964775504004,-2.329933667005093,0.0],[113.914966586738601,-2.329930168642306,0.0],[113.914968087707194,-2.329926523690062,0.0],[113.914969266718302,-2.329922761825969,0.0],[113.914970115678301,-2.329918910029619,0.0],[113.914970627392606,-2.329914999777372,0.0],[113.914970798263795,-2.329911058048822,0.0],[113.914970627392606,-2.329907117219648,0.0],[113.914970115678301,-2.329903206068082,0.0],[113.914969266718302,-2.329899355171051,0.0],[113.914968087707194,-2.329895593306958,0.0],[113.914966586738601,-2.329891948354714,0.0],[113.914964775504004,-2.329888449991927,0.0],[113.914962669291896,-2.329885122500343,0.0],[113.914960281591803,-2.329881992859612,0.0],[113.914957632189001,-2.329879084452159,0.0],[113.914954740868694,-2.329876419760922,0.0],[113.914951317149601,-2.329873800035784,0.0],[113.914350167126599,-2.329457974206093,0.0],[113.914349938698805,-2.329457817724062,0.0],[113.913698918570304,-2.329013389856016,0.0]]],[[[113.916045115789501,-2.327930948754215,0.0],[113.916040157827098,-2.327929775138955,0.0],[113.916036270057901,-2.327929259827442,0.0],[113.916032351711706,-2.327929088056919,0.0],[113.916028910905496,-2.327929220257261,0.0],[113.916025490783795,-2.327929617757604,0.0],[113.915656321781896,-2.327986963927174,0.0],[113.915655376594401,-2.327987121308581,0.0],[113.915651548180406,-2.327987975664485,0.0],[113.9156478079001,-2.327989161870278,0.0],[113.915644184531502,-2.32799067093265,0.0],[113.915640705953905,-2.32799249295914,0.0],[113.915637399146704,-2.327994611761881,0.0],[113.915634287492495,-2.327997013851075,0.0],[113.915631396172103,-2.327999678542255,0.0],[113.9156287467694,-2.328002586949765,0.0],[113.915626359968698,-2.328005716590496,0.0],[113.915624252857,-2.32800904318276,0.0],[113.915622441622403,-2.32801254244481,0.0],[113.915620940653994,-2.328016186497734,0.0],[113.915619761642802,-2.328019949261204,0.0],[113.915618912682703,-2.328023800158178,0.0],[113.915618400968498,-2.328027711309801,0.0],[113.915618230097294,-2.328031652138975,0.0],[113.915618400968498,-2.328035592968206,0.0],[113.915618912682703,-2.328039504119772,0.0],[113.915619761642802,-2.328043355916122,0.0],[113.915620940653994,-2.328047117780216,0.0],[113.915622441622403,-2.32805076183314,0.0],[113.915624252857,-2.328054261095247,0.0],[113.915626359968698,-2.328057587687454,0.0],[113.9156287467694,-2.328060717328185,0.0],[113.915631396172103,-2.328063625735695,0.0],[113.915634287492495,-2.328066291326252,0.0],[113.915637399146704,-2.328068692516126,0.0],[113.915640705953905,-2.328070812218186,0.0],[113.915644184531502,-2.3280726333453,0.0],[113.9156478079001,-2.328074143307049,0.0],[113.915651548180406,-2.328075329512785,0.0],[113.915655376594401,-2.328076182969426,0.0],[113.915659264363597,-2.328076698280938,0.0],[113.915663182709693,-2.328076870051461,0.0],[113.915666622616598,-2.3280767369518,0.0],[113.915670043637604,-2.328076340350776,0.0],[113.916029251748697,-2.328020541015121,0.0],[113.916353336837105,-2.32811707694151,0.0],[113.916995495046095,-2.328416750832332,0.0],[113.916999038374996,-2.328418223022538,0.0],[113.917002778655402,-2.328419409228331,0.0],[113.917006607069297,-2.328420262684915,0.0],[113.917010495737799,-2.328420777996485,0.0],[113.917014413184702,-2.328420949766951,0.0],[113.917018331530798,-2.328420777996485,0.0],[113.917022219300094,-2.328420262684915,0.0],[113.9170254415709,-2.328419568408322,0.0],[113.917217480102593,-2.3283706857585,0.0],[113.917678171310598,-2.328363598201463,0.0],[113.917681744317093,-2.328363399451291,0.0],[113.917685290343897,-2.328362916515346,0.0],[113.917689118757806,-2.328362062159385,0.0],[113.917692859038297,-2.328360875953592,0.0],[113.917696482406797,-2.32835936689122,0.0],[113.917699960984507,-2.32835754486473,0.0],[113.917703267791595,-2.328355426061989,0.0],[113.917706379445903,-2.328353023972852,0.0],[113.917709270766295,-2.328350359281615,0.0],[113.917711920168998,-2.328347450874105,0.0],[113.9177143069697,-2.328344321233374,0.0],[113.917716414081298,-2.328340994641167,0.0],[113.917718225315895,-2.32833749537906,0.0],[113.917719726284403,-2.328333851326136,0.0],[113.917720905295596,-2.328330088562666,0.0],[113.917721754255595,-2.328326237665692,0.0],[113.9177222659698,-2.328322326514126,0.0],[113.917722436841004,-2.328318385684895,0.0],[113.9177222659698,-2.328314444855721,0.0],[113.917721754255595,-2.328310533704098,0.0],[113.917720905295596,-2.328306682807124,0.0],[113.917719726284403,-2.328302920043654,0.0],[113.917718225315895,-2.32829927599073,0.0],[113.917716414081298,-2.32829577672868,0.0],[113.9177143069697,-2.328292450136416,0.0],[113.917711920168998,-2.328289320495685,0.0],[113.917709270766295,-2.328286412088175,0.0],[113.917706379445903,-2.328283746497675,0.0],[113.917703267791595,-2.328281345307801,0.0],[113.917699960984507,-2.328279225605741,0.0],[113.917696482406797,-2.32827740447857,0.0],[113.917692859038297,-2.328275894516878,0.0],[113.917689118757806,-2.328274708311085,0.0],[113.917685290343897,-2.328273854854444,0.0],[113.9176814025748,-2.328273339542932,0.0],[113.917677484228506,-2.328273167772409,0.0],[113.917676797146598,-2.328273173168384,0.0],[113.917210854797204,-2.328280341664367,0.0],[113.917207282690001,-2.32828053951522,0.0],[113.917203736663197,-2.328281023350485,0.0],[113.917200514392306,-2.328281717627135,0.0],[113.917018855835593,-2.328327958068769,0.0],[113.916388181969097,-2.328033644137292,0.0],[113.916384637740904,-2.328032171947143,0.0],[113.916382027009007,-2.328031305900026,0.0],[113.916045115789501,-2.327930948754215,0.0]]],[[[113.915671373734995,-2.327909555681401,0.0],[113.915675261504106,-2.327909041269209,0.0],[113.9156790899182,-2.327908187812568,0.0],[113.915682830198506,-2.327907001606775,0.0],[113.915686453567005,-2.327905491645083,0.0],[113.915689932144701,-2.327903670517912,0.0],[113.915693238951903,-2.327901550815852,0.0],[113.915696350606098,-2.327899149626035,0.0],[113.915699241926504,-2.327896484035477,0.0],[113.915701891329306,-2.327893575627968,0.0],[113.915704279029299,-2.327890445987236,0.0],[113.915706386140897,-2.327887119394973,0.0],[113.915708196476203,-2.327883620132923,0.0],[113.915709697444598,-2.327879976079998,0.0],[113.915710876455805,-2.327876213316529,0.0],[113.915711725415804,-2.327872362419555,0.0],[113.915712237130194,-2.327868451267989,0.0],[113.915712408001198,-2.327864510438758,0.0],[113.915712237130194,-2.327860569609527,0.0],[113.915711725415804,-2.327856658457961,0.0],[113.915710876455805,-2.327852807560987,0.0],[113.915709697444598,-2.327849044797517,0.0],[113.915708196476203,-2.327845400744593,0.0],[113.915706386140897,-2.327841901482543,0.0],[113.915704279029299,-2.327838574890279,0.0],[113.915701891329306,-2.327835445249548,0.0],[113.915699241926504,-2.327832536842038,0.0],[113.915696350606098,-2.327829871251538,0.0],[113.915693238951903,-2.327827470061663,0.0],[113.915689932144701,-2.327825350359603,0.0],[113.915686453567005,-2.327823529232433,0.0],[113.915682830198506,-2.327822019270741,0.0],[113.915680836401506,-2.327821342081222,0.0],[113.915418610280696,-2.327739098180814,0.0],[113.915109218315806,-2.327643600072065,0.0],[113.915108967405004,-2.327643523629661,0.0],[113.914693307949804,-2.327517891037814,0.0],[113.914692799832906,-2.327517740851022,0.0],[113.914289390942699,-2.327401002554154,0.0],[113.913937458346993,-2.327301108559254,0.0],[113.913563817016595,-2.327162253235372,0.0],[113.913563061586004,-2.327161982539394,0.0],[113.913167496582801,-2.327024071503672,0.0],[113.913164073762999,-2.327023029189377,0.0],[113.913160580796202,-2.327022264765674,0.0],[113.913156122856904,-2.327021703588684,0.0],[113.913136505045699,-2.327020229599896,0.0],[113.913133157768996,-2.327020103694792,0.0],[113.913129239422901,-2.327020276364635,0.0],[113.913125351653704,-2.327020790776828,0.0],[113.913121522340504,-2.327021645132788,0.0],[113.913117782959404,-2.327022831338525,0.0],[113.913114159590805,-2.327024340400953,0.0],[113.913110681013194,-2.327026162427387,0.0],[113.913107373306701,-2.327028281230128,0.0],[113.913104262551798,-2.327030683319322,0.0],[113.913101371231406,-2.327033348010559,0.0],[113.913098721828604,-2.327036256418069,0.0],[113.913096334128596,-2.3270393860588,0.0],[113.913094227016998,-2.327042712651007,0.0],[113.913092416681707,-2.327046211913114,0.0],[113.913090915713298,-2.327049855966038,0.0],[113.913089736702105,-2.327053618729451,0.0],[113.913088887742006,-2.327057469626482,0.0],[113.913088376027801,-2.327061380778048,0.0],[113.913088205156598,-2.327065321607279,0.0],[113.913088376027801,-2.327069262436453,0.0],[113.913088887742006,-2.327073173588019,0.0],[113.913089736702105,-2.327077025384369,0.0],[113.913090915713298,-2.327080787248462,0.0],[113.913092416681707,-2.327084431301444,0.0],[113.913094227016998,-2.327087930563494,0.0],[113.913096334128596,-2.327091257155757,0.0],[113.913098721828604,-2.327094386796489,0.0],[113.913101371231406,-2.327097295203941,0.0],[113.913104262551798,-2.327099960794499,0.0],[113.913107373306701,-2.327102361984373,0.0],[113.913110681013194,-2.327104481686433,0.0],[113.913114159590805,-2.327106302813604,0.0],[113.913117782959404,-2.327107812775296,0.0],[113.913121522340504,-2.327108998981089,0.0],[113.913125351653704,-2.327109852437673,0.0],[113.913129809593102,-2.327110413614662,0.0],[113.913143587206804,-2.327111448734343,0.0],[113.913533188805701,-2.327247280537506,0.0],[113.913908066703897,-2.327386595415021,0.0],[113.913911335739598,-2.32738766021231,0.0],[113.914264754914598,-2.327487975989243,0.0],[113.9146676898621,-2.327604578488433,0.0],[113.9150829707025,-2.327730095967127,0.0],[113.915392042508898,-2.327825494251101,0.0],[113.915654074376107,-2.327907678796294,0.0],[113.915656840690801,-2.327908449515292,0.0],[113.915659649273493,-2.327909041269209,0.0],[113.915663537941995,-2.327909555681401,0.0],[113.915667455388899,-2.327909728351244,0.0],[113.915671373734995,-2.327909555681401,0.0]]],[[[113.916257478100206,-2.325539910438465,0.0],[113.915677275086196,-2.325294239037873,0.0],[113.9150211872781,-2.324944517875167,0.0],[113.915018393983701,-2.324943150905654,0.0],[113.915015513455302,-2.324941981786992,0.0],[113.915011332507106,-2.32494067866935,0.0],[113.9148432465187,-2.324897208139589,0.0],[113.914839858772595,-2.324896470695535,0.0],[113.914835970103994,-2.324895956283285,0.0],[113.914832052657204,-2.324895783613499,0.0],[113.9148281352103,-2.324895956283285,0.0],[113.914824246541798,-2.324896470695535,0.0],[113.914820418127903,-2.324897325051438,0.0],[113.914816677847497,-2.324898511257231,0.0],[113.914813054478898,-2.32490002031966,0.0],[113.914809576800593,-2.324901842346094,0.0],[113.9148062690941,-2.324903961148834,0.0],[113.914803157439806,-2.324906363238028,0.0],[113.9148002661194,-2.324909027929266,0.0],[113.914797616716697,-2.324911936336719,0.0],[113.914795229915995,-2.32491506597745,0.0],[113.914793122804397,-2.324918392569714,0.0],[113.9147913115698,-2.324921891831821,0.0],[113.914789811500697,-2.324925535884745,0.0],[113.914788631590099,-2.324929298648158,0.0],[113.9147877826301,-2.324933149545188,0.0],[113.914787270915895,-2.324937060696755,0.0],[113.914787100044705,-2.324941001525929,0.0],[113.914787270915895,-2.32494494235516,0.0],[113.9147877826301,-2.324948853506726,0.0],[113.914788631590099,-2.324952705303076,0.0],[113.914789811500697,-2.324956467167169,0.0],[113.9147913115698,-2.324960111220093,0.0],[113.914793122804397,-2.3249636104822,0.0],[113.914795229915995,-2.324966937074464,0.0],[113.914797616716697,-2.324970066715139,0.0],[113.9148002661194,-2.324972975122648,0.0],[113.914803157439806,-2.324975640713205,0.0],[113.9148062690941,-2.32497804190308,0.0],[113.914809576800593,-2.32498016160514,0.0],[113.914813054478898,-2.324981982732254,0.0],[113.914816677847497,-2.324983492694003,0.0],[113.914820858795693,-2.324984794912325,0.0],[113.914983791668803,-2.325026932646779,0.0],[113.915636944989004,-2.325375088989119,0.0],[113.915640553069096,-2.325376810291516,0.0],[113.916223795791595,-2.325623769521314,0.0],[113.916225860634995,-2.325624584307093,0.0],[113.916226217665894,-2.325624712910098,0.0],[113.916854060466605,-2.325848568556523,0.0],[113.9168576262784,-2.32584967472269,0.0],[113.916861272130106,-2.325850479615895,0.0],[113.916865160798594,-2.325850994927407,0.0],[113.916869078245398,-2.32585116669793,0.0],[113.916872995692302,-2.325850994927407,0.0],[113.916876884360804,-2.325850479615895,0.0],[113.916879535562202,-2.325849888761297,0.0],[113.916892058621698,-2.325863122285227,0.0],[113.916895724258296,-2.325866585574431,0.0],[113.916898835013299,-2.325868986764306,0.0],[113.916902142719806,-2.325871106466366,0.0],[113.916905621297502,-2.32587292759348,0.0],[113.916909244665902,-2.325874437555228,0.0],[113.916910029774201,-2.325874716345027,0.0],[113.917298506321103,-2.326008794470226,0.0],[113.918065667596593,-2.326287708410973,0.0],[113.918856393807602,-2.326594232437856,0.0],[113.918857184311705,-2.326594530113425,0.0],[113.918859698816206,-2.326595367382254,0.0],[113.9194232149096,-2.326764598207603,0.0],[113.919428269099399,-2.326765800601152,0.0],[113.919432156868695,-2.326766315912721,0.0],[113.919436075214804,-2.326766487683187,0.0],[113.919439992661594,-2.326766315912721,0.0],[113.919443881330196,-2.326765800601152,0.0],[113.919447709744105,-2.326764947144568,0.0],[113.919451450024397,-2.326763760938775,0.0],[113.919455072493605,-2.326762250977026,0.0],[113.919458551071301,-2.326760429849912,0.0],[113.919461858777794,-2.326758310147852,0.0],[113.919464969532797,-2.326755908957978,0.0],[113.919467860853203,-2.326753243367421,0.0],[113.919470510255906,-2.326750334959968,0.0],[113.919472897955998,-2.326747206218556,0.0],[113.919475005067497,-2.326743878726973,0.0],[113.919476816302094,-2.326740379464866,0.0],[113.919478316371297,-2.326736735411941,0.0],[113.919479496281795,-2.326732973547848,0.0],[113.919480344342404,-2.326729121751498,0.0],[113.919480856956099,-2.326725210599932,0.0],[113.919481027827302,-2.326721269770758,0.0],[113.919480856956099,-2.326717328941527,0.0],[113.919480344342404,-2.326713417789961,0.0],[113.919479496281795,-2.32670956689293,0.0],[113.919478316371297,-2.326705805028837,0.0],[113.919476816302094,-2.326702160076593,0.0],[113.919475005067497,-2.326698660814486,0.0],[113.919472897955998,-2.326695334222222,0.0],[113.919470510255906,-2.326692204581548,0.0],[113.919467860853203,-2.326689296174038,0.0],[113.919464969532797,-2.326686631482801,0.0],[113.919461858777794,-2.326684229393607,0.0],[113.919458551071301,-2.326682110590866,0.0],[113.919455072493605,-2.326680288564432,0.0],[113.919451450024397,-2.326678779502004,0.0],[113.919448934620704,-2.326677942233175,0.0],[113.918887093064995,-2.326509214128862,0.0],[113.918097556657003,-2.326203152353571,0.0],[113.918096719388103,-2.326202836691493,0.0],[113.917328721743203,-2.325923618779939,0.0],[113.917328031063803,-2.325923374164347,0.0],[113.916949602642106,-2.32579276382495,0.0],[113.916922045615905,-2.325763641978426,0.0],[113.916921707470905,-2.325763323618446,0.0],[113.916921271299699,-2.32576284427978,0.0],[113.916918379979293,-2.325760179588542,0.0],[113.916915268325099,-2.325757777499405,0.0],[113.916911961517798,-2.325755658696664,0.0],[113.916908482940201,-2.325753836670174,0.0],[113.916904859571702,-2.325752327607802,0.0],[113.916901119291296,-2.325751141402009,0.0],[113.916897290877401,-2.325750287046048,0.0],[113.916893403108105,-2.325749772633856,0.0],[113.916889484761995,-2.325749599964013,0.0],[113.916885567315106,-2.325749772633856,0.0],[113.916881678646604,-2.325750287046048,0.0],[113.916877850232694,-2.325751141402009,0.0],[113.916874109952204,-2.325752327607802,0.0],[113.916871033371507,-2.325753584860024,0.0],[113.916870737494605,-2.325753732348801,0.0],[113.916870487482996,-2.325753836670174,0.0],[113.916869682589905,-2.325754258452207,0.0],[113.916868056615598,-2.325755067842067,0.0],[113.916865238140304,-2.325756605682784,0.0],[113.916257478100206,-2.325539910438465,0.0]]],[[[113.919574952122403,-2.32508314387195,0.0],[113.919578839891599,-2.325082628560438,0.0],[113.919582668305594,-2.325081775103797,0.0],[113.9195864085859,-2.325080588898004,0.0],[113.919590031954499,-2.325079078936312,0.0],[113.919593510532195,-2.325077257809141,0.0],[113.919596818238702,-2.325075138107081,0.0],[113.919599928993506,-2.325072736917207,0.0],[113.919602820313898,-2.325070072226026,0.0],[113.919605469716799,-2.325067163818517,0.0],[113.919607857416693,-2.325064034177785,0.0],[113.919609964528306,-2.325060706686202,0.0],[113.919611774863597,-2.325057207424152,0.0],[113.919613275832006,-2.325053563371227,0.0],[113.919614454843298,-2.325049801507078,0.0],[113.919615303803297,-2.325045949710784,0.0],[113.919615815517503,-2.325042039458481,0.0],[113.919615986388706,-2.325038097729987,0.0],[113.919615815517503,-2.325034156900756,0.0],[113.919615303803297,-2.32503024574919,0.0],[113.919614454843298,-2.325026394852216,0.0],[113.919613275832006,-2.325022632988066,0.0],[113.919611774863597,-2.325018988035822,0.0],[113.919609964528306,-2.325015488773715,0.0],[113.919607857416693,-2.325012162181508,0.0],[113.919605469716799,-2.325009032540777,0.0],[113.919602840099103,-2.325006143918358,0.0],[113.919599971261704,-2.325003494515613,0.0],[113.919020015561401,-2.324512763253381,0.0],[113.919016883222596,-2.324510344077055,0.0],[113.919013575516104,-2.324508224374995,0.0],[113.919012473846706,-2.324507604742109,0.0],[113.918321415900706,-2.324131884179053,0.0],[113.918230880251002,-2.323850575343727,0.0],[113.918230354147596,-2.32384903660369,0.0],[113.918228853179102,-2.323845392550766,0.0],[113.918227042843796,-2.323841893288716,0.0],[113.918224935732297,-2.323838566696452,0.0],[113.918222548032205,-2.32383543705572,0.0],[113.918219898629403,-2.323832528648211,0.0],[113.918217007309096,-2.323829863057711,0.0],[113.918213896554093,-2.323827461867836,0.0],[113.9182105888476,-2.323825342165776,0.0],[113.918207110270004,-2.323823521038605,0.0],[113.918203487800795,-2.323822011076913,0.0],[113.918199747520404,-2.32382082487112,0.0],[113.918195919106395,-2.32381997141448,0.0],[113.918192030437893,-2.323819457002287,0.0],[113.918188112991103,-2.323819284332444,0.0],[113.918184194644894,-2.323819457002287,0.0],[113.918180306875698,-2.32381997141448,0.0],[113.918176478461803,-2.32382082487112,0.0],[113.918172738181397,-2.323822011076913,0.0],[113.918169114812798,-2.323823521038605,0.0],[113.918165636235102,-2.323825342165776,0.0],[113.918162329428,-2.323827461867836,0.0],[113.918159217773805,-2.323829863057711,0.0],[113.918156326453399,-2.323832528648211,0.0],[113.918153677050697,-2.32383543705572,0.0],[113.918151290249895,-2.323838566696452,0.0],[113.918149183138297,-2.323841893288716,0.0],[113.9181473719037,-2.323845392550766,0.0],[113.918145870935305,-2.32384903660369,0.0],[113.918144691923999,-2.32385279936716,0.0],[113.918143842964,-2.323856650264133,0.0],[113.918143331249794,-2.323860561415756,0.0],[113.918143160378605,-2.32386450224493,0.0],[113.918143331249794,-2.323868443074161,0.0],[113.918143842964,-2.323872354225728,0.0],[113.918144489576505,-2.323875418215948,0.0],[113.918145345731205,-2.323878429146134,0.0],[113.918241429298604,-2.324176975287116,0.0],[113.918241955401996,-2.324178514027153,0.0],[113.918243455471199,-2.324182158080077,0.0],[113.918245266705796,-2.324185657342184,0.0],[113.918247373817294,-2.324188983934391,0.0],[113.918249760617996,-2.324192113575123,0.0],[113.918252410020699,-2.324195021982632,0.0],[113.918255301341105,-2.324197687573189,0.0],[113.918258412995399,-2.324200088763064,0.0],[113.918261720701906,-2.324202208465124,0.0],[113.918262822371403,-2.32420282719869,0.0],[113.918965680322003,-2.324584964424503,0.0],[113.919542117874499,-2.325072718930812,0.0],[113.919545250213204,-2.325075138107081,0.0],[113.919548557919697,-2.325077257809141,0.0],[113.919552036497294,-2.325079078936312,0.0],[113.919555659865907,-2.325080588898004,0.0],[113.919559399247007,-2.325081775103797,0.0],[113.919563228560307,-2.325082628560438,0.0],[113.919567116329404,-2.32508314387195,0.0],[113.919571033776293,-2.325083315642473,0.0],[113.919574952122403,-2.32508314387195,0.0]]],[[[113.918077719411301,-2.324014012736427,0.0],[113.918081607180497,-2.324013498324234,0.0],[113.918085436493797,-2.324012643968274,0.0],[113.918089176774203,-2.324011457762538,0.0],[113.918092799243396,-2.324009948700109,0.0],[113.918096277821107,-2.324008127572995,0.0],[113.9180995855276,-2.324006007870935,0.0],[113.918102696282503,-2.32400360668106,0.0],[113.918105587602895,-2.324000941090503,0.0],[113.918108237005598,-2.323998032682994,0.0],[113.918110624705605,-2.323994903042319,0.0],[113.918112731817104,-2.323991576450055,0.0],[113.918114542152495,-2.323988077187948,0.0],[113.918116043120904,-2.323984433135024,0.0],[113.918117222132196,-2.323980670371611,0.0],[113.918118071092195,-2.323976819474581,0.0],[113.9181185828064,-2.323972908323015,0.0],[113.918118754576895,-2.323968967493784,0.0],[113.9181185828064,-2.323965026664609,0.0],[113.918118071092195,-2.323961115513043,0.0],[113.918117222132196,-2.323957264616013,0.0],[113.918116043120904,-2.3239535018526,0.0],[113.918114542152495,-2.323949857799676,0.0],[113.918112731817104,-2.323946358537569,0.0],[113.918110624705605,-2.323943031945305,0.0],[113.918108237005598,-2.323939902304573,0.0],[113.918105587602895,-2.323936993897121,0.0],[113.918102696282503,-2.323934328306564,0.0],[113.9180995855276,-2.323931927116689,0.0],[113.918096277821107,-2.323929807414629,0.0],[113.918092799243396,-2.323927986287515,0.0],[113.918089176774203,-2.323926476325767,0.0],[113.918085505741601,-2.323925309005745,0.0],[113.918081749273398,-2.323924461844399,0.0],[113.917875588687494,-2.32388720922728,0.0],[113.917602085068197,-2.323708053483813,0.0],[113.917600031016704,-2.323706785439754,0.0],[113.917596552438994,-2.323704963413263,0.0],[113.9175929299698,-2.323703454350891,0.0],[113.917590496404401,-2.323702641363752,0.0],[113.917112413207406,-2.323558072646904,0.0],[113.916660365383606,-2.32338736333611,0.0],[113.9166599409036,-2.32338720505544,0.0],[113.916658584725994,-2.323386733810651,0.0],[113.916385957046401,-2.323296720667088,0.0],[113.915955206967297,-2.323124820653902,0.0],[113.915599276885104,-2.322960937197422,0.0],[113.915595941299699,-2.322959561234711,0.0],[113.915592201918699,-2.322958375028918,0.0],[113.915588372605399,-2.322957521572334,0.0],[113.915584484836103,-2.322957006260765,0.0],[113.915580567389398,-2.322956834490299,0.0],[113.915576649043103,-2.322957006260765,0.0],[113.915572761274007,-2.322957521572334,0.0],[113.915568932859998,-2.322958375028918,0.0],[113.915565192579606,-2.322959561234711,0.0],[113.915561569211107,-2.322961071196403,0.0],[113.915558090633496,-2.322962892323574,0.0],[113.915554782927003,-2.322965012025634,0.0],[113.915551672172001,-2.322967413215508,0.0],[113.915548780851594,-2.322970077906746,0.0],[113.915546131448906,-2.322972986314198,0.0],[113.915543743748799,-2.32297611595493,0.0],[113.9155416366373,-2.322979443446513,0.0],[113.915539826302094,-2.322982941809244,0.0],[113.9155383253335,-2.322986586761544,0.0],[113.915537683217593,-2.32298849422358,0.0],[113.915537264133505,-2.322989835112764,0.0],[113.915536479025405,-2.32299266527923,0.0],[113.915535878278206,-2.322995541311116,0.0],[113.915535366564001,-2.322999452462739,0.0],[113.915535195692797,-2.323003393291913,0.0],[113.915535366564001,-2.323007334121144,0.0],[113.915535878278206,-2.32301124527271,0.0],[113.915536727238205,-2.323015096169684,0.0],[113.915537906249497,-2.323018858033834,0.0],[113.915539407217906,-2.323022502986078,0.0],[113.915541218452503,-2.323026002248184,0.0],[113.915543324664796,-2.323029328840391,0.0],[113.915545712364704,-2.323032458481123,0.0],[113.915548361767506,-2.323035366888632,0.0],[113.915551253087898,-2.32303803157987,0.0],[113.915554364742206,-2.323040432769687,0.0],[113.915557671549294,-2.323042552471748,0.0],[113.915561150127004,-2.323044374498238,0.0],[113.915564773495603,-2.32304588356061,0.0],[113.915568513775995,-2.323047069766403,0.0],[113.915572328699994,-2.323047952900652,0.0],[113.915918842880401,-2.323207535799099,0.0],[113.915920975172995,-2.323208452208235,0.0],[113.916354067985907,-2.323381286617064,0.0],[113.916355270379498,-2.323381747069902,0.0],[113.916356625657798,-2.323382218314691,0.0],[113.9166296499385,-2.323472362759276,0.0],[113.917082227462899,-2.323643271719561,0.0],[113.917082651942906,-2.323643430000232,0.0],[113.917085085508305,-2.323644242088051,0.0],[113.917558432875495,-2.323787379084251,0.0],[113.917834153323597,-2.323967988132097,0.0],[113.917836207375103,-2.323969255276836,0.0],[113.917839685952799,-2.323971077303327,0.0],[113.917843309321398,-2.323972586365699,0.0],[113.917846979454595,-2.323973753685721,0.0],[113.917850735922798,-2.323974601746443,0.0],[113.918065924802704,-2.324013485733758,0.0],[113.918069883618301,-2.324014012736427,0.0],[113.918073801964397,-2.32401418540627,0.0],[113.918077719411301,-2.324014012736427,0.0]]]]}},
{"type":"Feature","properties":{"id":"ID_00003","Name":"2017","description":"<html xmlns:fo=\"http://www.w3.org/1999/XSL/Format\" xmlns:msxsl=\"urn:schemas-microsoft-com:xslt\">\n\n<head>\n\n<META http-equiv=\"Content-Type\" content=\"text/html\">\n\n<meta http-equiv=\"content-type\" content=\"text/html; charset=UTF-8\">\n\n</head>\n\n<body style=\"margin:0px 0px 0px 0px;overflow:auto;background:#FFFFFF;\">\n\n<table style=\"font-family:Arial,Verdana,Times;font-size:12px;text-align:left;width:100%;border-collapse:collapse;padding:3px 3px 3px 3px\">\n\n<tr style=\"text-align:center;font-weight:bold;background:#9CBCE2\">\n\n<td>2017</td>\n\n</tr>\n\n<tr>\n\n<td>\n\n<table style=\"font-family:Arial,Verdana,Times;font-size:12px;text-align:left;width:100%;border-spacing:0px; padding:3px 3px 3px 3px\">\n\n<tr>\n\n<td>FID</td>\n\n<td>3</td>\n\n</tr>\n\n<tr bgcolor=\"#D4E4F3\">\n\n<td>OBJECTID_1</td>\n\n<td>4</td>\n\n</tr>\n\n<tr>\n\n<td>id</td>\n\n<td>1</td>\n\n</tr>\n\n<tr bgcolor=\"#D4E4F3\">\n\n<td>Year</td>\n\n<td>2017</td>\n\n</tr>\n\n<tr>\n\n<td>Provinsi</td>\n\n<td>Kalimantan Tengah</td>\n\n</tr>\n\n<tr bgcolor=\"#D4E4F3\">\n\n<td>Kab_Kota</td>\n\n<td>Palangka Raya</td>\n\n</tr>\n\n<tr>\n\n<td>Kecamatan</td>\n\n<td>Jekan Raya</td>\n\n</tr>\n\n<tr bgcolor=\"#D4E4F3\">\n\n<td>Desa_Kel</td>\n\n<td>Kereng Bangkirai</td>\n\n</tr>\n\n<tr>\n\n<td>Pelaksanaa</td>\n\n<td>5-8Nov17; 18-21Nov17; 03-06Des17; 03-06Jan18\n\n\n\n</td>\n\n</tr>\n\n<tr bgcolor=\"#D4E4F3\">\n\n<td>Jlh_Transk</td>\n\n<td>10</td>\n\n</tr>\n\n<tr>\n\n<td>M1</td>\n\n<td>Nov 17</td>\n\n</tr>\n\n<tr bgcolor=\"#D4E4F3\">\n\n<td>M2</td>\n\n<td>Nov 17</td>\n\n</tr>\n\n<tr>\n\n<td>M3</td>\n\n<td>Des 17</td>\n\n</tr>\n\n<tr bgcolor=\"#D4E4F3\">\n\n<td>M4</td>\n\n<td>Jan 18</td>\n\n</tr>\n\n<tr>\n\n<td>M5</td>\n\n<td></td>\n\n</tr>\n\n<tr bgcolor=\"#D4E4F3\">\n\n<td>Jlh_Bibit</td>\n\n<td>700</td>\n\n</tr>\n\n<tr>\n\n<td>Sbr_Bibit</td>\n\n<td>CAMP</td>\n\n</tr>\n\n<tr bgcolor=\"#D4E4F3\">\n\n<td>Pelaksana</td>\n\n<td>BNF-Masyarakat</td>\n\n</tr>\n\n<tr>\n\n<td>Keterangan</td>\n\n<td>Areal Blok-B</td>\n\n</tr>\n\n<tr bgcolor=\"#D4E4F3\">\n\n<td>Jn_Bibit</td>\n\n<td>Prupuk; Balangeran; Tampohot; Patanak galeget</td>\n\n</tr>\n\n<tr>\n\n<td>Luas_Ha</td>\n\n<td>2.31516</td>\n\n</tr>\n\n<tr bgcolor=\"#D4E4F3\">\n\n<td>Kanal</td>\n\n<td>Ruslan</td>\n\n</tr>\n\n<tr>\n\n<td>Kawasan</td>\n\n<td>Laboratorium Alam Hutan Gambut CIMTROP-UPR</td>\n\n</tr>\n\n<tr bgcolor=\"#D4E4F3\">\n\n<td>Tahap</td>\n\n<td></td>\n\n</tr>\n\n<tr>\n\n<td>Zona</td>\n\n<td>Zona Rehabilitasi</td>\n\n</tr>\n\n<tr bgcolor=\"#D4E4F3\">\n\n<td>Resort</td>\n\n<td>Sebangau Hulu</td>\n\n</tr>\n\n<tr>\n\n<td>SPTN</td>\n\n<td>SPTN I Taman Nasional Sebangau</td>\n\n</tr>\n\n<tr bgcolor=\"#D4E4F3\">\n\n<td>Luas</td>\n\n<td>2.3151564644617</td>\n\n</tr>\n\n<tr>\n\n<td>Shape_Leng</td>\n\n<td>0.042528</td>\n\n</tr>\n\n</table>\n\n</td>\n\n</tr>\n\n</table>\n\n</body>\n\n</html>","timestamp":null,"begin":null,"end":null,"altitudeMode":null,"tessellate":-1,"extrude":0,"visibility":-1,"drawOrder":null,"icon":null,"snippet":""},"geometry":{"type":"MultiPolygon","coordinates":[[[[113.920328005732898,-2.339229783627559,0.0],[113.920327017378,-2.339229223349946,0.0],[113.920207575719104,-2.33916350988801,0.0],[113.920204626842093,-2.339162026006647,0.0],[113.920201579039698,-2.339160764257826,0.0],[113.920077845815996,-2.339114794512113,0.0],[113.920074839382394,-2.339113804358533,0.0],[113.920071875216905,-2.339113052525306,0.0],[113.919984098687195,-2.339093953623035,0.0],[113.919938932935494,-2.339063096084942,0.0],[113.919936152231699,-2.339061342406978,0.0],[113.919932673654003,-2.339059521279808,0.0],[113.919929051184795,-2.339058011318116,0.0],[113.919925310904404,-2.339056825112323,0.0],[113.919921454611497,-2.339055966259764,0.0],[113.919850153661699,-2.339043411724049,0.0],[113.919820357323701,-2.339002758770278,0.0],[113.919818610840295,-2.33900052665291,0.0],[113.919815961437493,-2.338997618245457,0.0],[113.919813070117101,-2.33899495355422,0.0],[113.919809959362198,-2.338992551465026,0.0],[113.919806651655705,-2.338990432662285,0.0],[113.919803173077995,-2.338988610635852,0.0],[113.919799549709495,-2.338987101573423,0.0],[113.919795809429203,-2.33898591536763,0.0],[113.919791981015095,-2.338985061011726,0.0],[113.919788871159497,-2.338984621243242,0.0],[113.919785737921501,-2.338984401808659,0.0],[113.919684772834103,-2.338980868372346,0.0],[113.919598751780995,-2.338969918227122,0.0],[113.919576330783102,-2.338963397242935,0.0],[113.919561143931702,-2.338916311438595,0.0],[113.919560626821493,-2.338914800577527,0.0],[113.919559125853098,-2.338911156524603,0.0],[113.919557315517693,-2.338907657262553,0.0],[113.919555208406194,-2.338904329770969,0.0],[113.919552820706102,-2.338901201029557,0.0],[113.919550171303399,-2.338898292622048,0.0],[113.919547279982993,-2.338895627031491,0.0],[113.919544169228104,-2.338893225841673,0.0],[113.919540861521597,-2.338891106139613,0.0],[113.919537382943901,-2.338889285012442,0.0],[113.919533759575401,-2.33888777505075,0.0],[113.919530019295095,-2.338886588844957,0.0],[113.919526190881001,-2.338885735388317,0.0],[113.919522303111904,-2.338885220076804,0.0],[113.919518384765794,-2.338885048306281,0.0],[113.919514467318905,-2.338885220076804,0.0],[113.919510578650403,-2.338885735388317,0.0],[113.919506750236494,-2.338886588844957,0.0],[113.919503009956003,-2.33888777505075,0.0],[113.919499387486795,-2.338889285012442,0.0],[113.919495908909099,-2.338891106139613,0.0],[113.919492601202606,-2.338893225841673,0.0],[113.919489489548397,-2.338895627031491,0.0],[113.919486598228005,-2.338898292622048,0.0],[113.919483948825203,-2.338901201029557,0.0],[113.919481562024501,-2.338904329770969,0.0],[113.919479454913002,-2.338907657262553,0.0],[113.919477643678405,-2.338911156524603,0.0],[113.919476142709897,-2.338914800577527,0.0],[113.919474963698704,-2.338918562441677,0.0],[113.919474114738705,-2.33892241423797,0.0],[113.9194736030245,-2.338926325389536,0.0],[113.919473432153296,-2.338930266218767,0.0],[113.9194736030245,-2.338934207047942,0.0],[113.919474114738705,-2.338938118199565,0.0],[113.919474764948504,-2.338941195679581,0.0],[113.919475626498993,-2.33894422009962,0.0],[113.919498173402104,-2.339014125301617,0.0],[113.919498689612894,-2.339015636162628,0.0],[113.919500190581402,-2.339019281114872,0.0],[113.919502001815999,-2.339022779477659,0.0],[113.919504108927498,-2.339026106969186,0.0],[113.9195064957282,-2.339029236609917,0.0],[113.919509145131002,-2.339032145017427,0.0],[113.919512036451394,-2.339034809708664,0.0],[113.919515148105702,-2.339037210898539,0.0],[113.919518455812195,-2.339039330600599,0.0],[113.919521934389905,-2.339041151727713,0.0],[113.919525556859099,-2.339042661689462,0.0],[113.919528444582198,-2.339043608675524,0.0],[113.919577143770198,-2.339057773897082,0.0],[113.919581824741499,-2.339058866573396,0.0],[113.919583987611006,-2.33905919572527,0.0],[113.919675518810195,-2.339070847341702,0.0],[113.919679599034296,-2.339071177392896,0.0],[113.919760890552794,-2.339074021948534,0.0],[113.919788477256503,-2.339111661274103,0.0],[113.919790223739895,-2.339113893391414,0.0],[113.919792873142697,-2.339116801798923,0.0],[113.919795764463103,-2.33911946649016,0.0],[113.919798876117298,-2.339121868579298,0.0],[113.919802183823805,-2.339123987382038,0.0],[113.919805662401501,-2.339125809408529,0.0],[113.919809284870695,-2.339127318470901,0.0],[113.919813025151001,-2.339128504676694,0.0],[113.919816881444007,-2.339129363529253,0.0],[113.919896409391896,-2.339143366872861,0.0],[113.919940805324003,-2.339173698307491,0.0],[113.919943586927005,-2.339175452884774,0.0],[113.919947064605395,-2.339177274011945,0.0],[113.919950687973895,-2.339178783973637,0.0],[113.919953594582793,-2.339179736355675,0.0],[113.919956558748297,-2.339180488188958,0.0],[113.920049768981698,-2.339200769699687,0.0],[113.920167330158193,-2.339244447073554,0.0],[113.9202833346083,-2.339308269261153,0.0],[113.920348768381004,-2.339346646030833,0.0],[113.920352329696399,-2.339348515721383,0.0],[113.920355953064799,-2.339350025683075,0.0],[113.920359693345205,-2.339351211888868,0.0],[113.920363521759199,-2.339352065345508,0.0],[113.920367410427701,-2.339352580657021,0.0],[113.920371327874605,-2.339352752427544,0.0],[113.920375246220701,-2.339352580657021,0.0],[113.920379133989897,-2.339352065345508,0.0],[113.920380402033999,-2.339351817132581,0.0],[113.920409980736096,-2.339410207415085,0.0],[113.920411103989295,-2.339412286647644,0.0],[113.920413211100794,-2.339415614139227,0.0],[113.920415597901595,-2.339418743779959,0.0],[113.920416541290393,-2.339419838254912,0.0],[113.920478156541805,-2.339489070763932,0.0],[113.920508067992998,-2.339579033545533,0.0],[113.920508458298698,-2.339580157698094,0.0],[113.920509958367902,-2.339583801751019,0.0],[113.920511769602498,-2.339587301013069,0.0],[113.920513876714196,-2.339590627605332,0.0],[113.920516264414104,-2.339593757246064,0.0],[113.920518913816906,-2.339596665653573,0.0],[113.920521805137199,-2.339599330344754,0.0],[113.920524915892202,-2.339601732433948,0.0],[113.920528223598694,-2.339603852136008,0.0],[113.920531702176405,-2.339605673263179,0.0],[113.920535325544805,-2.339607182325551,0.0],[113.920540663021299,-2.339608767830327,0.0],[113.920683994271002,-2.339641792734483,0.0],[113.920686224589602,-2.33964224779146,0.0],[113.920690113258203,-2.339642762203653,0.0],[113.920694030704993,-2.339642934873496,0.0],[113.920694624257493,-2.339642930376897,0.0],[113.920884541288601,-2.339640410476534,0.0],[113.920945821092801,-2.33967534913802,0.0],[113.9209744303257,-2.339740602147003,0.0],[113.920976630966805,-2.339744964758268,0.0],[113.920978738078404,-2.339748292249851,0.0],[113.920981124879106,-2.339751420991263,0.0],[113.920983774281794,-2.339754329398716,0.0],[113.9209866656022,-2.339756994989273,0.0],[113.920989777256494,-2.339759396179147,0.0],[113.920993084063596,-2.339761515881207,0.0],[113.920996562641307,-2.339763337008321,0.0],[113.921000186009806,-2.33976484697007,0.0],[113.921003926290297,-2.339766033175863,0.0],[113.921007808663504,-2.33976689652502,0.0],[113.921081203235005,-2.339779729850591,0.0],[113.921081662788495,-2.339779807192315,0.0],[113.9211197149029,-2.339786052983925,0.0],[113.921189204618102,-2.339841244377851,0.0],[113.921191828839895,-2.339843177920272,0.0],[113.921194585262,-2.339844915410481,0.0],[113.921195078090506,-2.339845197797615,0.0],[113.921271605000598,-2.339888356262577,0.0],[113.921331338870203,-2.339931046180766,0.0],[113.921334898386903,-2.339933344847964,0.0],[113.921338376964599,-2.339935165975078,0.0],[113.921342000333098,-2.339936675936769,0.0],[113.921343297155502,-2.339937128295787,0.0],[113.921421682964393,-2.339963128595457,0.0],[113.921521041862704,-2.340036497985921,0.0],[113.921523063538601,-2.340037907223575,0.0],[113.921600666937294,-2.340088887991726,0.0],[113.921657809860093,-2.340158391196724,0.0],[113.921714837669697,-2.340242041636884,0.0],[113.921717496965002,-2.340245560684025,0.0],[113.9217893087297,-2.340331377590928,0.0],[113.921791938347397,-2.34033425722015,0.0],[113.921794805386099,-2.340336897629697,0.0],[113.921797916141003,-2.340339298819515,0.0],[113.921801223847396,-2.340341418521575,0.0],[113.921804702425106,-2.340343239648746,0.0],[113.921808325793705,-2.340344749610438,0.0],[113.921812066073997,-2.340345935816231,0.0],[113.921815894488006,-2.340346789272871,0.0],[113.921819782257202,-2.340347304584384,0.0],[113.921823700603298,-2.340347476354907,0.0],[113.921827618050202,-2.340347304584384,0.0],[113.921831506718704,-2.340346789272871,0.0],[113.921835335132599,-2.340345935816231,0.0],[113.921839075413104,-2.340344749610438,0.0],[113.921842697882298,-2.340343239648746,0.0],[113.921846176459894,-2.340341418521575,0.0],[113.921849484166401,-2.340339298819515,0.0],[113.921852595820695,-2.340336897629697,0.0],[113.921855487141102,-2.34033423203914,0.0],[113.921858136543804,-2.340331323631631,0.0],[113.921860523344506,-2.340328193990899,0.0],[113.921862630456104,-2.340324867398692,0.0],[113.921864441690701,-2.340321368136586,0.0],[113.921865942659196,-2.340317724083661,0.0],[113.921867121670402,-2.340313962219511,0.0],[113.921867970630402,-2.340310110423218,0.0],[113.921868482344607,-2.340306199271652,0.0],[113.921868653215796,-2.340302258442421,0.0],[113.921868482344607,-2.340298317613247,0.0],[113.921867970630402,-2.340294406461624,0.0],[113.921867121670402,-2.34029055556465,0.0],[113.921865942659196,-2.34028679280118,0.0],[113.921864441690701,-2.340283148748256,0.0],[113.921862630456104,-2.340279649486206,0.0],[113.921860523344506,-2.340276322893942,0.0],[113.921858114060797,-2.340273166273562,0.0],[113.921787730419496,-2.340189056279883,0.0],[113.921730813226503,-2.340105568617048,0.0],[113.921728381459701,-2.340102323863107,0.0],[113.921665601586298,-2.340025964226811,0.0],[113.921665395641497,-2.34002571691326,0.0],[113.921662746238795,-2.340022808505751,0.0],[113.921659854918403,-2.340020142915193,0.0],[113.921655540870603,-2.340016923342318,0.0],[113.921573254701997,-2.339962865993414,0.0],[113.921469136591398,-2.339885982052408,0.0],[113.921465011401196,-2.33988327239507,0.0],[113.9214615328235,-2.3398814512679,0.0],[113.9214579094551,-2.339879941306208,0.0],[113.921456612632596,-2.33987948894719,0.0],[113.9213778877794,-2.33985337623227,0.0],[113.921321720620995,-2.339813234992732,0.0],[113.921318160205004,-2.339810936325591,0.0],[113.921317668275805,-2.339810654837777,0.0],[113.921242137814502,-2.339768057549747,0.0],[113.921166296187707,-2.33970782185844,0.0],[113.9211636719659,-2.339705889215395,0.0],[113.921160915543894,-2.339704151725186,0.0],[113.921157436966197,-2.339702329698696,0.0],[113.921153813597698,-2.339700820636324,0.0],[113.921150073317307,-2.339699634430531,0.0],[113.921146244903298,-2.339698780074571,0.0],[113.921145678330504,-2.339698683847132,0.0],[113.921096371200605,-2.339690589948702,0.0],[113.921046977735799,-2.339681953759111,0.0],[113.921022073709807,-2.339625151679343,0.0],[113.921019873068801,-2.339620789068135,0.0],[113.921017765957203,-2.339617462475871,0.0],[113.921015379156501,-2.33961433283514,0.0],[113.921012729753798,-2.33961142442763,0.0],[113.921009838433406,-2.33960875883713,0.0],[113.921006726779098,-2.339606357647256,0.0],[113.921003419072605,-2.339604237945196,0.0],[113.921003109705794,-2.339604059879434,0.0],[113.920918285650401,-2.339555697037724,0.0],[113.920914955460802,-2.339553978433287,0.0],[113.920911493970394,-2.339552544014623,0.0],[113.920907753689903,-2.339551357808887,0.0],[113.920903925275994,-2.339550504352246,0.0],[113.920900036607506,-2.339549989040734,0.0],[113.920896119160602,-2.33954981727021,0.0],[113.920895525608103,-2.339549820867489,0.0],[113.920698820494195,-2.339552431599373,0.0],[113.920585329649299,-2.33952628201223,0.0],[113.920560475085907,-2.339451527665801,0.0],[113.920560084780206,-2.33945040441256,0.0],[113.920558583811598,-2.339446760359635,0.0],[113.920556773476406,-2.339443261097585,0.0],[113.920554666364893,-2.339439934505322,0.0],[113.9205522786648,-2.33943680486459,0.0],[113.920551336175293,-2.339435710389694,0.0],[113.920487430350704,-2.3393639040209,0.0],[113.920444824069506,-2.339279797624499,0.0],[113.920443701715499,-2.339277718391941,0.0],[113.920441594604,-2.339274390900357,0.0],[113.920439206903893,-2.339271261259626,0.0],[113.920436557501105,-2.339268352852173,0.0],[113.920433666180799,-2.339265688160935,0.0],[113.920430554526504,-2.339263286971061,0.0],[113.920427247719303,-2.339261167269001,0.0],[113.920423769141706,-2.339259346141887,0.0],[113.920420145773207,-2.339257836180138,0.0],[113.920416405492801,-2.339256649974345,0.0],[113.920412577078906,-2.339255796517762,0.0],[113.920408689309596,-2.339255281206192,0.0],[113.920404770963501,-2.339255109435726,0.0],[113.920400853516597,-2.339255281206192,0.0],[113.920396964848095,-2.339255796517762,0.0],[113.920395352363698,-2.339256113079102,0.0],[113.920378931642404,-2.339259651911334,0.0],[113.920328005732898,-2.339229783627559,0.0]]],[[[113.923940327883898,-2.338694537722688,0.0],[113.923937477932299,-2.338690730892495,0.0],[113.923934828529596,-2.338687822484985,0.0],[113.923931937209204,-2.338685156894428,0.0],[113.923928825554896,-2.338682755704554,0.0],[113.923925518747794,-2.338680636002493,0.0],[113.923922040170098,-2.338678814875379,0.0],[113.923918416801598,-2.338677304913631,0.0],[113.923914985887905,-2.33867620324412,0.0],[113.9237921771673,-2.338642156710137,0.0],[113.9237006441695,-2.338588231561573,0.0],[113.923643940115795,-2.338545866298659,0.0],[113.9236396125781,-2.338543006454529,0.0],[113.923636134000404,-2.338541184428095,0.0],[113.923632510631904,-2.338539675365666,0.0],[113.923628857585797,-2.3385385125423,0.0],[113.923625119104003,-2.338537667179537,0.0],[113.923547916802903,-2.338523653044092,0.0],[113.923545614538497,-2.338523301409168,0.0],[113.923433968203099,-2.338509219824573,0.0],[113.923428375319304,-2.338508868189649,0.0],[113.923424456973194,-2.338509039960172,0.0],[113.923420569203898,-2.338509555271685,0.0],[113.923416739890698,-2.338510408728325,0.0],[113.923413000509598,-2.338511594934118,0.0],[113.923409377141098,-2.33851310489581,0.0],[113.923405898563402,-2.338514926022981,0.0],[113.923402590856995,-2.338517045725041,0.0],[113.923399480102006,-2.338519446914916,0.0],[113.923396588781699,-2.338522112505416,0.0],[113.923393939378897,-2.338525020912925,0.0],[113.923391551678804,-2.338528150553657,0.0],[113.923389444567306,-2.338531477145921,0.0],[113.923387634232,-2.338534976407971,0.0],[113.923386133263506,-2.338538620460895,0.0],[113.923384953352993,-2.338542383224365,0.0],[113.9233841052923,-2.338546234121338,0.0],[113.923383592678803,-2.338550145272961,0.0],[113.9233834218076,-2.338554086102135,0.0],[113.923383592678803,-2.338558026931366,0.0],[113.9233841052923,-2.338561938082933,0.0],[113.923384953352993,-2.338565788979906,0.0],[113.923386133263506,-2.338569551743376,0.0],[113.923387634232,-2.3385731957963,0.0],[113.923389444567306,-2.338576695058407,0.0],[113.923391551678804,-2.338580021650614,0.0],[113.923393939378897,-2.338583151291346,0.0],[113.923396588781699,-2.338586059698855,0.0],[113.923399480102006,-2.338588724390092,0.0],[113.923402590856995,-2.33859112647923,0.0],[113.923405898563402,-2.33859324528197,0.0],[113.923409377141098,-2.338595067308461,0.0],[113.923413000509598,-2.338596576370833,0.0],[113.923416739890698,-2.338597762576626,0.0],[113.923420569203898,-2.338598616932586,0.0],[113.923422782435495,-2.338598952379698,0.0],[113.923533229075403,-2.338612882878181,0.0],[113.9235987869545,-2.338624783606804,0.0],[113.923649004198296,-2.338662302423245,0.0],[113.923653090717593,-2.338665021073837,0.0],[113.923751829983104,-2.338723191022382,0.0],[113.923752071900694,-2.338723333115297,0.0],[113.923755550478305,-2.338725154242411,0.0],[113.923759172947499,-2.33872666420416,0.0],[113.923762603861206,-2.338727764974351,0.0],[113.923875053291098,-2.338758939973047,0.0],[113.923924849652195,-2.338833316604223,0.0],[113.923927698704304,-2.338837123434473,0.0],[113.923930348107106,-2.338840031841926,0.0],[113.923933239427498,-2.338842696533163,0.0],[113.923936351081807,-2.338845098622357,0.0],[113.923939658788299,-2.338847217425098,0.0],[113.923943137365995,-2.338849039451588,0.0],[113.923946759835204,-2.33885054851396,0.0],[113.923950500115595,-2.338851734719753,0.0],[113.923954329428895,-2.338852589075657,0.0],[113.923958217198006,-2.338853103487907,0.0],[113.923962134644896,-2.338853276157749,0.0],[113.923966052991005,-2.338853103487907,0.0],[113.923969940760202,-2.338852589075657,0.0],[113.923973770073502,-2.338851734719753,0.0],[113.923977509454502,-2.33885054851396,0.0],[113.923981132823101,-2.338849039451588,0.0],[113.923984611400797,-2.338847217425098,0.0],[113.923987919107304,-2.338845098622357,0.0],[113.923991029862194,-2.338842696533163,0.0],[113.923992921136502,-2.338841007606391,0.0],[113.924007022506103,-2.338827676056383,0.0],[113.924051701724693,-2.338868880294569,0.0],[113.924053184706693,-2.33887018880813,0.0],[113.924056296361101,-2.338872589998005,0.0],[113.924059603168203,-2.338874709700065,0.0],[113.924063081745899,-2.338876530827179,0.0],[113.924066705114498,-2.338878040788927,0.0],[113.924070445394804,-2.338879226994663,0.0],[113.924074273808699,-2.338880080451304,0.0],[113.924077266752505,-2.338880507629256,0.0],[113.924080282179403,-2.338880731560494,0.0],[113.924151740510496,-2.338883608491699,0.0],[113.924170124451706,-2.338906144602845,0.0],[113.924170439214393,-2.338906525016057,0.0],[113.924171498615806,-2.338907749892712,0.0],[113.924222544135205,-2.338964662589035,0.0],[113.924224709702699,-2.338966915390813,0.0],[113.924227025457,-2.338969011710446,0.0],[113.924230137111195,-2.338971412900321,0.0],[113.924233444817702,-2.338973532602381,0.0],[113.924234282086601,-2.338974006545129,0.0],[113.924318669071297,-2.339020624702016,0.0],[113.924384727873004,-2.339066173565016,0.0],[113.924401282593195,-2.339119306410794,0.0],[113.924401936400301,-2.339121248047093,0.0],[113.924403436469404,-2.339124892999337,0.0],[113.924405247704001,-2.339128392261443,0.0],[113.924407354815699,-2.339131718853707,0.0],[113.924409741616401,-2.339134848494439,0.0],[113.924412391019104,-2.339137756901891,0.0],[113.924415282339496,-2.339140421593129,0.0],[113.924418393993705,-2.339142822783003,0.0],[113.924421701700197,-2.339144942485063,0.0],[113.924425180277893,-2.339146764511497,0.0],[113.924428802747101,-2.339148273573926,0.0],[113.924429684982002,-2.339148586537988,0.0],[113.924468378313094,-2.339161842544968,0.0],[113.924533156479995,-2.339224734833579,0.0],[113.924535479428897,-2.339226838347884,0.0],[113.924538591083206,-2.339229240437021,0.0],[113.924541898789698,-2.339231360139138,0.0],[113.924543441127,-2.339232215394361,0.0],[113.924634971426798,-2.339280663671616,0.0],[113.924637534494707,-2.339281917326559,0.0],[113.924640171306905,-2.339283005506275,0.0],[113.924684544756005,-2.33929968343358,0.0],[113.924756126294298,-2.339347878102046,0.0],[113.924757730684703,-2.339348909624448,0.0],[113.924814727917493,-2.339383862675049,0.0],[113.9248156515212,-2.339384413959465,0.0],[113.924817398004606,-2.339385376234077,0.0],[113.924843919011707,-2.339399241082049,0.0],[113.924852592972798,-2.339446574199997,0.0],[113.924853424845793,-2.339450249729168,0.0],[113.9248545588908,-2.339453842520754,0.0],[113.924856059859295,-2.339457486573679,0.0],[113.9248578701946,-2.339460985835785,0.0],[113.924859977306099,-2.339464312428049,0.0],[113.924862365006206,-2.339467442068724,0.0],[113.924865014408994,-2.339470350476233,0.0],[113.9248679057293,-2.33947301606679,0.0],[113.924869960680198,-2.339474650134946,0.0],[113.924949015584602,-2.339533837216777,0.0],[113.925043176401601,-2.339609848815428,0.0],[113.925045931924302,-2.339611904665617,0.0],[113.925048835835099,-2.339613742879862,0.0],[113.925051699276494,-2.339615269928743,0.0],[113.925054664341403,-2.339616585636861,0.0],[113.925115279546603,-2.339640893412479,0.0],[113.925199363459896,-2.339701075144433,0.0],[113.925258599105206,-2.339754379760791,0.0],[113.925259675593594,-2.339755317753657,0.0],[113.925262515652705,-2.339757526488597,0.0],[113.925265522086207,-2.33975950050052,0.0],[113.925335008204101,-2.339801242533269,0.0],[113.925335580172899,-2.339801580678341,0.0],[113.925336265456394,-2.339801970084807,0.0],[113.925401590411198,-2.339838389030376,0.0],[113.925458625415303,-2.339941052937206,0.0],[113.925458936580796,-2.339941604221622,0.0],[113.925461043692295,-2.339944930813886,0.0],[113.925463431392402,-2.33994806045456,0.0],[113.925466080795104,-2.33995096886207,0.0],[113.925468972115496,-2.339953633553307,0.0],[113.9254720828704,-2.339956034743182,0.0],[113.925475390576807,-2.339958154445242,0.0],[113.925478767531104,-2.339959927908296,0.0],[113.925482281182397,-2.33996140819238,0.0],[113.925531756485398,-2.33997980382486,0.0],[113.925532407594602,-2.339980038547878,0.0],[113.925615387140496,-2.340009207159142,0.0],[113.9256188621208,-2.34001027195643,0.0],[113.925622410845705,-2.340011051668625,0.0],[113.925625616928798,-2.340011501329684,0.0],[113.925700132954802,-2.340019212116886,0.0],[113.9257047329871,-2.34001944953792,0.0],[113.925708651333295,-2.340019277767396,0.0],[113.925712539102506,-2.340018762455884,0.0],[113.925716367516401,-2.340017908999243,0.0],[113.925720107796806,-2.34001672279345,0.0],[113.925723731165405,-2.340015212831759,0.0],[113.925727209742902,-2.340013391704588,0.0],[113.925730516550203,-2.340011272002528,0.0],[113.925733628204398,-2.34000887081271,0.0],[113.925736519524804,-2.340006206121473,0.0],[113.925739168927507,-2.340003297713963,0.0],[113.925741556627599,-2.340000168073232,0.0],[113.925743663739098,-2.339996840581705,0.0],[113.925745474074503,-2.339993342218918,0.0],[113.925746975042898,-2.339989697266674,0.0],[113.925748154054105,-2.339985935402524,0.0],[113.925749003014204,-2.33998208360623,0.0],[113.925749514728395,-2.339978173353984,0.0],[113.925749685599598,-2.339974231625433,0.0],[113.925749514728395,-2.339970290796259,0.0],[113.925749003014204,-2.339966379644636,0.0],[113.925748154054105,-2.339962528747662,0.0],[113.925746975042898,-2.339958766883512,0.0],[113.925745474074503,-2.339955121931268,0.0],[113.925743663739098,-2.339951623568538,0.0],[113.925741556627599,-2.339948296076955,0.0],[113.925739168927507,-2.339945166436223,0.0],[113.925736519524804,-2.339942258028714,0.0],[113.925733628204398,-2.339939593337533,0.0],[113.925730516550203,-2.339937192147659,0.0],[113.925727209742902,-2.339935072445599,0.0],[113.925723731165405,-2.339933250419108,0.0],[113.925720107796806,-2.339931741356736,0.0],[113.925716367516401,-2.339930555150943,0.0],[113.925712539102506,-2.339929700794983,0.0],[113.925709333019299,-2.339929252033301,0.0],[113.925640066336101,-2.33992208353726,0.0],[113.925562445850204,-2.33989479900572,0.0],[113.925529015351799,-2.339882368576411,0.0],[113.925473825756498,-2.339783026765247,0.0],[113.925473514591104,-2.339782476380151,0.0],[113.925471407479606,-2.339779148888567,0.0],[113.925469019779499,-2.339776019247836,0.0],[113.925466370376697,-2.339773110840326,0.0],[113.925463479056404,-2.339770446149146,0.0],[113.925460368301401,-2.339768044959271,0.0],[113.925457060594894,-2.339765925257211,0.0],[113.925456375311597,-2.339765535850745,0.0],[113.925380483322698,-2.339723225446448,0.0],[113.925315325641805,-2.339684083353688,0.0],[113.925257438979699,-2.339631993721468,0.0],[113.925256362491197,-2.339631054829283,0.0],[113.925253528727495,-2.339628851490261,0.0],[113.925163003869599,-2.339564058934116,0.0],[113.9251594182726,-2.339561742280523,0.0],[113.925156554831204,-2.3395602152317,0.0],[113.925153589766396,-2.339558899523524,0.0],[113.925094204833698,-2.339535084576426,0.0],[113.925004648545695,-2.339462790775144,0.0],[113.925003352622596,-2.339461782635112,0.0],[113.924937807334004,-2.339412710228373,0.0],[113.924928351861993,-2.339361112525296,0.0],[113.924927519989097,-2.339357437895387,0.0],[113.924926385944005,-2.339353844204481,0.0],[113.924924884975596,-2.339350200151557,0.0],[113.924923074640205,-2.339346700889507,0.0],[113.924920967528706,-2.339343374297243,0.0],[113.924918579828599,-2.339340244656512,0.0],[113.924915930425897,-2.339337336249002,0.0],[113.924913039105505,-2.339334671557822,0.0],[113.924909928350502,-2.339332269468628,0.0],[113.924906620643995,-2.339330150665887,0.0],[113.924904874160703,-2.339329187491956,0.0],[113.924860218324497,-2.339305842890269,0.0],[113.924805344391203,-2.33927219115867,0.0],[113.924730195242404,-2.33922159530033,0.0],[113.924727667248106,-2.339220012493513,0.0],[113.924724362239502,-2.339218272305402,0.0],[113.924720925030798,-2.339216814504312,0.0],[113.924674312269801,-2.339199295710898,0.0],[113.924590981088997,-2.339155186662481,0.0],[113.924523593089404,-2.339089760084335,0.0],[113.924521269241296,-2.33908765657003,0.0],[113.924518157586903,-2.339085254480835,0.0],[113.924514850779801,-2.339083135678095,0.0],[113.924511372202105,-2.339081313651661,0.0],[113.924507748833506,-2.339079804589289,0.0],[113.924506867498096,-2.339079491625171,0.0],[113.924480254760098,-2.339070374298274,0.0],[113.924465867405999,-2.339024198607831,0.0],[113.924465213598793,-2.339022256971532,0.0],[113.924463713529605,-2.339018612019288,0.0],[113.924461902294993,-2.339015112757181,0.0],[113.924459795183495,-2.339011786164974,0.0],[113.924457408382807,-2.339008656524243,0.0],[113.924454758980005,-2.339005748116733,0.0],[113.924451867659599,-2.339003083425496,0.0],[113.924448388182697,-2.339000425029553,0.0],[113.924367670431707,-2.338944769585396,0.0],[113.924364730547893,-2.338942906190141,0.0],[113.924363893279093,-2.338942432247393,0.0],[113.9242842133458,-2.338898414030552,0.0],[113.9242389576618,-2.338847956667792,0.0],[113.924208444564101,-2.338810554763256,0.0],[113.9242081298014,-2.338810173450725,0.0],[113.924205480398697,-2.338807265043215,0.0],[113.924202589078305,-2.338804600351978,0.0],[113.924199478323303,-2.338802199162103,0.0],[113.924196170616796,-2.338800079460043,0.0],[113.924192692039099,-2.338798257433609,0.0],[113.924189068670699,-2.33879674837118,0.0],[113.924185328390294,-2.338795562165387,0.0],[113.924181499976299,-2.338794707809484,0.0],[113.924178507032494,-2.338794281530795,0.0],[113.924175492505,-2.338794057599614,0.0],[113.924100325369693,-2.338791030481616,0.0],[113.924037021191694,-2.338732650991005,0.0],[113.924035538209594,-2.338731342477445,0.0],[113.9240324265553,-2.338728940388251,0.0],[113.924029119748198,-2.33872682158551,0.0],[113.924025641170502,-2.33872499955902,0.0],[113.924022017801903,-2.338723490496648,0.0],[113.924018277521597,-2.338722304290854,0.0],[113.924014449107602,-2.338721449934894,0.0],[113.924010561338406,-2.338720935522701,0.0],[113.924006642992296,-2.338720762852859,0.0],[113.924002724646101,-2.338720935522701,0.0],[113.923998836876905,-2.338721449934894,0.0],[113.923995008462995,-2.338722304290854,0.0],[113.923991268182604,-2.338723490496648,0.0],[113.923987644814005,-2.33872499955902,0.0],[113.923984166236295,-2.33872682158551,0.0],[113.923980859429193,-2.338728940388251,0.0],[113.923977747774899,-2.338731342477445,0.0],[113.923975857399896,-2.338733031404217,0.0],[113.923969882304306,-2.338738680045992,0.0],[113.923940327883898,-2.338694537722688,0.0]]],[[[113.922637632920399,-2.335541152202381,0.0],[113.9226371364947,-2.335540859023354,0.0],[113.922633657917004,-2.33553903789624,0.0],[113.922630016561996,-2.335537521639253,0.0],[113.9225241061026,-2.335498852589922,0.0],[113.922462803815407,-2.335468794549172,0.0],[113.922463547554699,-2.335465327662689,0.0],[113.922464060168295,-2.335461417410443,0.0],[113.922464231039498,-2.335457475681892,0.0],[113.922464060168295,-2.335453534852718,0.0],[113.922463547554699,-2.335449623701152,0.0],[113.922462699494105,-2.335445772804121,0.0],[113.922461519583507,-2.335442010940028,0.0],[113.922460019514304,-2.335438365987727,0.0],[113.922458208279707,-2.335434866725677,0.0],[113.922456101168194,-2.335431540133413,0.0],[113.922453713468101,-2.335428410492682,0.0],[113.922451064065399,-2.335425502085229,0.0],[113.922448172745007,-2.335422837393992,0.0],[113.922445061990103,-2.335420436204117,0.0],[113.922441754283597,-2.335418316502057,0.0],[113.9224382757059,-2.335416494475567,0.0],[113.922434652337401,-2.335414985413195,0.0],[113.922434378044201,-2.335414885588477,0.0],[113.922324323508704,-2.335375406249966,0.0],[113.9223230149952,-2.335374959286867,0.0],[113.9222068270834,-2.33533728938437,0.0],[113.922145562567707,-2.335316127437295,0.0],[113.922102503927505,-2.33526200443788,0.0],[113.922101842026393,-2.335261191450797,0.0],[113.922099192623705,-2.335258283043288,0.0],[113.922096301303299,-2.335255618352051,0.0],[113.922093189649004,-2.335253217162176,0.0],[113.922089882841902,-2.335251097460116,0.0],[113.922089331557501,-2.335250782697415,0.0],[113.922019022559894,-2.335211270084017,0.0],[113.921980447939404,-2.335143945936295,0.0],[113.921978331834595,-2.335140604055596,0.0],[113.921975945033907,-2.335137474414864,0.0],[113.921973295631105,-2.335134566007355,0.0],[113.921970404310699,-2.335131901316117,0.0],[113.921967292656504,-2.3351295001263,0.0],[113.921963985849303,-2.33512738042424,0.0],[113.921960507271706,-2.335125558397749,0.0],[113.921956883903107,-2.335124049335377,0.0],[113.921953529431903,-2.335122969249596,0.0],[113.921950101216197,-2.335122156262457,0.0],[113.921890355655506,-2.335110453384686,0.0],[113.921809136082899,-2.335072854528562,0.0],[113.921732631655701,-2.335027572764204,0.0],[113.921732310597704,-2.335027383906606,0.0],[113.921730529940106,-2.335026403645543,0.0],[113.921657103892201,-2.334988098821668,0.0],[113.921656156906096,-2.334987618583682,0.0],[113.9215730091871,-2.334946714719081,0.0],[113.921572356279299,-2.334946399956323,0.0],[113.921485649043603,-2.334905472709352,0.0],[113.9214614572805,-2.334889069974565,0.0],[113.921458808777103,-2.334887406228745,0.0],[113.921455330199393,-2.334885585101631,0.0],[113.921451706830894,-2.334884075139882,0.0],[113.921447966550403,-2.334882888934146,0.0],[113.921444138136494,-2.334882035477506,0.0],[113.921440249468006,-2.334881520165993,0.0],[113.921436332021102,-2.33488134839547,0.0],[113.921432413675007,-2.334881520165993,0.0],[113.921428525905796,-2.334882035477506,0.0],[113.921424697491801,-2.334882888934146,0.0],[113.921420957211495,-2.334884075139882,0.0],[113.921417333842896,-2.334885585101631,0.0],[113.9214138552653,-2.334887406228745,0.0],[113.921410548458098,-2.334889525930805,0.0],[113.921407436803904,-2.33489192712068,0.0],[113.921404545483497,-2.334894591811917,0.0],[113.921401896080695,-2.334897500219427,0.0],[113.921399508380702,-2.334900629860158,0.0],[113.921397401269104,-2.334903957351685,0.0],[113.921395590933798,-2.334907456613792,0.0],[113.921394089965403,-2.334911100666716,0.0],[113.921392910954197,-2.334914862530809,0.0],[113.921392061994098,-2.334918714327159,0.0],[113.921391550279793,-2.334922624579406,0.0],[113.921391379408604,-2.334926566307956,0.0],[113.921391550279793,-2.33493050713713,0.0],[113.921392061994098,-2.334934418288753,0.0],[113.921392910954197,-2.334938269185727,0.0],[113.921394089965403,-2.33494203104982,0.0],[113.921395590933798,-2.334945676002121,0.0],[113.921397401269104,-2.334949175264171,0.0],[113.921399508380702,-2.334952501856435,0.0],[113.921401896080695,-2.334955631497166,0.0],[113.921404545483497,-2.334958539904619,0.0],[113.921407436803904,-2.334961204595857,0.0],[113.921411206761803,-2.334964061742028,0.0],[113.921438280852001,-2.33498241780427,0.0],[113.921440929355398,-2.33498408155009,0.0],[113.921444309907102,-2.334985856811784,0.0],[113.921533835618106,-2.335028115055422,0.0],[113.921616182940497,-2.335068625016959,0.0],[113.921688072047004,-2.335106128544965,0.0],[113.921765491084599,-2.335151951701164,0.0],[113.921765811243304,-2.335152139659442,0.0],[113.921769494866297,-2.335154056114732,0.0],[113.921857672493601,-2.335194876342428,0.0],[113.921861090816705,-2.335196290976,0.0],[113.921864445287994,-2.335197371061781,0.0],[113.921867874402906,-2.33519818404892,0.0],[113.921912797337797,-2.33520698301578,0.0],[113.921947330405004,-2.335267252881351,0.0],[113.921949445610494,-2.335270594762108,0.0],[113.921951833310601,-2.335273724402839,0.0],[113.921954482713303,-2.335276632810292,0.0],[113.921957374033695,-2.335279297501529,0.0],[113.921960484788698,-2.335281699590723,0.0],[113.921963792495006,-2.335283818393464,0.0],[113.921964343779507,-2.335284134055485,0.0],[113.922037803102199,-2.335325416534715,0.0],[113.922083521037706,-2.335382882314093,0.0],[113.922084182938804,-2.335383695301232,0.0],[113.922086832341506,-2.335386603708741,0.0],[113.922089723661898,-2.335389268399979,0.0],[113.922092835316107,-2.335391670489173,0.0],[113.9220961430226,-2.335393789291913,0.0],[113.922099620701005,-2.335395611318347,0.0],[113.922103244069504,-2.335397120380776,0.0],[113.922104019285101,-2.335397396472615,0.0],[113.922178031690905,-2.335422961500399,0.0],[113.922178840181303,-2.335423232196376,0.0],[113.922294775383605,-2.335460821159927,0.0],[113.922363027631704,-2.33548530520261,0.0],[113.9223626768961,-2.33548798428302,0.0],[113.922362506024896,-2.335491925112194,0.0],[113.9223626768961,-2.335495865941425,0.0],[113.922363189509596,-2.335499777092991,0.0],[113.922364037570304,-2.335503627989965,0.0],[113.922365217480902,-2.335507390753435,0.0],[113.922366717550105,-2.335511034806359,0.0],[113.922368528784702,-2.335514534068466,0.0],[113.9223706358962,-2.335517860660673,0.0],[113.922373022696902,-2.335520990301404,0.0],[113.922375672099605,-2.335523898708914,0.0],[113.922378563419997,-2.335526563400151,0.0],[113.922381675074305,-2.335528965489345,0.0],[113.922384982780798,-2.335531084292086,0.0],[113.922387749994797,-2.33553256457617,0.0],[113.922486824707207,-2.335581181026612,0.0],[113.922491177425997,-2.335583038126686,0.0],[113.922595334207401,-2.335621066858721,0.0],[113.922668633450698,-2.335664903412521,0.0],[113.922669129876496,-2.335665195692172,0.0],[113.922672608454107,-2.335667016819343,0.0],[113.922676230923301,-2.335668526781035,0.0],[113.922679971203806,-2.335669712986828,0.0],[113.922683799617701,-2.335670566443412,0.0],[113.922687688286302,-2.335671081754981,0.0],[113.922691605733107,-2.335671253525504,0.0],[113.922692501457803,-2.33567124453225,0.0],[113.922748527422598,-2.335670122178328,0.0],[113.922759168201097,-2.335713890383659,0.0],[113.922760591827895,-2.33571861452242,0.0],[113.922762092796503,-2.335722258575345,0.0],[113.9227639040311,-2.335725757837395,0.0],[113.922766011142599,-2.335729084429659,0.0],[113.922768397943301,-2.33573221407039,0.0],[113.922771047346004,-2.335735122477899,0.0],[113.922773938666396,-2.3357377880684,0.0],[113.922777050320605,-2.335740189258274,0.0],[113.922780357127905,-2.335742308960334,0.0],[113.922783835705602,-2.335744130087505,0.0],[113.922787459074002,-2.335745640049197,0.0],[113.922791199354407,-2.33574682625499,0.0],[113.922795027768402,-2.335747679711574,0.0],[113.922798916436903,-2.335748195023143,0.0],[113.922802833883793,-2.335748366793666,0.0],[113.922803406751896,-2.335748363196331,0.0],[113.922876540519994,-2.335747426102785,0.0],[113.922919835681896,-2.335789168135534,0.0],[113.922959934653406,-2.335837737821294,0.0],[113.922962657800397,-2.335840734362364,0.0],[113.922965549120804,-2.335843399952921,0.0],[113.922968607715106,-2.335845764270573,0.0],[113.922971856066397,-2.335847856093665,0.0],[113.923049192366406,-2.335893066811536,0.0],[113.923051961379002,-2.335894553390858,0.0],[113.923054767263807,-2.335895816938375,0.0],[113.923166666308703,-2.335941666174904,0.0],[113.923167871400196,-2.335942139218275,0.0],[113.923264861484199,-2.335978642700127,0.0],[113.923328753819007,-2.336053334094061,0.0],[113.923331240444398,-2.336056012275094,0.0],[113.923333933913995,-2.336058480014799,0.0],[113.923337044668997,-2.336060881204673,0.0],[113.923340352375504,-2.336063000906734,0.0],[113.923343179843997,-2.336064510868425,0.0],[113.923461508142196,-2.336122354363113,0.0],[113.923548024721597,-2.336175152661099,0.0],[113.923550899854305,-2.336177129370981,0.0],[113.9236999013294,-2.336267637141702,0.0],[113.923700690934197,-2.336268105688475,0.0],[113.923704169511893,-2.336269926815646,0.0],[113.923707791981101,-2.336271436777338,0.0],[113.923711532261393,-2.336272622983131,0.0],[113.923715360675402,-2.336273476439715,0.0],[113.923719249343904,-2.336273991751284,0.0],[113.923723166790793,-2.336274163521807,0.0],[113.923727085136903,-2.336273991751284,0.0],[113.9237309729061,-2.336273476439715,0.0],[113.923734801320094,-2.336272622983131,0.0],[113.9237385416005,-2.336271436777338,0.0],[113.923742164968999,-2.336269926815646,0.0],[113.923745643546695,-2.336268105688475,0.0],[113.923748951253202,-2.336265985986415,0.0],[113.923752062008106,-2.336263584796541,0.0],[113.923754953328498,-2.336260920105303,0.0],[113.9237576027313,-2.336258011697851,0.0],[113.923759990431194,-2.336254882057119,0.0],[113.923762097542905,-2.336251554565536,0.0],[113.923763907878097,-2.336248056202805,0.0],[113.923765408846606,-2.336244411250505,0.0],[113.923766587857799,-2.336240649386411,0.0],[113.923767436817798,-2.336236797590061,0.0],[113.923767948532003,-2.336232887337815,0.0],[113.923768120302597,-2.336228945609321,0.0],[113.923767948532003,-2.33622500478009,0.0],[113.923767436817798,-2.336221093628524,0.0],[113.923766587857799,-2.336217242731493,0.0],[113.923765408846606,-2.3362134808674,0.0],[113.923763907878097,-2.336209835915156,0.0],[113.923762097542905,-2.336206337552369,0.0],[113.923759990431194,-2.336203010060842,0.0],[113.9237576027313,-2.336199880420111,0.0],[113.923754953328498,-2.336196972012601,0.0],[113.923752062008106,-2.336194307321364,0.0],[113.923749337961695,-2.336192181324066,0.0],[113.923746432252102,-2.336190254976259,0.0],[113.923506318661794,-2.336043924487456,0.0],[113.9235055011779,-2.336043437954231,0.0],[113.923502673709393,-2.336041928891859,0.0],[113.923390839415802,-2.335987259104684,0.0],[113.923325490179295,-2.335910864394805,0.0],[113.923323003553804,-2.335908185314452,0.0],[113.923320310084307,-2.335905718474066,0.0],[113.923317199329404,-2.335903316384872,0.0],[113.923313891622897,-2.335901197582132,0.0],[113.923310595607504,-2.335899461890619,0.0],[113.923307167391997,-2.335898006787545,0.0],[113.923199982593104,-2.335857666797835,0.0],[113.923091594501599,-2.33581325647657,0.0],[113.923023929510805,-2.335773698897015,0.0],[113.922987295627294,-2.335729325447971,0.0],[113.922983891693306,-2.335725658012677,0.0],[113.922925469934498,-2.335669331674296,0.0],[113.922923259400903,-2.335667336977963,0.0],[113.922920147746694,-2.335664935788088,0.0],[113.922916840040202,-2.335662816086028,0.0],[113.922913361462506,-2.335660994958914,0.0],[113.922909738993297,-2.335659484997166,0.0],[113.922905998713006,-2.335658298791429,0.0],[113.922902170298897,-2.335657445334789,0.0],[113.922898281630395,-2.335656930023276,0.0],[113.922894364183705,-2.335656758252753,0.0],[113.922893791315502,-2.335656761850032,0.0],[113.922838008167602,-2.335657476811036,0.0],[113.9228273053359,-2.335613451399638,0.0],[113.922825880809796,-2.335608726361613,0.0],[113.922824379841401,-2.335605082308632,0.0],[113.922822569505996,-2.335601583046582,0.0],[113.922820462394498,-2.335598256454318,0.0],[113.922818074694405,-2.335595126813587,0.0],[113.922815425291702,-2.335592218406134,0.0],[113.922812533971296,-2.335589552815577,0.0],[113.922809423216293,-2.335587151625703,0.0],[113.9228061155098,-2.335585031923642,0.0],[113.922802636932303,-2.335583210796472,0.0],[113.922799013563704,-2.33558170083478,0.0],[113.922795273283299,-2.335580514628987,0.0],[113.922791444869304,-2.335579661172403,0.0],[113.922787557100193,-2.335579146760153,0.0],[113.922783638753998,-2.335578974090311,0.0],[113.922782743928593,-2.335578983083565,0.0],[113.922703545132507,-2.335580570386981,0.0],[113.922637632920399,-2.335541152202381,0.0]]],[[[113.926476438536795,-2.335807858745625,0.0],[113.926409597325105,-2.33575851114631,0.0],[113.926360141807194,-2.335708735469723,0.0],[113.926357241493506,-2.335706060885968,0.0],[113.926354129839297,-2.335703659696094,0.0],[113.926350822132804,-2.335701539994034,0.0],[113.926349197957194,-2.335700641571293,0.0],[113.926262421473695,-2.335654937125582,0.0],[113.926175366200297,-2.335569384619362,0.0],[113.926136459729904,-2.33549254384576,0.0],[113.926107802832902,-2.33540924504058,0.0],[113.926107563613201,-2.335408566951742,0.0],[113.926106063543997,-2.335404921999498,0.0],[113.926104252309401,-2.335401422737448,0.0],[113.926102593959598,-2.335398753549612,0.0],[113.926100755745296,-2.335396206669543,0.0],[113.926053397446395,-2.335335186769385,0.0],[113.9260524000982,-2.335333946604294,0.0],[113.926052181562994,-2.33533368670021,0.0],[113.925984875401696,-2.335254225302208,0.0],[113.925982665767506,-2.335251801629283,0.0],[113.925980287960002,-2.335249546129603,0.0],[113.925917392074098,-2.335194093932216,0.0],[113.925889049939798,-2.335124780484193,0.0],[113.925887817868599,-2.335122032155994,0.0],[113.9258864059329,-2.335119371961412,0.0],[113.925884298821401,-2.335116045369148,0.0],[113.925881912020699,-2.335112915728416,0.0],[113.925879911029099,-2.335110672819269,0.0],[113.925851871066996,-2.335081281176144,0.0],[113.925851418708007,-2.33506710516275,0.0],[113.925851201971497,-2.335063892784376,0.0],[113.925850758605606,-2.335060703788429,0.0],[113.925849910544997,-2.335056852891398,0.0],[113.925848730634499,-2.335053091027305,0.0],[113.925847229666005,-2.335049446075004,0.0],[113.925845419330699,-2.335045946812954,0.0],[113.9258433122192,-2.33504262022069,0.0],[113.925840924519093,-2.335039490579959,0.0],[113.925838500846197,-2.335036810600286,0.0],[113.9258358712285,-2.335034334766704,0.0],[113.925787340213702,-2.334992173649823,0.0],[113.925786852781101,-2.334991756364445,0.0],[113.925784380544798,-2.33498981292945,0.0],[113.925730819621705,-2.334950669038108,0.0],[113.925726873396599,-2.334948091581111,0.0],[113.925723394818903,-2.334946269554621,0.0],[113.925719771450304,-2.334944760492249,0.0],[113.925719261534695,-2.334944577030569,0.0],[113.925651955373496,-2.33492085561295,0.0],[113.925650664846302,-2.334920423039023,0.0],[113.925577597628006,-2.334897143188584,0.0],[113.925503819945405,-2.334834909203664,0.0],[113.925470430815807,-2.334789649922357,0.0],[113.925468767969306,-2.334787530220297,0.0],[113.925466118566504,-2.334784621812787,0.0],[113.925463227246198,-2.33478195712155,0.0],[113.925460115591903,-2.334779555931732,0.0],[113.925456808784801,-2.334777436229672,0.0],[113.9254522815976,-2.33477513936117,0.0],[113.925373488395806,-2.334740619783702,0.0],[113.925323218092103,-2.334689750531538,0.0],[113.925320232342898,-2.334686990512182,0.0],[113.925317120688604,-2.334684588422988,0.0],[113.925313716754701,-2.334682412962934,0.0],[113.9252461452934,-2.334643619807139,0.0],[113.9252017529586,-2.334578996323557,0.0],[113.925200966051804,-2.334577887459488,0.0],[113.925145981501899,-2.334502785075415,0.0],[113.925144220629406,-2.334500533173014,0.0],[113.925141571226604,-2.334497625664824,0.0],[113.925138679906198,-2.334494960074323,0.0],[113.925134834405199,-2.334492052566134,0.0],[113.9250519816637,-2.334436122828777,0.0],[113.9249930931568,-2.334394201830889,0.0],[113.924989601089194,-2.334391952626447,0.0],[113.924986122511697,-2.334390130600013,0.0],[113.924982500042503,-2.334388621537585,0.0],[113.924979722936001,-2.334387706027769,0.0],[113.924908393207801,-2.334366759018678,0.0],[113.924857557230595,-2.334297341249226,0.0],[113.924855799955296,-2.33429509384348,0.0],[113.924853150552494,-2.33429218543597,0.0],[113.924850259232102,-2.334289519845413,0.0],[113.924847147577907,-2.334287118655539,0.0],[113.924843840770706,-2.334284998953478,0.0],[113.924840362192995,-2.334283177826364,0.0],[113.924836738824496,-2.334281667864616,0.0],[113.924832655003101,-2.334280390827303,0.0],[113.924747634895496,-2.334258198257203,0.0],[113.924698025593401,-2.334198837606209,0.0],[113.924695286258498,-2.334195843763155,0.0],[113.924637846559406,-2.334138485003052,0.0],[113.924596700777201,-2.334082718042964,0.0],[113.924595038830006,-2.334080601038863,0.0],[113.924592389427303,-2.334077692631354,0.0],[113.924589498106897,-2.334075027040797,0.0],[113.924589159062506,-2.3340747437544,0.0],[113.924550373101297,-2.334042653245831,0.0],[113.924524317043605,-2.333999553236765,0.0],[113.9245076013448,-2.333962372565395,0.0],[113.924505572474203,-2.333958394863998,0.0],[113.924503465362704,-2.333955068271734,0.0],[113.924501077662597,-2.333951938631003,0.0],[113.924498428259895,-2.333949030223494,0.0],[113.924495536939503,-2.333946365532313,0.0],[113.9244924261845,-2.333943963443119,0.0],[113.924489118477993,-2.333941844640378,0.0],[113.924485639900496,-2.333940022613888,0.0],[113.924482016531897,-2.333938513551516,0.0],[113.924478276251506,-2.333937327345723,0.0],[113.924474447837596,-2.333936472989762,0.0],[113.9244705600684,-2.33393595857757,0.0],[113.924466641722205,-2.333935785907727,0.0],[113.924462724275401,-2.33393595857757,0.0],[113.924458835606899,-2.333936472989762,0.0],[113.924455007192904,-2.333937327345723,0.0],[113.924451266912499,-2.333938513551516,0.0],[113.924447644443305,-2.333940022613888,0.0],[113.924444165865694,-2.333941844640378,0.0],[113.924440858159201,-2.333943963443119,0.0],[113.924437746504907,-2.333946365532313,0.0],[113.924434855184501,-2.333949030223494,0.0],[113.924432205781699,-2.333951938631003,0.0],[113.924429818980997,-2.333955068271734,0.0],[113.924427711869498,-2.333958394863998,0.0],[113.924425900634901,-2.333961894126048,0.0],[113.924424400565698,-2.333965538178973,0.0],[113.9244232206552,-2.333969300942442,0.0],[113.924422371695201,-2.333973151839416,0.0],[113.924421859980995,-2.333977062991039,0.0],[113.924421689109707,-2.333981003820213,0.0],[113.924421859980995,-2.333984944649444,0.0],[113.924422371695201,-2.33398885580101,0.0],[113.9244232206552,-2.333992707597304,0.0],[113.924424400565698,-2.333996469461454,0.0],[113.924425682999001,-2.333999635974351,0.0],[113.924443526447703,-2.334039326653567,0.0],[113.924445555318101,-2.334043303455644,0.0],[113.924446076924895,-2.334044189287852,0.0],[113.924477518122998,-2.334096196182486,0.0],[113.924479399504804,-2.334099057825199,0.0],[113.924481491327796,-2.334101767482537,0.0],[113.924484140730598,-2.334104675890046,0.0],[113.924487032050905,-2.334107340581284,0.0],[113.924487371095296,-2.334107623867681,0.0],[113.924527790225397,-2.334141066057327,0.0],[113.924567672460199,-2.334195120708216,0.0],[113.924569334407394,-2.334197237712317,0.0],[113.924572099822598,-2.334200262132356,0.0],[113.924630508990802,-2.334258589462308,0.0],[113.924688047615405,-2.334327438860157,0.0],[113.924690685326894,-2.334330330180535,0.0],[113.924693562258199,-2.3343329804826,0.0],[113.924696673013202,-2.334335382571794,0.0],[113.924699980719694,-2.334337501374534,0.0],[113.924703459297206,-2.334339323401025,0.0],[113.924707082665805,-2.334340832463397,0.0],[113.924711165587794,-2.33434211040003,0.0],[113.924794631666899,-2.334363896476589,0.0],[113.924845017983202,-2.334432700009074,0.0],[113.924846775258501,-2.33443494741482,0.0],[113.924849424661303,-2.33443785582233,0.0],[113.924852315981596,-2.334440520513567,0.0],[113.924855426736599,-2.334442922602761,0.0],[113.924858734443106,-2.334445041405502,0.0],[113.924862213020802,-2.334446863431936,0.0],[113.924865836389202,-2.334448372494364,0.0],[113.924868613495704,-2.33444928800418,0.0],[113.924947301476905,-2.334472396084152,0.0],[113.9250005008724,-2.334510266535517,0.0],[113.925001419080303,-2.334510903255534,0.0],[113.925078232874199,-2.33456275636604,0.0],[113.925128172227502,-2.334630966345969,0.0],[113.925177995568106,-2.334703495769645,0.0],[113.925180542448203,-2.334706856536172,0.0],[113.925183191850905,-2.334709764943625,0.0],[113.925186083171297,-2.334712429634862,0.0],[113.9251891939263,-2.334714830824737,0.0],[113.925192598759494,-2.334717006284791,0.0],[113.925263756717101,-2.334757858888054,0.0],[113.925315781598101,-2.334810504301288,0.0],[113.925318768246598,-2.334813265219964,0.0],[113.925321879001601,-2.334815666409838,0.0],[113.925325186708093,-2.334817786111898,0.0],[113.925329712995904,-2.33482008208108,0.0],[113.925405382852205,-2.334853233789659,0.0],[113.925434778092594,-2.334893079152209,0.0],[113.925436440939094,-2.33489519795495,0.0],[113.925439090341797,-2.334898106362459,0.0],[113.925441987058093,-2.334900775550295,0.0],[113.925526650134898,-2.334972193411943,0.0],[113.925529756393203,-2.334974590105219,0.0],[113.925533058703806,-2.33497670531068,0.0],[113.925536537281502,-2.334978527337114,0.0],[113.925540160649902,-2.334980036399486,0.0],[113.925541961092705,-2.334980653334412,0.0],[113.925622868600598,-2.33500643060222,0.0],[113.925683309337302,-2.335027731944251,0.0],[113.925730005735204,-2.335061859417237,0.0],[113.925762191571906,-2.335089820238977,0.0],[113.925762565689894,-2.335101523116748,0.0],[113.925762781527197,-2.335104735495122,0.0],[113.925763224893004,-2.33510792359175,0.0],[113.925764073853003,-2.3351117753881,0.0],[113.925765252864196,-2.335115537252193,0.0],[113.925766753832704,-2.335119182204437,0.0],[113.925768565067301,-2.335122680567224,0.0],[113.9257706721788,-2.335126008058751,0.0],[113.925773058979502,-2.335129137699482,0.0],[113.925775059971102,-2.335131380608686,0.0],[113.925809142478002,-2.335167106176982,0.0],[113.925838256230605,-2.335238306402687,0.0],[113.925839488301804,-2.33524105473083,0.0],[113.925840899338098,-2.335243714925468,0.0],[113.925843006449696,-2.335247041517732,0.0],[113.925845394149604,-2.335250171158407,0.0],[113.925847702709305,-2.335252733326911,0.0],[113.925850200126703,-2.335255111134416,0.0],[113.925918564789995,-2.335315384597266,0.0],[113.925983122623094,-2.335391600342007,0.0],[113.926025286437806,-2.335445928386832,0.0],[113.926052512513493,-2.335525069626215,0.0],[113.926052751733195,-2.335525747715053,0.0],[113.926054937085695,-2.335530803703591,0.0],[113.926098607265004,-2.335617053184421,0.0],[113.926099734115496,-2.335619140510858,0.0],[113.926101840327803,-2.335622468002441,0.0],[113.926104228027697,-2.335625597643173,0.0],[113.926107249749904,-2.335628875672001,0.0],[113.926204311779699,-2.335724262264819,0.0],[113.9262068307806,-2.335726556435361,0.0],[113.926209942434994,-2.335728958524555,0.0],[113.926213249242096,-2.335731077327296,0.0],[113.926214874317097,-2.335731976649356,0.0],[113.926301407084296,-2.335777552492004,0.0],[113.926348434432697,-2.335824884710632,0.0],[113.9263513347464,-2.335827558395067,0.0],[113.926353631614901,-2.335829373226943,0.0],[113.926430493972106,-2.335886117750078,0.0],[113.9264346155651,-2.335888824709457,0.0],[113.926438094142796,-2.335890645836571,0.0],[113.926441717511395,-2.335892155798319,0.0],[113.926446485716795,-2.335893606404738,0.0],[113.926544637724902,-2.335917577833925,0.0],[113.926547438213802,-2.335918167789146,0.0],[113.926551325982899,-2.335918683100715,0.0],[113.926555244329194,-2.335918854871181,0.0],[113.926559161775899,-2.335918683100715,0.0],[113.926563049545194,-2.335918167789146,0.0],[113.926566878858495,-2.335917314332562,0.0],[113.926570619138801,-2.335916128126769,0.0],[113.926574241607995,-2.335914618165077,0.0],[113.926577720185705,-2.335912797037906,0.0],[113.926581027892198,-2.335910677335846,0.0],[113.926584139546407,-2.335908276145972,0.0],[113.926587030866799,-2.335905610555415,0.0],[113.926589680269601,-2.335902702147962,0.0],[113.926592067070303,-2.33589957250723,0.0],[113.926594174181901,-2.335896245914967,0.0],[113.926595985416498,-2.335892746652917,0.0],[113.926597485485701,-2.335889102599936,0.0],[113.926598665396099,-2.335885339836523,0.0],[113.926599514356198,-2.335881488939492,0.0],[113.926600026070403,-2.335877577787926,0.0],[113.926600196941607,-2.335873636958752,0.0],[113.9265999712118,-2.335869112469538,0.0],[113.926599133043595,-2.335860730788056,0.0],[113.926598676188107,-2.335857403296473,0.0],[113.926597827227994,-2.335853551500179,0.0],[113.926596648216801,-2.335849789636029,0.0],[113.926595147248307,-2.335846145583105,0.0],[113.926593336013795,-2.335842646320998,0.0],[113.926591228902097,-2.335839318829471,0.0],[113.926588842101395,-2.33583618918874,0.0],[113.926586192698693,-2.33583328168055,0.0],[113.926583301378301,-2.335830616089993,0.0],[113.926580189724106,-2.335828214900175,0.0],[113.926576882017599,-2.335826095198115,0.0],[113.926573404339294,-2.335824274070944,0.0],[113.926569780970695,-2.335822764109253,0.0],[113.926566040690304,-2.335821577903459,0.0],[113.926562212276295,-2.335820724446819,0.0],[113.926558323607793,-2.335820209135306,0.0],[113.926554406161003,-2.335820037364783,0.0],[113.926550487814794,-2.335820209135306,0.0],[113.926546600045597,-2.335820724446819,0.0],[113.926542771631702,-2.335821577903459,0.0],[113.926539031351197,-2.335822764109253,0.0],[113.926538453986495,-2.335823005127565,0.0],[113.926476438536795,-2.335807858745625,0.0]]],[[[113.925744608926607,-2.332360313977233,0.0],[113.925748496695903,-2.332359798665721,0.0],[113.925752326009004,-2.33235894520908,0.0],[113.925756065390104,-2.332357759003344,0.0],[113.925759688758703,-2.332356249041595,0.0],[113.925763167336399,-2.332354427914481,0.0],[113.925766475042906,-2.332352308212421,0.0],[113.925769585797795,-2.332349907022547,0.0],[113.925772477118102,-2.332347241431989,0.0],[113.925775126521003,-2.33234433302448,0.0],[113.925777514220997,-2.332341203383805,0.0],[113.925779621332495,-2.332337876791541,0.0],[113.925781431667801,-2.332334377529435,0.0],[113.925782932636295,-2.33233073347651,0.0],[113.925784111647502,-2.332326971612417,0.0],[113.925784960607501,-2.332323119816067,0.0],[113.925785414765201,-2.332319822002148,0.0],[113.925785627005098,-2.332316499906483,0.0],[113.925787918477695,-2.332231914171473,0.0],[113.925787934665493,-2.33223068299958,0.0],[113.925787763794304,-2.332226742170349,0.0],[113.925787252080099,-2.332222831018782,0.0],[113.92578640312,-2.332218979222489,0.0],[113.925785224108793,-2.332215217358339,0.0],[113.925783723140398,-2.332211573305415,0.0],[113.925781911905801,-2.332208074043308,0.0],[113.925779828176601,-2.332204780725988,0.0],[113.925777470154202,-2.332201680762921,0.0],[113.925744643100899,-2.332162182538639,0.0],[113.925741967617796,-2.332159242654882,0.0],[113.925739076297404,-2.332156577064325,0.0],[113.925735964643096,-2.33215417587445,0.0],[113.925732656936603,-2.33215205617239,0.0],[113.925728682832499,-2.33215000571812,0.0],[113.925656123731201,-2.332117044665836,0.0],[113.925590714240101,-2.332053259350403,0.0],[113.925567032392706,-2.331995986925222,0.0],[113.925565829099796,-2.331993323133304,0.0],[113.925564457633598,-2.331990742978348,0.0],[113.9255623505221,-2.331987416386085,0.0],[113.925559962822007,-2.33198428674541,0.0],[113.925557313419304,-2.3319813783379,0.0],[113.925554422098898,-2.331978713646663,0.0],[113.925551310444703,-2.331976311557469,0.0],[113.925548003637601,-2.331974191855409,0.0],[113.925544904573698,-2.331972551492015,0.0],[113.925471647598599,-2.331937347530527,0.0],[113.925467644715994,-2.331935656805058,0.0],[113.925463904435702,-2.331934470599265,0.0],[113.925460018465202,-2.331933607250107,0.0],[113.925342704602102,-2.331913114398674,0.0],[113.925256874205402,-2.331892992067878,0.0],[113.925197065692103,-2.331838974289212,0.0],[113.925195843513393,-2.331837910391187,0.0],[113.9251309673203,-2.331783692963029,0.0],[113.925127934806397,-2.331781369114822,0.0],[113.925124717032105,-2.331779313264633,0.0],[113.925120363414095,-2.331777092838536,0.0],[113.925031536476197,-2.331737730411874,0.0],[113.924951155071795,-2.33168538087557,0.0],[113.924949199945701,-2.331684178482021,0.0],[113.924946530757893,-2.331682745861997,0.0],[113.924943770738494,-2.331681497602972,0.0],[113.924855428535196,-2.331645079556722,0.0],[113.924795159569001,-2.331595536804514,0.0],[113.924792935545597,-2.331593822696732,0.0],[113.924716240462203,-2.331538418163404,0.0],[113.924712495685199,-2.331535986396602,0.0],[113.924709304890598,-2.331534301067109,0.0],[113.924615092812402,-2.331489289998672,0.0],[113.924611181660794,-2.33148764423936,0.0],[113.924610254459694,-2.331487315986806,0.0],[113.924530414447105,-2.331460058434914,0.0],[113.924476891295498,-2.331420487365563,0.0],[113.924398746505105,-2.331334432138306,0.0],[113.924396667272404,-2.331332289053876,0.0],[113.924394451342906,-2.331330288961624,0.0],[113.924391339688697,-2.331327887771749,0.0],[113.924388031982204,-2.331325768069689,0.0],[113.924384553404494,-2.331323946942575,0.0],[113.9243809309353,-2.331322436980827,0.0],[113.924380546924795,-2.331322298485247,0.0],[113.924284380619696,-2.331288080180684,0.0],[113.924215631046593,-2.331227216762613,0.0],[113.924214827052694,-2.331226521586643,0.0],[113.924212274776707,-2.331224520595129,0.0],[113.9242095867031,-2.331222709360475,0.0],[113.924136550961094,-2.331177246832453,0.0],[113.924090403149606,-2.331126338010051,0.0],[113.924088311326599,-2.331124179637129,0.0],[113.9240860810079,-2.331122166055081,0.0],[113.924082970252897,-2.331119764865207,0.0],[113.924079662546404,-2.331117645163147,0.0],[113.924076603952102,-2.331116023685524,0.0],[113.924073429345299,-2.331114642326838,0.0],[113.924022213854201,-2.331094677377394,0.0],[113.923931006410797,-2.331041988796699,0.0],[113.923845711110701,-2.330969802014693,0.0],[113.923842576973399,-2.330967381939104,0.0],[113.923839269267006,-2.330965262237044,0.0],[113.923834764562798,-2.330962975261059,0.0],[113.923754716806798,-2.330927854936533,0.0],[113.923752119564696,-2.330926810823598,0.0],[113.923748379284305,-2.330925624617862,0.0],[113.923744550870396,-2.330924771161222,0.0],[113.923743340382899,-2.330924573310369,0.0],[113.923697803211098,-2.330917779831623,0.0],[113.923673001707698,-2.330870872093044,0.0],[113.923672243579304,-2.330869496130276,0.0],[113.923670136467607,-2.330866169538069,0.0],[113.923667748767699,-2.330863039897338,0.0],[113.923665099364896,-2.330860131489828,0.0],[113.923662208044604,-2.330857465899271,0.0],[113.923659852720107,-2.330855608799254,0.0],[113.923592930569399,-2.330806368219271,0.0],[113.923532623831505,-2.330756799386734,0.0],[113.923515500739896,-2.330735181483419,0.0],[113.923514778584305,-2.330734293852515,0.0],[113.923512129181503,-2.330731385445063,0.0],[113.923509237861097,-2.330728719854505,0.0],[113.923506127106194,-2.330726318664631,0.0],[113.923502819399701,-2.330724198962571,0.0],[113.923499340822005,-2.3307223778354,0.0],[113.923495717453406,-2.330720867873708,0.0],[113.9234919771731,-2.330719681667915,0.0],[113.923488148759105,-2.330718828211332,0.0],[113.923484260989895,-2.330718312899762,0.0],[113.923480342643799,-2.330718141129239,0.0],[113.923476425196895,-2.330718312899762,0.0],[113.923472537427799,-2.330718828211332,0.0],[113.923468708114498,-2.330719681667915,0.0],[113.923464967834093,-2.330720867873708,0.0],[113.923461345364899,-2.3307223778354,0.0],[113.923457866787203,-2.330724198962571,0.0],[113.923454559080696,-2.330726318664631,0.0],[113.923451448325693,-2.330728719854505,0.0],[113.923448557005401,-2.330731385445063,0.0],[113.923445907602598,-2.330734293852515,0.0],[113.923443519902506,-2.330737423493247,0.0],[113.923441412790993,-2.330740750085511,0.0],[113.923439602455801,-2.330744249347561,0.0],[113.923438101487207,-2.330747893400485,0.0],[113.923436921576695,-2.330751656163955,0.0],[113.9234360735161,-2.330755507060928,0.0],[113.923435561801895,-2.330759418212551,0.0],[113.923435390031301,-2.330763359041725,0.0],[113.923435561801895,-2.330767299870956,0.0],[113.9234360735161,-2.330771211022522,0.0],[113.923436921576695,-2.330775061919496,0.0],[113.923438101487207,-2.330778824682966,0.0],[113.923439602455801,-2.33078246873589,0.0],[113.923441412790993,-2.330785967997997,0.0],[113.923443196146593,-2.330788823345472,0.0],[113.923445185446994,-2.330791536600088,0.0],[113.9234653023818,-2.330816933454685,0.0],[113.923466024537404,-2.330817821085532,0.0],[113.923468673940206,-2.330820729493041,0.0],[113.923471565260598,-2.330823395083542,0.0],[113.923472015820906,-2.330823771000212,0.0],[113.923536974751599,-2.330877163750074,0.0],[113.923538879515704,-2.330878644933478,0.0],[113.9235984605006,-2.330922485084557,0.0],[113.923629079718395,-2.330980393330435,0.0],[113.923629837846804,-2.330981769293146,0.0],[113.923631944958402,-2.33098509588541,0.0],[113.923634332658395,-2.330988225526141,0.0],[113.923636982061097,-2.330991133933651,0.0],[113.923639873381504,-2.330993798624831,0.0],[113.923642984136393,-2.330996199814706,0.0],[113.9236462918429,-2.330998319516766,0.0],[113.923649770420596,-2.331000141543257,0.0],[113.923653392889804,-2.331001650605629,0.0],[113.923657133170195,-2.331002836811422,0.0],[113.923660962483495,-2.331003691167382,0.0],[113.923662172970893,-2.331003888118914,0.0],[113.923724245077906,-2.331013149337309,0.0],[113.923792843564897,-2.331043246048921,0.0],[113.923876220611206,-2.331113808655289,0.0],[113.923879353849202,-2.331116229630254,0.0],[113.923882706521795,-2.331118374513323,0.0],[113.923980399875603,-2.331174810568996,0.0],[113.923983416201693,-2.33117640326833,0.0],[113.923986543144593,-2.331177761244646,0.0],[113.924031089263394,-2.331195126254045,0.0],[113.924074343955894,-2.331242843382483,0.0],[113.9240764357789,-2.331245002654725,0.0],[113.924078666097699,-2.331247015337453,0.0],[113.924081217474296,-2.331249017228288,0.0],[113.924083906447194,-2.331250828462942,0.0],[113.924159067287206,-2.331297612994376,0.0],[113.924231501382806,-2.331361739152896,0.0],[113.924232306275897,-2.331362435228129,0.0],[113.9242354170309,-2.331364836418004,0.0],[113.924238724737407,-2.331366956120064,0.0],[113.924242203315103,-2.331368777247235,0.0],[113.924245826683702,-2.331370287208927,0.0],[113.924246209794802,-2.331370424805186,0.0],[113.924339955124907,-2.331403782458551,0.0],[113.924413502581203,-2.331484774502712,0.0],[113.924415581813705,-2.331486917587142,0.0],[113.924417797743203,-2.331488917679337,0.0],[113.924420071229406,-2.331490714524818,0.0],[113.924482766566499,-2.331537066482383,0.0],[113.924486912441097,-2.331539790528836,0.0],[113.924490391018793,-2.331541612555327,0.0],[113.924494014387307,-2.331543121617699,0.0],[113.924494940689002,-2.331543449870253,0.0],[113.924578883408799,-2.331572108565922,0.0],[113.924667080821195,-2.331614246300376,0.0],[113.924739353938094,-2.331666455542461,0.0],[113.924803730108096,-2.331719375248895,0.0],[113.924806631321104,-2.33172156959472,0.0],[113.924809699807795,-2.331723522022855,0.0],[113.924812369894994,-2.33172495374356,0.0],[113.924815129914407,-2.331726202002585,0.0],[113.924905805858302,-2.33176358232339,0.0],[113.924985693534893,-2.331815609902435,0.0],[113.924987647761796,-2.331816812295983,0.0],[113.924992001379806,-2.331819033621457,0.0],[113.925078356980606,-2.331857300673846,0.0],[113.925137642987906,-2.331906845224694,0.0],[113.925205397910901,-2.331968039593278,0.0],[113.925206534653995,-2.331969032444817,0.0],[113.925209646308204,-2.331971434534012,0.0],[113.925212954014697,-2.331973553336752,0.0],[113.925216432592407,-2.331975375363243,0.0],[113.925220055061601,-2.331976884425615,0.0],[113.925225226163306,-2.331978431259529,0.0],[113.9253235463447,-2.332001482682244,0.0],[113.9253260014939,-2.3320019863026,0.0],[113.925438478802803,-2.332021633791328,0.0],[113.925490627790296,-2.332046693400116,0.0],[113.925511263633993,-2.332096599478461,0.0],[113.925512466926904,-2.332099263270322,0.0],[113.925513838393002,-2.332101842525958,0.0],[113.9255159455046,-2.332105170017542,0.0],[113.925518333204494,-2.332108299658273,0.0],[113.925521479033094,-2.332111699095606,0.0],[113.925599178659198,-2.332187471474583,0.0],[113.925601573553905,-2.332189645135941,0.0],[113.9256046852081,-2.332192046325815,0.0],[113.925607992914607,-2.332194166027875,0.0],[113.925611967918002,-2.332196216482146,0.0],[113.925682295801394,-2.332228163998536,0.0],[113.925697582477497,-2.332246556933001,0.0],[113.925695755055102,-2.332314036663433,0.0],[113.925695737967999,-2.33231526783527,0.0],[113.925695909738494,-2.332319208664501,0.0],[113.925696421452699,-2.332323119816067,0.0],[113.925697270412797,-2.332326971612417,0.0],[113.925698449424004,-2.33233073347651,0.0],[113.925699950392399,-2.332334377529435,0.0],[113.925701760727705,-2.332337876791541,0.0],[113.925703867839303,-2.332341203383805,0.0],[113.925706255539396,-2.33234433302448,0.0],[113.925708904942098,-2.332347241431989,0.0],[113.925711796262505,-2.332349907022547,0.0],[113.925714907017394,-2.332352308212421,0.0],[113.925718214723901,-2.332354427914481,0.0],[113.925721693301497,-2.332356249041595,0.0],[113.925725316670096,-2.332357759003344,0.0],[113.925729056051196,-2.33235894520908,0.0],[113.925732885364496,-2.332359798665721,0.0],[113.925736773133593,-2.332360313977233,0.0],[113.925740690580497,-2.332360485747756,0.0],[113.925744608926607,-2.332360313977233,0.0]]],[[[113.928453870549802,-2.331146560165564,0.0],[113.928391991797099,-2.331107847049452,0.0],[113.928390726450999,-2.331107084424332,0.0],[113.928387247873303,-2.331105262397898,0.0],[113.928383624504704,-2.331103753335526,0.0],[113.928382488661001,-2.331103354935863,0.0],[113.928298497377796,-2.331075140505277,0.0],[113.928221926400894,-2.331038519212257,0.0],[113.928217999061403,-2.33103686535901,0.0],[113.928212978146504,-2.331035354497942,0.0],[113.928141767128906,-2.33101839957942,0.0],[113.928064297729193,-2.33098205078096,0.0],[113.928063170878701,-2.330981540865366,0.0],[113.927972227836094,-2.330941895152307,0.0],[113.927970625244299,-2.330941233251281,0.0],[113.927884793948095,-2.330907704726769,0.0],[113.927883895525397,-2.330907365682322,0.0],[113.927880155245006,-2.330906179476528,0.0],[113.927876326831097,-2.330905325120625,0.0],[113.927873469684997,-2.330904913231109,0.0],[113.927870592753706,-2.330904686601968,0.0],[113.927787994520401,-2.330900853691389,0.0],[113.927719352865907,-2.33087888595179,0.0],[113.927680491361699,-2.330825495000568,0.0],[113.927678656744703,-2.330823141474752,0.0],[113.927676007341901,-2.330820233067243,0.0],[113.927673116021495,-2.330817568376006,0.0],[113.927671358746196,-2.330816158239088,0.0],[113.927592568242503,-2.330756143780945,0.0],[113.927588723640696,-2.33075351776057,0.0],[113.927525620011494,-2.330715063649222,0.0],[113.927464874404393,-2.330653608477178,0.0],[113.927461892252595,-2.330650852055157,0.0],[113.9274587805983,-2.330648450865283,0.0],[113.927455473791198,-2.330646331163223,0.0],[113.927454805594806,-2.330645950749954,0.0],[113.927380443352803,-2.330604451534157,0.0],[113.927308999410897,-2.330564652936346,0.0],[113.927248880631396,-2.330522633912381,0.0],[113.927176236094496,-2.330469672837069,0.0],[113.927173930232797,-2.330468099922825,0.0],[113.927105652803704,-2.330424544856839,0.0],[113.926626626217896,-2.330120925640131,0.0],[113.926625137839906,-2.330120022720848,0.0],[113.926621660161601,-2.330118200694358,0.0],[113.926618036793002,-2.330116691631986,0.0],[113.926614296512597,-2.330115505426193,0.0],[113.926610468098701,-2.330114651070232,0.0],[113.926606579430199,-2.33011413665804,0.0],[113.926602661983296,-2.330113964887516,0.0],[113.9265987436372,-2.33011413665804,0.0],[113.926594855868004,-2.330114651070232,0.0],[113.926591027453995,-2.330115505426193,0.0],[113.926587287173703,-2.330116691631986,0.0],[113.926583663805104,-2.330118200694358,0.0],[113.926580185227394,-2.330120022720848,0.0],[113.926576878420306,-2.330122142422908,0.0],[113.926573766765998,-2.330124543612726,0.0],[113.926570875445606,-2.330127208303963,0.0],[113.926568226042804,-2.330130116711473,0.0],[113.926565839242102,-2.330133246352204,0.0],[113.926563732130603,-2.330136573843788,0.0],[113.926561920896006,-2.330140072206518,0.0],[113.926560419927497,-2.330143717158762,0.0],[113.926559240916305,-2.330147479022912,0.0],[113.926558391956306,-2.330151329919886,0.0],[113.9265578802421,-2.330155241071452,0.0],[113.926557709370897,-2.330159181900683,0.0],[113.9265578802421,-2.330163123629177,0.0],[113.926558391956306,-2.33016703388148,0.0],[113.926559240916305,-2.330170885677774,0.0],[113.926560419927497,-2.330174647541924,0.0],[113.926561920896006,-2.330178292494168,0.0],[113.926563732130603,-2.330181790856898,0.0],[113.926565839242102,-2.330185118348481,0.0],[113.926568226042804,-2.330188247989213,0.0],[113.926570875445606,-2.330191156396722,0.0],[113.926573766765998,-2.330193821087903,0.0],[113.926576170653803,-2.330195714160823,0.0],[113.926578697748695,-2.330197439060498,0.0],[113.927057613717906,-2.330500988130041,0.0],[113.927124604217198,-2.33054372121569,0.0],[113.927196482531699,-2.330596123812029,0.0],[113.927197212781195,-2.33059664451946,0.0],[113.927259573570495,-2.33064023106175,0.0],[113.927262747278107,-2.330642256335011,0.0],[113.927263446051299,-2.330642653835355,0.0],[113.927336856810598,-2.330683548706759,0.0],[113.927405614477607,-2.330721920080521,0.0],[113.927465744948194,-2.330782752022344,0.0],[113.927468727100205,-2.330785508444421,0.0],[113.927471451146602,-2.33078763444172,0.0],[113.927474329876503,-2.330789544601771,0.0],[113.927540148559004,-2.330829653465685,0.0],[113.927611838016006,-2.330884259400989,0.0],[113.927655476718897,-2.330944214503859,0.0],[113.927657311335906,-2.330946567130297,0.0],[113.927659960738694,-2.330949475537807,0.0],[113.927662852059001,-2.330952141128364,0.0],[113.927665962814004,-2.330954542318239,0.0],[113.927669270520497,-2.330956662020299,0.0],[113.927672749098207,-2.330958483147413,0.0],[113.927676372466607,-2.330959993109161,0.0],[113.927678118050693,-2.330960591158316,0.0],[113.927766379315003,-2.330988837964469,0.0],[113.927769266138696,-2.330989657246846,0.0],[113.927772202425203,-2.330990279577691,0.0],[113.927775059571402,-2.330990691467207,0.0],[113.927777936502594,-2.330990918995667,0.0],[113.927859103015294,-2.330994684457096,0.0],[113.927937271188199,-2.331025219138496,0.0],[113.928026852657197,-2.331064272198375,0.0],[113.928107932834905,-2.331102314420207,0.0],[113.928111560700003,-2.331103826180595,0.0],[113.928116580715695,-2.331105337041606,0.0],[113.928187628955897,-2.331122253289323,0.0],[113.928262362618099,-2.331157995944693,0.0],[113.928266289957406,-2.331159649797939,0.0],[113.928267426700501,-2.331160048197603,0.0],[113.928348997008698,-2.33118744874173,0.0],[113.928411898290506,-2.331226802175138,0.0],[113.928413163636606,-2.331227564800201,0.0],[113.928416642214302,-2.331229385927372,0.0],[113.928420265582901,-2.331230895889064,0.0],[113.9284236641208,-2.331231988565378,0.0],[113.928517123466605,-2.331257972677236,0.0],[113.928521292723502,-2.331258919663355,0.0],[113.928525181392004,-2.331259434974925,0.0],[113.928529098838894,-2.331259606745391,0.0],[113.928533017185003,-2.331259434974925,0.0],[113.928536904954299,-2.331258919663355,0.0],[113.928540924923794,-2.331258014046057,0.0],[113.928603396329805,-2.331240879263135,0.0],[113.928637459950906,-2.3312783027514,0.0],[113.928684762491898,-2.331344670020485,0.0],[113.928686860610199,-2.33134738957034,0.0],[113.928689510013001,-2.331350297977849,0.0],[113.928692401333393,-2.33135296266903,0.0],[113.928694158608593,-2.331354372806004,0.0],[113.928751490389004,-2.331398042085937,0.0],[113.928755226172797,-2.331400601556481,0.0],[113.928812861924101,-2.331435950308787,0.0],[113.928858490826798,-2.331500116037489,0.0],[113.928860616824096,-2.331502874258206,0.0],[113.928863266226799,-2.331505782665715,0.0],[113.928866157547205,-2.331508447356896,0.0],[113.928868680145598,-2.331510426764737,0.0],[113.928871335843496,-2.331512220912202,0.0],[113.928949307964203,-2.33156093359014,0.0],[113.929006938319603,-2.331624811535789,0.0],[113.929008497743993,-2.331626455496462,0.0],[113.929080837410794,-2.331698958839809,0.0],[113.929125783727997,-2.331754614283966,0.0],[113.929126238785003,-2.33175516916566,0.0],[113.929127818893804,-2.331756964212502,0.0],[113.929183765718193,-2.331817232279377,0.0],[113.929213030556994,-2.33187986736192,0.0],[113.929214783335595,-2.331883242517563,0.0],[113.929216890447194,-2.331886570009146,0.0],[113.929219278147201,-2.331889699649878,0.0],[113.929220570473007,-2.331891180833281,0.0],[113.929255689898199,-2.331929737467362,0.0],[113.929257747547098,-2.331931852672824,0.0],[113.929259939194907,-2.331933828483329,0.0],[113.929263049949896,-2.331936230572524,0.0],[113.929266357656402,-2.331938349375264,0.0],[113.929269136561501,-2.331939835954643,0.0],[113.929312555829796,-2.331961125605403,0.0],[113.929316877971601,-2.331962971014264,0.0],[113.929320618251893,-2.331964157220057,0.0],[113.929324446666001,-2.33196501067664,0.0],[113.929328335334503,-2.33196552598821,0.0],[113.929332252781293,-2.331965697758676,0.0],[113.929336171127503,-2.33196552598821,0.0],[113.929340058896599,-2.33196501067664,0.0],[113.929343887310694,-2.331964157220057,0.0],[113.929347627591,-2.331962971014264,0.0],[113.929351250959499,-2.331961461052515,0.0],[113.929354729537195,-2.331959639925401,0.0],[113.929358037243702,-2.331957520223341,0.0],[113.929361147998605,-2.331955119033466,0.0],[113.929364039318997,-2.331952453442909,0.0],[113.9293666887218,-2.3319495450354,0.0],[113.929369076421807,-2.331946415394725,0.0],[113.929371183533405,-2.331943088802461,0.0],[113.929372993868597,-2.331939589540355,0.0],[113.929374494837106,-2.33193594548743,0.0],[113.929375673848298,-2.331932183623337,0.0],[113.929376522808298,-2.331928331826987,0.0],[113.929377034522503,-2.331924420675421,0.0],[113.929377205393706,-2.331920479846247,0.0],[113.929377034522503,-2.331916539017016,0.0],[113.929376522808298,-2.331912627865449,0.0],[113.929375673848298,-2.331908776968419,0.0],[113.929374494837106,-2.331905014205006,0.0],[113.929372993868597,-2.331901370152082,0.0],[113.929371183533405,-2.331897870889975,0.0],[113.929369076421807,-2.331894544297711,0.0],[113.9293666887218,-2.331891414657036,0.0],[113.929364039318997,-2.331888506249527,0.0],[113.929361147998605,-2.331885841558289,0.0],[113.929358037243702,-2.331883439469095,0.0],[113.929354729537195,-2.331881320666355,0.0],[113.929351950632096,-2.331879834087033,0.0],[113.929316207976598,-2.331862308998325,0.0],[113.929291484714298,-2.331835165660323,0.0],[113.929262127245494,-2.331772333626247,0.0],[113.929260374466807,-2.331768958470605,0.0],[113.929258267355195,-2.331765630979021,0.0],[113.929255879655202,-2.331762501338346,0.0],[113.929254299546301,-2.331760706291504,0.0],[113.929194589059094,-2.331696383181509,0.0],[113.929149130128295,-2.331640093715293,0.0],[113.929148675071403,-2.331639538833599,0.0],[113.929145968111996,-2.331636572869513,0.0],[113.929072756102897,-2.331563194485796,0.0],[113.929011657062304,-2.33149547193841,0.0],[113.929009532863702,-2.331493271297404,0.0],[113.929007263874198,-2.331491220843134,0.0],[113.929004742175195,-2.331489241435293,0.0],[113.929002086477198,-2.331487448187147,0.0],[113.928926394137903,-2.331440160035299,0.0],[113.928880652819899,-2.331375836025984,0.0],[113.928878526822601,-2.331373077805267,0.0],[113.928875877419799,-2.331370169397758,0.0],[113.928872986099506,-2.331367503807201,0.0],[113.928870313314405,-2.331365415581445,0.0],[113.928867492141094,-2.331363535998321,0.0],[113.928803961333799,-2.331324571072059,0.0],[113.9287538619012,-2.331286411039002,0.0],[113.928708963248098,-2.331223413529642,0.0],[113.928706865129797,-2.331220694879107,0.0],[113.9287055835958,-2.331219224487597,0.0],[113.928651185403993,-2.331159461839661,0.0],[113.928649123258495,-2.331157339439642,0.0],[113.928646926214697,-2.331155358233161,0.0],[113.928643814560502,-2.331152957043287,0.0],[113.928640507753201,-2.331150837341227,0.0],[113.928637029175704,-2.331149016214056,0.0],[113.928633405807105,-2.331147506252364,0.0],[113.928629665526699,-2.331146320046571,0.0],[113.928625837112804,-2.331145466589987,0.0],[113.928621948444203,-2.331144951278418,0.0],[113.928618030997399,-2.331144779507895,0.0],[113.928614113550594,-2.331144951278418,0.0],[113.928610224881993,-2.331145466589987,0.0],[113.928606205811803,-2.331146372207286,0.0],[113.928529179777897,-2.331167498181458,0.0],[113.928453870549802,-2.331146560165564,0.0]]],[[[113.927188224057304,-2.328083364055942,0.0],[113.927192111826599,-2.32808284874443,0.0],[113.927195940240495,-2.328081995287789,0.0],[113.9271996805209,-2.328080809082053,0.0],[113.927203303889399,-2.328079299120304,0.0],[113.927206782467096,-2.32807747799319,0.0],[113.927210090173602,-2.32807535829113,0.0],[113.927213200928605,-2.328072957101256,0.0],[113.927216092248997,-2.328070291510699,0.0],[113.9272187416517,-2.328067383103189,0.0],[113.927221129351693,-2.328064253462458,0.0],[113.927223236463306,-2.328060926870251,0.0],[113.927225046798497,-2.328057427608144,0.0],[113.927226547767106,-2.32805378355522,0.0],[113.927227726778298,-2.328050020791807,0.0],[113.927228575738198,-2.328046169894776,0.0],[113.927229087452503,-2.32804225874321,0.0],[113.927229258323706,-2.328038317913979,0.0],[113.927229087452503,-2.328034377084805,0.0],[113.927228575738198,-2.328030465933182,0.0],[113.927227726778298,-2.328026615036208,0.0],[113.927226547767106,-2.328022852272738,0.0],[113.927225046798497,-2.328019208219814,0.0],[113.927223236463306,-2.328015708957764,0.0],[113.927221129351693,-2.3280123823655,0.0],[113.9272187416517,-2.328009252724769,0.0],[113.927216171389205,-2.328006424356943,0.0],[113.927213372699001,-2.328003824416896,0.0],[113.927162659928896,-2.327960585012931,0.0],[113.927159462839001,-2.327958110977988,0.0],[113.927156155132494,-2.327955991275928,0.0],[113.927154258462295,-2.327954949861009,0.0],[113.927078006744594,-2.327915454334686,0.0],[113.927008249930907,-2.327875796930414,0.0],[113.926951577353506,-2.327828503382705,0.0],[113.926948555631398,-2.327826191225711,0.0],[113.926945351346902,-2.327824144368719,0.0],[113.926941872769206,-2.327822323241605,0.0],[113.926938249400806,-2.327820813279857,0.0],[113.9269341565861,-2.327819533544584,0.0],[113.926835165510496,-2.327793717605914,0.0],[113.926831689630802,-2.32779295767881,0.0],[113.926830680591493,-2.327792790404885,0.0],[113.926768227172005,-2.327783182048165,0.0],[113.926699625087707,-2.32774754461343,0.0],[113.926618775136404,-2.327704486872506,0.0],[113.926615988137399,-2.327703124399648,0.0],[113.926613115702807,-2.327701957978945,0.0],[113.926610808042398,-2.327701183662668,0.0],[113.9265312243366,-2.327676864195894,0.0],[113.926450816851798,-2.327639454197424,0.0],[113.926448367997907,-2.327638402889932,0.0],[113.926358766743803,-2.327603030755199,0.0],[113.926357719033604,-2.327602632355536,0.0],[113.926352659447701,-2.32760111160195,0.0],[113.926290330134606,-2.327586329445523,0.0],[113.926210577356301,-2.327540969440122,0.0],[113.926209237366507,-2.327540237391986,0.0],[113.926035391220395,-2.327449044337868,0.0],[113.925977041407407,-2.327384860622772,0.0],[113.925974970268697,-2.327382727430859,0.0],[113.925972763332396,-2.327380736331861,0.0],[113.925969651678102,-2.327378335141987,0.0],[113.925966343971695,-2.327376215439926,0.0],[113.925963143284505,-2.327374524714514,0.0],[113.925959816692298,-2.327373099289048,0.0],[113.925853062668807,-2.327332348309199,0.0],[113.925772583238199,-2.327265231005583,0.0],[113.925715392651298,-2.327204303735584,0.0],[113.925699766031499,-2.327147709399242,0.0],[113.925698694938902,-2.327144345934755,0.0],[113.925697432290704,-2.327141224387958,0.0],[113.925657869315302,-2.32705296312372,0.0],[113.925655819760294,-2.327048940456166,0.0],[113.925653712648796,-2.327045612964639,0.0],[113.925651325848094,-2.327042483323908,0.0],[113.925648676445306,-2.327039574916398,0.0],[113.925645785124999,-2.327036910225161,0.0],[113.925642673470605,-2.327034509035343,0.0],[113.925639366663503,-2.327032389333226,0.0],[113.925635888085793,-2.327030568206112,0.0],[113.925632264717294,-2.32702905824442,0.0],[113.925628524436902,-2.327027872038627,0.0],[113.925624696022993,-2.327027018581987,0.0],[113.925619556397507,-2.327026410640315,0.0],[113.925594553446004,-2.327024915967058,0.0],[113.925514783580397,-2.326953043048434,0.0],[113.925513686407598,-2.326952086169797,0.0],[113.925512555959699,-2.326951163465367,0.0],[113.925435527227805,-2.326890310839133,0.0],[113.925433671027093,-2.326888920487249,0.0],[113.925348367633106,-2.326828401509488,0.0],[113.925271686938899,-2.326763732160487,0.0],[113.925268582479106,-2.32676133726585,0.0],[113.925265281967199,-2.326759222959708,0.0],[113.925261803389603,-2.326757401832594,0.0],[113.925258180920395,-2.326755891870846,0.0],[113.925254440639904,-2.32675470566511,0.0],[113.925250612225994,-2.326753852208469,0.0],[113.925249332490793,-2.3267536444651,0.0],[113.925151791122303,-2.326739245419787,0.0],[113.925081778001797,-2.32672665491117,0.0],[113.924997758839595,-2.326701576416554,0.0],[113.924950601089407,-2.326664393047281,0.0],[113.924948036223,-2.326662513464157,0.0],[113.924945345451405,-2.326660820040786,0.0],[113.924941866873695,-2.326658998913615,0.0],[113.924938243505196,-2.326657488951923,0.0],[113.924934503224804,-2.32665630274613,0.0],[113.924930674810895,-2.32665544928949,0.0],[113.924926787041599,-2.326654933977977,0.0],[113.924922868695504,-2.326654762207454,0.0],[113.9249189512486,-2.326654933977977,0.0],[113.924915063479503,-2.32665544928949,0.0],[113.924911234166203,-2.32665630274613,0.0],[113.924907493885797,-2.326657488951923,0.0],[113.924903871416603,-2.326658998913615,0.0],[113.924900392838893,-2.326660820040786,0.0],[113.9248970851324,-2.326662939742846,0.0],[113.924893974377497,-2.326665340932664,0.0],[113.924891083057105,-2.326668006523221,0.0],[113.924888433654402,-2.32667091493073,0.0],[113.924886045954295,-2.326674044571462,0.0],[113.924883938842797,-2.326677371163726,0.0],[113.924882128507505,-2.326680870425776,0.0],[113.924880627538997,-2.3266845144787,0.0],[113.924879448527804,-2.32668827634285,0.0],[113.924878599567805,-2.326692128139143,0.0],[113.9248780878536,-2.326696039290709,0.0],[113.924877916083005,-2.32669998011994,0.0],[113.9248780878536,-2.326703920949171,0.0],[113.924878599567805,-2.326707832100738,0.0],[113.924879448527804,-2.326711682997711,0.0],[113.924880627538997,-2.326715445761181,0.0],[113.924882128507505,-2.326719089814105,0.0],[113.924883938842797,-2.326722589076155,0.0],[113.924886045954295,-2.326725915668419,0.0],[113.924888433654402,-2.32672904530915,0.0],[113.924891083057105,-2.32673195371666,0.0],[113.924893974377497,-2.326734618407841,0.0],[113.924895136301501,-2.3267355671926,0.0],[113.924949031772499,-2.326778063756592,0.0],[113.924951596638905,-2.326779943339659,0.0],[113.9249542874105,-2.326781635863767,0.0],[113.924957765988196,-2.326783456990881,0.0],[113.924961389356696,-2.32678496695263,0.0],[113.924963975806904,-2.326785825805189,0.0],[113.925058607868607,-2.326814072611342,0.0],[113.925063484891993,-2.326815235434708,0.0],[113.925136711290307,-2.326828403308127,0.0],[113.925138043186195,-2.32682862094407,0.0],[113.925223682027294,-2.326841261814707,0.0],[113.925292043992698,-2.326898915552476,0.0],[113.925295016252093,-2.326901216917577,0.0],[113.9253809069033,-2.326962152281453,0.0],[113.925455881583702,-2.327021382530745,0.0],[113.925546245462897,-2.327102800853538,0.0],[113.925547342635795,-2.327103757732175,0.0],[113.925550454290104,-2.327106158922049,0.0],[113.925553761996497,-2.32710827862411,0.0],[113.925557240574193,-2.32711009975128,0.0],[113.925560863043401,-2.327111609712972,0.0],[113.925564603323906,-2.327112795918765,0.0],[113.925568431737801,-2.327113649375349,0.0],[113.925573571363302,-2.327114257317078,0.0],[113.925587084576406,-2.327115064908298,0.0],[113.925614060640399,-2.327175244841612,0.0],[113.925631748506504,-2.327239302651662,0.0],[113.925632819599102,-2.327242666116092,0.0],[113.925634319668205,-2.327246311068336,0.0],[113.925636130902802,-2.327249809431123,0.0],[113.9256382380144,-2.327253136922707,0.0],[113.925640625714294,-2.327256266563381,0.0],[113.925642375795107,-2.327258244172583,0.0],[113.925709096497698,-2.32732932388916,0.0],[113.925712886240703,-2.327332918479385,0.0],[113.925713090386907,-2.327333090249851,0.0],[113.925801435288093,-2.327406767208515,0.0],[113.925804450714807,-2.327409073969534,0.0],[113.925807649603399,-2.327411116329927,0.0],[113.925810851189894,-2.327412807055339,0.0],[113.925814176882795,-2.327414233380125,0.0],[113.925917915479403,-2.327453832328445,0.0],[113.925974397400594,-2.327515962891312,0.0],[113.925976469438496,-2.327518096083224,0.0],[113.925978676374797,-2.327520087182222,0.0],[113.9259817871298,-2.327522488372097,0.0],[113.925985094836307,-2.327524608074157,0.0],[113.925986785561804,-2.327525541570424,0.0],[113.926166989914705,-2.327620070210003,0.0],[113.926251654790093,-2.327668223509647,0.0],[113.926254965194502,-2.327669928624232,0.0],[113.926258405101393,-2.327671353150379,0.0],[113.926263463787905,-2.327672873004644,0.0],[113.926328906553906,-2.327688393504502,0.0],[113.926414283692296,-2.327722098296135,0.0],[113.926496308158093,-2.327760259228512,0.0],[113.926499804722297,-2.327761709834988,0.0],[113.926502112382707,-2.327762484151265,0.0],[113.926580532365705,-2.327786448385837,0.0],[113.926657759847799,-2.327827577080996,0.0],[113.926658167240703,-2.327827791119603,0.0],[113.926733520535507,-2.327866935910322,0.0],[113.926736109683802,-2.327868176974732,0.0],[113.9267387725763,-2.327869249865955,0.0],[113.926742512856805,-2.327870436071692,0.0],[113.9267463412707,-2.327871289528332,0.0],[113.926747350310094,-2.327871456802256,0.0],[113.926814821946607,-2.327881837676614,0.0],[113.926901888911104,-2.327904543759644,0.0],[113.926953935375906,-2.327947976517862,0.0],[113.926956956198595,-2.327950288674856,0.0],[113.926960160483105,-2.327952335531791,0.0],[113.926960519312601,-2.327952541476577,0.0],[113.927034531718306,-2.327994618956438,0.0],[113.927036070458399,-2.327995454426627,0.0],[113.927108531533605,-2.328032985833602,0.0],[113.927155325058294,-2.32807288425613,0.0],[113.927158522148105,-2.32807535829113,0.0],[113.927161829854597,-2.32807747799319,0.0],[113.927165308432294,-2.328079299120304,0.0],[113.927168930901502,-2.328080809082053,0.0],[113.927172671181907,-2.328081995287789,0.0],[113.927176500495193,-2.32808284874443,0.0],[113.927180388264304,-2.328083364055942,0.0],[113.927184305711194,-2.328083535826465,0.0],[113.927188224057304,-2.328083364055942,0.0]]]]}},
{"type":"Feature","properties":{"id":"ID_00004","Name":"2019","description":"<html xmlns:fo=\"http://www.w3.org/1999/XSL/Format\" xmlns:msxsl=\"urn:schemas-microsoft-com:xslt\">\n\n<head>\n\n<META http-equiv=\"Content-Type\" content=\"text/html\">\n\n<meta http-equiv=\"content-type\" content=\"text/html; charset=UTF-8\">\n\n</head>\n\n<body style=\"margin:0px 0px 0px 0px;overflow:auto;background:#FFFFFF;\">\n\n<table style=\"font-family:Arial,Verdana,Times;font-size:12px;text-align:left;width:100%;border-collapse:collapse;padding:3px 3px 3px 3px\">\n\n<tr style=\"text-align:center;font-weight:bold;background:#9CBCE2\">\n\n<td>2019</td>\n\n</tr>\n\n<tr>\n\n<td>\n\n<table style=\"font-family:Arial,Verdana,Times;font-size:12px;text-align:left;width:100%;border-spacing:0px; padding:3px 3px 3px 3px\">\n\n<tr>\n\n<td>FID</td>\n\n<td>4</td>\n\n</tr>\n\n<tr bgcolor=\"#D4E4F3\">\n\n<td>OBJECTID_1</td>\n\n<td>5</td>\n\n</tr>\n\n<tr>\n\n<td>id</td>\n\n<td>1</td>\n\n</tr>\n\n<tr bgcolor=\"#D4E4F3\">\n\n<td>Year</td>\n\n<td>2019</td>\n\n</tr>\n\n<tr>\n\n<td>Provinsi</td>\n\n<td>Kalimantan Tengah</td>\n\n</tr>\n\n<tr bgcolor=\"#D4E4F3\">\n\n<td>Kab_Kota</td>\n\n<td>Palangka Raya</td>\n\n</tr>\n\n<tr>\n\n<td>Kecamatan</td>\n\n<td>Jekan Raya</td>\n\n</tr>\n\n<tr bgcolor=\"#D4E4F3\">\n\n<td>Desa_Kel</td>\n\n<td>Kereng Bangkirai</td>\n\n</tr>\n\n<tr>\n\n<td>Pelaksanaa</td>\n\n<td>20 Mei-12 Jun 2020; 21-29 Nov 2020; 18-26 Jun 2021</td>\n\n</tr>\n\n<tr bgcolor=\"#D4E4F3\">\n\n<td>Jlh_Transk</td>\n\n<td>85</td>\n\n</tr>\n\n<tr>\n\n<td>M1</td>\n\n<td>Mei-Jun 20</td>\n\n</tr>\n\n<tr bgcolor=\"#D4E4F3\">\n\n<td>M2</td>\n\n<td>Nov 20</td>\n\n</tr>\n\n<tr>\n\n<td>M3</td>\n\n<td>Jun 21</td>\n\n</tr>\n\n<tr bgcolor=\"#D4E4F3\">\n\n<td>M4</td>\n\n<td></td>\n\n</tr>\n\n<tr>\n\n<td>M5</td>\n\n<td></td>\n\n</tr>\n\n<tr bgcolor=\"#D4E4F3\">\n\n<td>Jlh_Bibit</td>\n\n<td>25,666</td>\n\n</tr>\n\n<tr>\n\n<td>Sbr_Bibit</td>\n\n<td>BPDAS-DARWIN</td>\n\n</tr>\n\n<tr bgcolor=\"#D4E4F3\">\n\n<td>Pelaksana</td>\n\n<td>BNF-Masyarakat</td>\n\n</tr>\n\n<tr>\n\n<td>Keterangan</td>\n\n<td>Areal Blok-C</td>\n\n</tr>\n\n<tr bgcolor=\"#D4E4F3\">\n\n<td>Jn_Bibit</td>\n\n<td>Balangeran; Pulai; Jelutung; Mahadingan; Patanak; Tabaras; Prupuk; Tampohot</td>\n\n</tr>\n\n<tr>\n\n<td>Luas_Ha</td>\n\n<td>36.0056</td>\n\n</tr>\n\n<tr bgcolor=\"#D4E4F3\">\n\n<td>Kanal</td>\n\n<td>Ruslan</td>\n\n</tr>\n\n<tr>\n\n<td>Kawasan</td>\n\n<td>Laboratorium Alam Hutan Gambut CIMTROP-UPR</td>\n\n</tr>\n\n<tr bgcolor=\"#D4E4F3\">\n\n<td>Tahap</td>\n\n<td></td>\n\n</tr>\n\n<tr>\n\n<td>Zona</td>\n\n<td>Zona Rehabilitasi</td>\n\n</tr>\n\n<tr bgcolor=\"#D4E4F3\">\n\n<td>Resort</td>\n\n<td>Sebangau Hulu</td>\n\n</tr>\n\n<tr>\n\n<td>SPTN</td>\n\n<td>SPTN I Taman Nasional Sebangau</td>\n\n</tr>\n\n<tr bgcolor=\"#D4E4F3\">\n\n<td>Luas</td>\n\n<td>36.0055524204591</td>\n\n</tr>\n\n<tr>\n\n<td>Shape_Leng</td>\n\n<td>0.021718</td>\n\n</tr>\n\n</table>\n\n</td>\n\n</tr>\n\n</table>\n\n</body>\n\n</html>","timestamp":null,"begin":null,"end":null,"altitudeMode":null,"tessellate":-1,"extrude":0,"visibility":-1,"drawOrder":null,"icon":null,"snippet":""},"geometry":{"type":"MultiPolygon","coordinates":[[[[113.9196262764316,-2.325127441777965,0.0],[113.919625702664106,-2.325128696332229,0.0],[113.919625203540406,-2.325129787209846,0.0],[113.9196197176759,-2.325141783266645,0.0],[113.919547109111804,-2.325300562171151,0.0],[113.919264025014897,-2.32591960240768,0.0],[113.917366552624301,-2.330068943027243,0.0],[113.922557307274005,-2.331654074575852,0.0],[113.924711519920706,-2.326933167131926,0.0],[113.924711606255599,-2.326932977374952,0.0],[113.924757817019696,-2.326831604894608,0.0],[113.924765001703605,-2.326815844275757,0.0],[113.924770760961906,-2.326803209700302,0.0],[113.924780447559698,-2.326781960519043,0.0],[113.9247941613215,-2.326751875498587,0.0],[113.924794408635094,-2.326751333207426,0.0],[113.924795432962895,-2.326749085801623,0.0],[113.924813011111596,-2.326710525570263,0.0],[113.924809301408203,-2.326709583980062,0.0],[113.924679389841998,-2.326669928374429,0.0],[113.9196282252625,-2.325128034431202,0.0],[113.9196262764316,-2.325127441777965,0.0]]]]}},
{"type":"Feature","properties":{"id":"ID_00005","Name":"2020","description":"<html xmlns:fo=\"http://www.w3.org/1999/XSL/Format\" xmlns:msxsl=\"urn:schemas-microsoft-com:xslt\">\n\n<head>\n\n<META http-equiv=\"Content-Type\" content=\"text/html\">\n\n<meta http-equiv=\"content-type\" content=\"text/html; charset=UTF-8\">\n\n</head>\n\n<body style=\"margin:0px 0px 0px 0px;overflow:auto;background:#FFFFFF;\">\n\n<table style=\"font-family:Arial,Verdana,Times;font-size:12px;text-align:left;width:100%;border-collapse:collapse;padding:3px 3px 3px 3px\">\n\n<tr style=\"text-align:center;font-weight:bold;background:#9CBCE2\">\n\n<td>2020</td>\n\n</tr>\n\n<tr>\n\n<td>\n\n<table style=\"font-family:Arial,Verdana,Times;font-size:12px;text-align:left;width:100%;border-spacing:0px; padding:3px 3px 3px 3px\">\n\n<tr>\n\n<td>FID</td>\n\n<td>5</td>\n\n</tr>\n\n<tr bgcolor=\"#D4E4F3\">\n\n<td>OBJECTID_1</td>\n\n<td>6</td>\n\n</tr>\n\n<tr>\n\n<td>id</td>\n\n<td>1</td>\n\n</tr>\n\n<tr bgcolor=\"#D4E4F3\">\n\n<td>Year</td>\n\n<td>2020</td>\n\n</tr>\n\n<tr>\n\n<td>Provinsi</td>\n\n<td>Kalimantan Tengah</td>\n\n</tr>\n\n<tr bgcolor=\"#D4E4F3\">\n\n<td>Kab_Kota</td>\n\n<td>Palangka Raya</td>\n\n</tr>\n\n<tr>\n\n<td>Kecamatan</td>\n\n<td>Jekan Raya</td>\n\n</tr>\n\n<tr bgcolor=\"#D4E4F3\">\n\n<td>Desa_Kel</td>\n\n<td>Kereng Bangkirai</td>\n\n</tr>\n\n<tr>\n\n<td>Pelaksanaa</td>\n\n<td>11-15 Des 2020; 6-7 Des 2021</td>\n\n</tr>\n\n<tr bgcolor=\"#D4E4F3\">\n\n<td>Jlh_Transk</td>\n\n<td>61</td>\n\n</tr>\n\n<tr>\n\n<td>M1</td>\n\n<td>Des 20</td>\n\n</tr>\n\n<tr bgcolor=\"#D4E4F3\">\n\n<td>M2</td>\n\n<td>Des 21</td>\n\n</tr>\n\n<tr>\n\n<td>M3</td>\n\n<td></td>\n\n</tr>\n\n<tr bgcolor=\"#D4E4F3\">\n\n<td>M4</td>\n\n<td></td>\n\n</tr>\n\n<tr>\n\n<td>M5</td>\n\n<td></td>\n\n</tr>\n\n<tr bgcolor=\"#D4E4F3\">\n\n<td>Jlh_Bibit</td>\n\n<td>23,236</td>\n\n</tr>\n\n<tr>\n\n<td>Sbr_Bibit</td>\n\n<td>CN-DARWIN</td>\n\n</tr>\n\n<tr bgcolor=\"#D4E4F3\">\n\n<td>Pelaksana</td>\n\n<td>BNF-Masyarakat</td>\n\n</tr>\n\n<tr>\n\n<td>Keterangan</td>\n\n<td>Areal Blok-D</td>\n\n</tr>\n\n<tr bgcolor=\"#D4E4F3\">\n\n<td>Jn_Bibit</td>\n\n<td>Balangeran; Jambu-jambu; Prupuk; Tampohot; Gerunggang; Papung; Patanak galeget; Tabaras</td>\n\n</tr>\n\n<tr>\n\n<td>Luas_Ha</td>\n\n<td>25.0035</td>\n\n</tr>\n\n<tr bgcolor=\"#D4E4F3\">\n\n<td>Kanal</td>\n\n<td>Ruslan</td>\n\n</tr>\n\n<tr>\n\n<td>Kawasan</td>\n\n<td>Laboratorium Alam Hutan Gambut CIMTROP-UPR</td>\n\n</tr>\n\n<tr bgcolor=\"#D4E4F3\">\n\n<td>Tahap</td>\n\n<td></td>\n\n</tr>\n\n<tr>\n\n<td>Zona</td>\n\n<td>Zona Rehabilitasi</td>\n\n</tr>\n\n<tr bgcolor=\"#D4E4F3\">\n\n<td>Resort</td>\n\n<td>Sebangau Hulu</td>\n\n</tr>\n\n<tr>\n\n<td>SPTN</td>\n\n<td>SPTN I Taman Nasional Sebangau</td>\n\n</tr>\n\n<tr bgcolor=\"#D4E4F3\">\n\n<td>Luas</td>\n\n<td>25.0035011537156</td>\n\n</tr>\n\n<tr>\n\n<td>Shape_Leng</td>\n\n<td>0.021296</td>\n\n</tr>\n\n</table>\n\n</td>\n\n</tr>\n\n</table>\n\n</body>\n\n</html>","timestamp":null,"begin":null,"end":null,"altitudeMode":null,"tessellate":-1,"extrude":0,"visibility":-1,"drawOrder":null,"icon":null,"snippet":""},"geometry":{"type":"MultiPolygon","coordinates":[[[[113.9196262764316,-2.325127441777965,0.0],[113.9196282252625,-2.325128034431202,0.0],[113.924679389841998,-2.326669928374429,0.0],[113.924809301408203,-2.326709583980062,0.0],[113.924813011111596,-2.326710525570263,0.0],[113.925940305001205,-2.324237572505922,0.0],[113.918033204768705,-2.32182703868682,0.0],[113.918016268735897,-2.322245506724698,0.0],[113.917511508049799,-2.32209104276734,0.0],[113.917483540932693,-2.322224439206479,0.0],[113.9181603734025,-2.323833705860807,0.0],[113.918255408360395,-2.323910813732994,0.0],[113.918325264998998,-2.324114439130028,0.0],[113.918451227642095,-2.324202413510534,0.0],[113.918659165288304,-2.324316379197512,0.0],[113.918884449058197,-2.324429962672582,0.0],[113.919044808970895,-2.324529126417985,0.0],[113.919660506427206,-2.325052588506082,0.0],[113.9196262764316,-2.325127441777965,0.0]]]]}},
{"type":"Feature","properties":{"id":"ID_00006","Name":"2021","description":"<html xmlns:fo=\"http://www.w3.org/1999/XSL/Format\" xmlns:msxsl=\"urn:schemas-microsoft-com:xslt\">\n\n<head>\n\n<META http-equiv=\"Content-Type\" content=\"text/html\">\n\n<meta http-equiv=\"content-type\" content=\"text/html; charset=UTF-8\">\n\n</head>\n\n<body style=\"margin:0px 0px 0px 0px;overflow:auto;background:#FFFFFF;\">\n\n<table style=\"font-family:Arial,Verdana,Times;font-size:12px;text-align:left;width:100%;border-collapse:collapse;padding:3px 3px 3px 3px\">\n\n<tr style=\"text-align:center;font-weight:bold;background:#9CBCE2\">\n\n<td>2021</td>\n\n</tr>\n\n<tr>\n\n<td>\n\n<table style=\"font-family:Arial,Verdana,Times;font-size:12px;text-align:left;width:100%;border-spacing:0px; padding:3px 3px 3px 3px\">\n\n<tr>\n\n<td>FID</td>\n\n<td>6</td>\n\n</tr>\n\n<tr bgcolor=\"#D4E4F3\">\n\n<td>OBJECTID_1</td>\n\n<td>7</td>\n\n</tr>\n\n<tr>\n\n<td>id</td>\n\n<td>1</td>\n\n</tr>\n\n<tr bgcolor=\"#D4E4F3\">\n\n<td>Year</td>\n\n<td>2021</td>\n\n</tr>\n\n<tr>\n\n<td>Provinsi</td>\n\n<td>Kalimantan Tengah</td>\n\n</tr>\n\n<tr bgcolor=\"#D4E4F3\">\n\n<td>Kab_Kota</td>\n\n<td>Palangka Raya</td>\n\n</tr>\n\n<tr>\n\n<td>Kecamatan</td>\n\n<td>Jekan Raya</td>\n\n</tr>\n\n<tr bgcolor=\"#D4E4F3\">\n\n<td>Desa_Kel</td>\n\n<td>Kereng Bangkirai</td>\n\n</tr>\n\n<tr>\n\n<td>Pelaksanaa</td>\n\n<td>19 Nov-05 Des 2021</td>\n\n</tr>\n\n<tr bgcolor=\"#D4E4F3\">\n\n<td>Jlh_Transk</td>\n\n<td>158</td>\n\n</tr>\n\n<tr>\n\n<td>M1</td>\n\n<td>Nov-Des 21</td>\n\n</tr>\n\n<tr bgcolor=\"#D4E4F3\">\n\n<td>M2</td>\n\n<td></td>\n\n</tr>\n\n<tr>\n\n<td>M3</td>\n\n<td></td>\n\n</tr>\n\n<tr bgcolor=\"#D4E4F3\">\n\n<td>M4</td>\n\n<td></td>\n\n</tr>\n\n<tr>\n\n<td>M5</td>\n\n<td></td>\n\n</tr>\n\n<tr bgcolor=\"#D4E4F3\">\n\n<td>Jlh_Bibit</td>\n\n<td>47,400</td>\n\n</tr>\n\n<tr>\n\n<td>Sbr_Bibit</td>\n\n<td>CN, CAMP, BPDAS-DARWIN</td>\n\n</tr>\n\n<tr bgcolor=\"#D4E4F3\">\n\n<td>Pelaksana</td>\n\n<td>BNF-Masyarakat</td>\n\n</tr>\n\n<tr>\n\n<td>Keterangan</td>\n\n<td>Areal Blok-E</td>\n\n</tr>\n\n<tr bgcolor=\"#D4E4F3\">\n\n<td>Jn_Bibit</td>\n\n<td>Balangeran; Geronggang; Jambu-jambu; Katiau; Mahadingan; Prupuk; Pulai; Tabaras; Tampohot</td>\n\n</tr>\n\n<tr>\n\n<td>Luas_Ha</td>\n\n<td>101.765</td>\n\n</tr>\n\n<tr bgcolor=\"#D4E4F3\">\n\n<td>Kanal</td>\n\n<td>Ruslan</td>\n\n</tr>\n\n<tr>\n\n<td>Kawasan</td>\n\n<td>Laboratorium Alam Hutan Gambut CIMTROP-UPR</td>\n\n</tr>\n\n<tr bgcolor=\"#D4E4F3\">\n\n<td>Tahap</td>\n\n<td></td>\n\n</tr>\n\n<tr>\n\n<td>Zona</td>\n\n<td>Zona Rehabilitasi</td>\n\n</tr>\n\n<tr bgcolor=\"#D4E4F3\">\n\n<td>Resort</td>\n\n<td>Sebangau Hulu</td>\n\n</tr>\n\n<tr>\n\n<td>SPTN</td>\n\n<td>SPTN I Taman Nasional Sebangau</td>\n\n</tr>\n\n<tr bgcolor=\"#D4E4F3\">\n\n<td>Luas</td>\n\n<td>101.7646688053</td>\n\n</tr>\n\n<tr>\n\n<td>Shape_Leng</td>\n\n<td>0.041524</td>\n\n</tr>\n\n</table>\n\n</td>\n\n</tr>\n\n</table>\n\n</body>\n\n</html>","timestamp":null,"begin":null,"end":null,"altitudeMode":null,"tessellate":-1,"extrude":0,"visibility":-1,"drawOrder":null,"icon":null,"snippet":""},"geometry":{"type":"MultiPolygon","coordinates":[[[[113.922557307274005,-2.331654074575852,0.0],[113.917366552624301,-2.330068943027243,0.0],[113.915565327477907,-2.334007832395514,0.0],[113.915561135737903,-2.33401699828579,0.0],[113.915183368317798,-2.334843094832934,0.0],[113.914138492797306,-2.337128015845224,0.0],[113.913117409740707,-2.339360912875804,0.0],[113.912160154267795,-2.341454236923425,0.0],[113.912118572314299,-2.3415451673755,0.0],[113.9120098919431,-2.341782829414001,0.0],[113.911324982661895,-2.343280589127858,0.0],[113.910992282068307,-2.344008138864467,0.0],[113.915673196660805,-2.345435057182101,0.0],[113.915676485481498,-2.345436059926158,0.0],[113.916197272086507,-2.345594813649654,0.0],[113.916201860427606,-2.345596212095472,0.0],[113.916242087102702,-2.345507965220349,0.0],[113.922557307274005,-2.331654074575852,0.0]]]]}},
{"type":"Feature","properties":{"id":"ID_00007","Name":"2016","description":"<html xmlns:fo=\"http://www.w3.org/1999/XSL/Format\" xmlns:msxsl=\"urn:schemas-microsoft-com:xslt\">\n\n<head>\n\n<META http-equiv=\"Content-Type\" content=\"text/html\">\n\n<meta http-equiv=\"content-type\" content=\"text/html; charset=UTF-8\">\n\n</head>\n\n<body style=\"margin:0px 0px 0px 0px;overflow:auto;background:#FFFFFF;\">\n\n<table style=\"font-family:Arial,Verdana,Times;font-size:12px;text-align:left;width:100%;border-collapse:collapse;padding:3px 3px 3px 3px\">\n\n<tr style=\"text-align:center;font-weight:bold;background:#9CBCE2\">\n\n<td>2016</td>\n\n</tr>\n\n<tr>\n\n<td>\n\n<table style=\"font-family:Arial,Verdana,Times;font-size:12px;text-align:left;width:100%;border-spacing:0px; padding:3px 3px 3px 3px\">\n\n<tr>\n\n<td>FID</td>\n\n<td>7</td>\n\n</tr>\n\n<tr bgcolor=\"#D4E4F3\">\n\n<td>OBJECTID_1</td>\n\n<td>8</td>\n\n</tr>\n\n<tr>\n\n<td>id</td>\n\n<td>2</td>\n\n</tr>\n\n<tr bgcolor=\"#D4E4F3\">\n\n<td>Year</td>\n\n<td>2016</td>\n\n</tr>\n\n<tr>\n\n<td>Provinsi</td>\n\n<td>Kalimantan Tengah</td>\n\n</tr>\n\n<tr bgcolor=\"#D4E4F3\">\n\n<td>Kab_Kota</td>\n\n<td>Palangka Raya</td>\n\n</tr>\n\n<tr>\n\n<td>Kecamatan</td>\n\n<td>Jekan Raya</td>\n\n</tr>\n\n<tr bgcolor=\"#D4E4F3\">\n\n<td>Desa_Kel</td>\n\n<td>Kereng Bangkirai</td>\n\n</tr>\n\n<tr>\n\n<td>Pelaksanaa</td>\n\n<td></td>\n\n</tr>\n\n<tr bgcolor=\"#D4E4F3\">\n\n<td>Jlh_Transk</td>\n\n<td></td>\n\n</tr>\n\n<tr>\n\n<td>M1</td>\n\n<td></td>\n\n</tr>\n\n<tr bgcolor=\"#D4E4F3\">\n\n<td>M2</td>\n\n<td></td>\n\n</tr>\n\n<tr>\n\n<td>M3</td>\n\n<td></td>\n\n</tr>\n\n<tr bgcolor=\"#D4E4F3\">\n\n<td>M4</td>\n\n<td></td>\n\n</tr>\n\n<tr>\n\n<td>M5</td>\n\n<td></td>\n\n</tr>\n\n<tr bgcolor=\"#D4E4F3\">\n\n<td>Jlh_Bibit</td>\n\n<td></td>\n\n</tr>\n\n<tr>\n\n<td>Sbr_Bibit</td>\n\n<td></td>\n\n</tr>\n\n<tr bgcolor=\"#D4E4F3\">\n\n<td>Pelaksana</td>\n\n<td>BNF-Masyarakat</td>\n\n</tr>\n\n<tr>\n\n<td>Keterangan</td>\n\n<td>BFA Plot</td>\n\n</tr>\n\n<tr bgcolor=\"#D4E4F3\">\n\n<td>Jn_Bibit</td>\n\n<td></td>\n\n</tr>\n\n<tr>\n\n<td>Luas_Ha</td>\n\n<td>0.179813</td>\n\n</tr>\n\n<tr bgcolor=\"#D4E4F3\">\n\n<td>Kanal</td>\n\n<td>Ruslan</td>\n\n</tr>\n\n<tr>\n\n<td>Kawasan</td>\n\n<td>Laboratorium Alam Hutan Gambut CIMTROP-UPR</td>\n\n</tr>\n\n<tr bgcolor=\"#D4E4F3\">\n\n<td>Tahap</td>\n\n<td></td>\n\n</tr>\n\n<tr>\n\n<td>Zona</td>\n\n<td>Zona Rehabilitasi</td>\n\n</tr>\n\n<tr bgcolor=\"#D4E4F3\">\n\n<td>Resort</td>\n\n<td>Sebangau Hulu</td>\n\n</tr>\n\n<tr>\n\n<td>SPTN</td>\n\n<td>SPTN I Taman Nasional Sebangau</td>\n\n</tr>\n\n<tr bgcolor=\"#D4E4F3\">\n\n<td>Luas</td>\n\n<td>0.179812765916238</td>\n\n</tr>\n\n<tr>\n\n<td>Shape_Leng</td>\n\n<td>0.001554</td>\n\n</tr>\n\n</table>\n\n</td>\n\n</tr>\n\n</table>\n\n</body>\n\n</html>","timestamp":null,"begin":null,"end":null,"altitudeMode":null,"tessellate":-1,"extrude":0,"visibility":-1,"drawOrder":null,"icon":null,"snippet":""},"geometry":{"type":"MultiPolygon","coordinates":[[[[113.917564583339001,-2.321742702064,0.0],[113.917521381706507,-2.322053947531629,0.0],[113.917979905548194,-2.322149187534933,0.0],[113.917994632846103,-2.321814377131773,0.0],[113.917564583339001,-2.321742702064,0.0]]]]}},
{"type":"Feature","properties":{"id":"ID_00008","Name":"2023","description":"<html xmlns:fo=\"http://www.w3.org/1999/XSL/Format\" xmlns:msxsl=\"urn:schemas-microsoft-com:xslt\">\n\n<head>\n\n<META http-equiv=\"Content-Type\" content=\"text/html\">\n\n<meta http-equiv=\"content-type\" content=\"text/html; charset=UTF-8\">\n\n</head>\n\n<body style=\"margin:0px 0px 0px 0px;overflow:auto;background:#FFFFFF;\">\n\n<table style=\"font-family:Arial,Verdana,Times;font-size:12px;text-align:left;width:100%;border-collapse:collapse;padding:3px 3px 3px 3px\">\n\n<tr style=\"text-align:center;font-weight:bold;background:#9CBCE2\">\n\n<td>2023</td>\n\n</tr>\n\n<tr>\n\n<td>\n\n<table style=\"font-family:Arial,Verdana,Times;font-size:12px;text-align:left;width:100%;border-spacing:0px; padding:3px 3px 3px 3px\">\n\n<tr>\n\n<td>FID</td>\n\n<td>8</td>\n\n</tr>\n\n<tr bgcolor=\"#D4E4F3\">\n\n<td>OBJECTID_1</td>\n\n<td>9</td>\n\n</tr>\n\n<tr>\n\n<td>id</td>\n\n<td>1</td>\n\n</tr>\n\n<tr bgcolor=\"#D4E4F3\">\n\n<td>Year</td>\n\n<td>2023</td>\n\n</tr>\n\n<tr>\n\n<td>Provinsi</td>\n\n<td>Kalimantan Tengah</td>\n\n</tr>\n\n<tr bgcolor=\"#D4E4F3\">\n\n<td>Kab_Kota</td>\n\n<td>Palangka Raya</td>\n\n</tr>\n\n<tr>\n\n<td>Kecamatan</td>\n\n<td>Sabangau</td>\n\n</tr>\n\n<tr bgcolor=\"#D4E4F3\">\n\n<td>Desa_Kel</td>\n\n<td>Kereng Bangkirai</td>\n\n</tr>\n\n<tr>\n\n<td>Pelaksanaa</td>\n\n<td></td>\n\n</tr>\n\n<tr bgcolor=\"#D4E4F3\">\n\n<td>Jlh_Transk</td>\n\n<td></td>\n\n</tr>\n\n<tr>\n\n<td>M1</td>\n\n<td></td>\n\n</tr>\n\n<tr bgcolor=\"#D4E4F3\">\n\n<td>M2</td>\n\n<td></td>\n\n</tr>\n\n<tr>\n\n<td>M3</td>\n\n<td></td>\n\n</tr>\n\n<tr bgcolor=\"#D4E4F3\">\n\n<td>M4</td>\n\n<td></td>\n\n</tr>\n\n<tr>\n\n<td>M5</td>\n\n<td></td>\n\n</tr>\n\n<tr bgcolor=\"#D4E4F3\">\n\n<td>Jlh_Bibit</td>\n\n<td></td>\n\n</tr>\n\n<tr>\n\n<td>Sbr_Bibit</td>\n\n<td></td>\n\n</tr>\n\n<tr bgcolor=\"#D4E4F3\">\n\n<td>Pelaksana</td>\n\n<td>BNF-Masyarakat</td>\n\n</tr>\n\n<tr>\n\n<td>Keterangan</td>\n\n<td>Area Blok-G</td>\n\n</tr>\n\n<tr bgcolor=\"#D4E4F3\">\n\n<td>Jn_Bibit</td>\n\n<td></td>\n\n</tr>\n\n<tr>\n\n<td>Luas_Ha</td>\n\n<td>21.074</td>\n\n</tr>\n\n<tr bgcolor=\"#D4E4F3\">\n\n<td>Kanal</td>\n\n<td>Alui</td>\n\n</tr>\n\n<tr>\n\n<td>Kawasan</td>\n\n<td>Laboratorium Alam Hutan Gambut CIMTROP-UPR</td>\n\n</tr>\n\n<tr bgcolor=\"#D4E4F3\">\n\n<td>Tahap</td>\n\n<td></td>\n\n</tr>\n\n<tr>\n\n<td>Zona</td>\n\n<td>Zona Tradisional</td>\n\n</tr>\n\n<tr bgcolor=\"#D4E4F3\">\n\n<td>Resort</td>\n\n<td>Sebangau Hulu</td>\n\n</tr>\n\n<tr>\n\n<td>SPTN</td>\n\n<td>SPTN I Taman Nasional Sebangau</td>\n\n</tr>\n\n<tr bgcolor=\"#D4E4F3\">\n\n<td>Luas</td>\n\n<td>21.0740341120585</td>\n\n</tr>\n\n<tr>\n\n<td>Shape_Leng</td>\n\n<td>0.019654</td>\n\n</tr>\n\n</table>\n\n</td>\n\n</tr>\n\n</table>\n\n</body>\n\n</html>","timestamp":null,"begin":null,"end":null,"altitudeMode":null,"tessellate":-1,"extrude":0,"visibility":-1,"drawOrder":null,"icon":null,"snippet":""},"geometry":{"type":"MultiPolygon","coordinates":[[[[113.944591700146901,-2.329071661427975,0.0],[113.944515836936404,-2.331374487942242,0.0],[113.948896976914099,-2.332654424661939,0.0],[113.950324184813297,-2.333071374644192,0.0],[113.951737810251799,-2.333455715209027,0.0],[113.951751333357393,-2.331050092587645,0.0],[113.944591700146901,-2.329071661427975,0.0]]]]}},
{"type":"Feature","properties":{"id":"ID_00009","Name":"2023","description":"<html xmlns:fo=\"http://www.w3.org/1999/XSL/Format\" xmlns:msxsl=\"urn:schemas-microsoft-com:xslt\">\n\n<head>\n\n<META http-equiv=\"Content-Type\" content=\"text/html\">\n\n<meta http-equiv=\"content-type\" content=\"text/html; charset=UTF-8\">\n\n</head>\n\n<body style=\"margin:0px 0px 0px 0px;overflow:auto;background:#FFFFFF;\">\n\n<table style=\"font-family:Arial,Verdana,Times;font-size:12px;text-align:left;width:100%;border-collapse:collapse;padding:3px 3px 3px 3px\">\n\n<tr style=\"text-align:center;font-weight:bold;background:#9CBCE2\">\n\n<td>2023</td>\n\n</tr>\n\n<tr>\n\n<td>\n\n<table style=\"font-family:Arial,Verdana,Times;font-size:12px;text-align:left;width:100%;border-spacing:0px; padding:3px 3px 3px 3px\">\n\n<tr>\n\n<td>FID</td>\n\n<td>9</td>\n\n</tr>\n\n<tr bgcolor=\"#D4E4F3\">\n\n<td>OBJECTID_1</td>\n\n<td>10</td>\n\n</tr>\n\n<tr>\n\n<td>id</td>\n\n<td>1</td>\n\n</tr>\n\n<tr bgcolor=\"#D4E4F3\">\n\n<td>Year</td>\n\n<td>2023</td>\n\n</tr>\n\n<tr>\n\n<td>Provinsi</td>\n\n<td>Kalimantan Tengah</td>\n\n</tr>\n\n<tr bgcolor=\"#D4E4F3\">\n\n<td>Kab_Kota</td>\n\n<td>Palangka Raya</td>\n\n</tr>\n\n<tr>\n\n<td>Kecamatan</td>\n\n<td>Sabangau</td>\n\n</tr>\n\n<tr bgcolor=\"#D4E4F3\">\n\n<td>Desa_Kel</td>\n\n<td>Kereng Bangkirai</td>\n\n</tr>\n\n<tr>\n\n<td>Pelaksanaa</td>\n\n<td></td>\n\n</tr>\n\n<tr bgcolor=\"#D4E4F3\">\n\n<td>Jlh_Transk</td>\n\n<td></td>\n\n</tr>\n\n<tr>\n\n<td>M1</td>\n\n<td></td>\n\n</tr>\n\n<tr bgcolor=\"#D4E4F3\">\n\n<td>M2</td>\n\n<td></td>\n\n</tr>\n\n<tr>\n\n<td>M3</td>\n\n<td></td>\n\n</tr>\n\n<tr bgcolor=\"#D4E4F3\">\n\n<td>M4</td>\n\n<td></td>\n\n</tr>\n\n<tr>\n\n<td>M5</td>\n\n<td></td>\n\n</tr>\n\n<tr bgcolor=\"#D4E4F3\">\n\n<td>Jlh_Bibit</td>\n\n<td></td>\n\n</tr>\n\n<tr>\n\n<td>Sbr_Bibit</td>\n\n<td></td>\n\n</tr>\n\n<tr bgcolor=\"#D4E4F3\">\n\n<td>Pelaksana</td>\n\n<td>BNF-Masyarakat</td>\n\n</tr>\n\n<tr>\n\n<td>Keterangan</td>\n\n<td>Area BloK-H</td>\n\n</tr>\n\n<tr bgcolor=\"#D4E4F3\">\n\n<td>Jn_Bibit</td>\n\n<td></td>\n\n</tr>\n\n<tr>\n\n<td>Luas_Ha</td>\n\n<td>41.4789</td>\n\n</tr>\n\n<tr bgcolor=\"#D4E4F3\">\n\n<td>Kanal</td>\n\n<td>Kartika</td>\n\n</tr>\n\n<tr>\n\n<td>Kawasan</td>\n\n<td>Laboratorium Alam Hutan Gambut CIMTROP-UPR</td>\n\n</tr>\n\n<tr bgcolor=\"#D4E4F3\">\n\n<td>Tahap</td>\n\n<td></td>\n\n</tr>\n\n<tr>\n\n<td>Zona</td>\n\n<td>Zona Tradisional</td>\n\n</tr>\n\n<tr bgcolor=\"#D4E4F3\">\n\n<td>Resort</td>\n\n<td>Sebangau Hulu</td>\n\n</tr>\n\n<tr>\n\n<td>SPTN</td>\n\n<td>SPTN I Taman Nasional Sebangau</td>\n\n</tr>\n\n<tr bgcolor=\"#D4E4F3\">\n\n<td>Luas</td>\n\n<td>41.4789107753544</td>\n\n</tr>\n\n<tr>\n\n<td>Shape_Leng</td>\n\n<td>0.030349</td>\n\n</tr>\n\n</table>\n\n</td>\n\n</tr>\n\n</table>\n\n</body>\n\n</html>","timestamp":null,"begin":null,"end":null,"altitudeMode":null,"tessellate":-1,"extrude":0,"visibility":-1,"drawOrder":null,"icon":null,"snippet":""},"geometry":{"type":"MultiPolygon","coordinates":[[[[113.951751333357393,-2.331050092587645,0.0],[113.951737914573201,-2.33343636179859,0.0],[113.962153397561295,-2.338393607478963,0.0],[113.9640193505127,-2.335634510823979,0.0],[113.951751333357393,-2.331050092587645,0.0]]]]}},
{"type":"Feature","properties":{"id":"ID_00010","Name":"2023","description":"<html xmlns:fo=\"http://www.w3.org/1999/XSL/Format\" xmlns:msxsl=\"urn:schemas-microsoft-com:xslt\">\n\n<head>\n\n<META http-equiv=\"Content-Type\" content=\"text/html\">\n\n<meta http-equiv=\"content-type\" content=\"text/html; charset=UTF-8\">\n\n</head>\n\n<body style=\"margin:0px 0px 0px 0px;overflow:auto;background:#FFFFFF;\">\n\n<table style=\"font-family:Arial,Verdana,Times;font-size:12px;text-align:left;width:100%;border-collapse:collapse;padding:3px 3px 3px 3px\">\n\n<tr style=\"text-align:center;font-weight:bold;background:#9CBCE2\">\n\n<td>2023</td>\n\n</tr>\n\n<tr>\n\n<td>\n\n<table style=\"font-family:Arial,Verdana,Times;font-size:12px;text-align:left;width:100%;border-spacing:0px; padding:3px 3px 3px 3px\">\n\n<tr>\n\n<td>FID</td>\n\n<td>10</td>\n\n</tr>\n\n<tr bgcolor=\"#D4E4F3\">\n\n<td>OBJECTID_1</td>\n\n<td>11</td>\n\n</tr>\n\n<tr>\n\n<td>id</td>\n\n<td>1</td>\n\n</tr>\n\n<tr bgcolor=\"#D4E4F3\">\n\n<td>Year</td>\n\n<td>2023</td>\n\n</tr>\n\n<tr>\n\n<td>Provinsi</td>\n\n<td>Kalimantan Tengah</td>\n\n</tr>\n\n<tr bgcolor=\"#D4E4F3\">\n\n<td>Kab_Kota</td>\n\n<td>Palangka Raya</td>\n\n</tr>\n\n<tr>\n\n<td>Kecamatan</td>\n\n<td>Sabangau</td>\n\n</tr>\n\n<tr bgcolor=\"#D4E4F3\">\n\n<td>Desa_Kel</td>\n\n<td>Kereng Bangkirai</td>\n\n</tr>\n\n<tr>\n\n<td>Pelaksanaa</td>\n\n<td></td>\n\n</tr>\n\n<tr bgcolor=\"#D4E4F3\">\n\n<td>Jlh_Transk</td>\n\n<td></td>\n\n</tr>\n\n<tr>\n\n<td>M1</td>\n\n<td></td>\n\n</tr>\n\n<tr bgcolor=\"#D4E4F3\">\n\n<td>M2</td>\n\n<td></td>\n\n</tr>\n\n<tr>\n\n<td>M3</td>\n\n<td></td>\n\n</tr>\n\n<tr bgcolor=\"#D4E4F3\">\n\n<td>M4</td>\n\n<td></td>\n\n</tr>\n\n<tr>\n\n<td>M5</td>\n\n<td></td>\n\n</tr>\n\n<tr bgcolor=\"#D4E4F3\">\n\n<td>Jlh_Bibit</td>\n\n<td></td>\n\n</tr>\n\n<tr>\n\n<td>Sbr_Bibit</td>\n\n<td></td>\n\n</tr>\n\n<tr bgcolor=\"#D4E4F3\">\n\n<td>Pelaksana</td>\n\n<td>BNF-Masyarakat</td>\n\n</tr>\n\n<tr>\n\n<td>Keterangan</td>\n\n<td>Area Blok-I</td>\n\n</tr>\n\n<tr bgcolor=\"#D4E4F3\">\n\n<td>Jn_Bibit</td>\n\n<td></td>\n\n</tr>\n\n<tr>\n\n<td>Luas_Ha</td>\n\n<td>18.8413</td>\n\n</tr>\n\n<tr bgcolor=\"#D4E4F3\">\n\n<td>Kanal</td>\n\n<td>Jumri</td>\n\n</tr>\n\n<tr>\n\n<td>Kawasan</td>\n\n<td>Laboratorium Alam Hutan Gambut CIMTROP-UPR</td>\n\n</tr>\n\n<tr bgcolor=\"#D4E4F3\">\n\n<td>Tahap</td>\n\n<td>Tahap I</td>\n\n</tr>\n\n<tr>\n\n<td>Zona</td>\n\n<td>Zona Tradisional</td>\n\n</tr>\n\n<tr bgcolor=\"#D4E4F3\">\n\n<td>Resort</td>\n\n<td>Sebangau Hulu</td>\n\n</tr>\n\n<tr>\n\n<td>SPTN</td>\n\n<td>SPTN I Taman Nasional Sebangau</td>\n\n</tr>\n\n<tr bgcolor=\"#D4E4F3\">\n\n<td>Luas</td>\n\n<td>18.8412811863059</td>\n\n</tr>\n\n<tr>\n\n<td>Shape_Leng</td>\n\n<td>0.015673</td>\n\n</tr>\n\n</table>\n\n</td>\n\n</tr>\n\n</table>\n\n</body>\n\n</html>","timestamp":null,"begin":null,"end":null,"altitudeMode":null,"tessellate":-1,"extrude":0,"visibility":-1,"drawOrder":null,"icon":null,"snippet":""},"geometry":{"type":"MultiPolygon","coordinates":[[[[113.964302834807995,-2.335208814035468,0.0],[113.962150992774099,-2.338394224413889,0.0],[113.965015676132595,-2.340919208654498,0.0],[113.967404928394799,-2.337582666306957,0.0],[113.964302834807995,-2.335208814035468,0.0]]]]}},
{"type":"Feature","properties":{"id":"ID_00011","Name":"2022","description":"<html xmlns:fo=\"http://www.w3.org/1999/XSL/Format\" xmlns:msxsl=\"urn:schemas-microsoft-com:xslt\">\n\n<head>\n\n<META http-equiv=\"Content-Type\" content=\"text/html\">\n\n<meta http-equiv=\"content-type\" content=\"text/html; charset=UTF-8\">\n\n</head>\n\n<body style=\"margin:0px 0px 0px 0px;overflow:auto;background:#FFFFFF;\">\n\n<table style=\"font-family:Arial,Verdana,Times;font-size:12px;text-align:left;width:100%;border-collapse:collapse;padding:3px 3px 3px 3px\">\n\n<tr style=\"text-align:center;font-weight:bold;background:#9CBCE2\">\n\n<td>2022</td>\n\n</tr>\n\n<tr>\n\n<td>\n\n<table style=\"font-family:Arial,Verdana,Times;font-size:12px;text-align:left;width:100%;border-spacing:0px; padding:3px 3px 3px 3px\">\n\n<tr>\n\n<td>FID</td>\n\n<td>11</td>\n\n</tr>\n\n<tr bgcolor=\"#D4E4F3\">\n\n<td>OBJECTID_1</td>\n\n<td>12</td>\n\n</tr>\n\n<tr>\n\n<td>id</td>\n\n<td>1</td>\n\n</tr>\n\n<tr bgcolor=\"#D4E4F3\">\n\n<td>Year</td>\n\n<td>2022</td>\n\n</tr>\n\n<tr>\n\n<td>Provinsi</td>\n\n<td>Kalimantan Tengah</td>\n\n</tr>\n\n<tr bgcolor=\"#D4E4F3\">\n\n<td>Kab_Kota</td>\n\n<td>Palangka Raya</td>\n\n</tr>\n\n<tr>\n\n<td>Kecamatan</td>\n\n<td>Sabangau</td>\n\n</tr>\n\n<tr bgcolor=\"#D4E4F3\">\n\n<td>Desa_Kel</td>\n\n<td>Kereng Bangkirai</td>\n\n</tr>\n\n<tr>\n\n<td>Pelaksanaa</td>\n\n<td></td>\n\n</tr>\n\n<tr bgcolor=\"#D4E4F3\">\n\n<td>Jlh_Transk</td>\n\n<td></td>\n\n</tr>\n\n<tr>\n\n<td>M1</td>\n\n<td></td>\n\n</tr>\n\n<tr bgcolor=\"#D4E4F3\">\n\n<td>M2</td>\n\n<td></td>\n\n</tr>\n\n<tr>\n\n<td>M3</td>\n\n<td></td>\n\n</tr>\n\n<tr bgcolor=\"#D4E4F3\">\n\n<td>M4</td>\n\n<td></td>\n\n</tr>\n\n<tr>\n\n<td>M5</td>\n\n<td></td>\n\n</tr>\n\n<tr bgcolor=\"#D4E4F3\">\n\n<td>Jlh_Bibit</td>\n\n<td></td>\n\n</tr>\n\n<tr>\n\n<td>Sbr_Bibit</td>\n\n<td></td>\n\n</tr>\n\n<tr bgcolor=\"#D4E4F3\">\n\n<td>Pelaksana</td>\n\n<td>BNF-Masyarakat</td>\n\n</tr>\n\n<tr>\n\n<td>Keterangan</td>\n\n<td>Area Blok-F</td>\n\n</tr>\n\n<tr bgcolor=\"#D4E4F3\">\n\n<td>Jn_Bibit</td>\n\n<td></td>\n\n</tr>\n\n<tr>\n\n<td>Luas_Ha</td>\n\n<td>76.6843</td>\n\n</tr>\n\n<tr bgcolor=\"#D4E4F3\">\n\n<td>Kanal</td>\n\n<td>Ruslan</td>\n\n</tr>\n\n<tr>\n\n<td>Kawasan</td>\n\n<td>Laboratorium Alam Hutan Gambut CIMTROP-UPR</td>\n\n</tr>\n\n<tr bgcolor=\"#D4E4F3\">\n\n<td>Tahap</td>\n\n<td>Tahap I &amp; II</td>\n\n</tr>\n\n<tr>\n\n<td>Zona</td>\n\n<td>Zona Rehabilitasi</td>\n\n</tr>\n\n<tr bgcolor=\"#D4E4F3\">\n\n<td>Resort</td>\n\n<td>Sebangau Hulu</td>\n\n</tr>\n\n<tr>\n\n<td>SPTN</td>\n\n<td>SPTN I Taman Nasional Sebangau</td>\n\n</tr>\n\n<tr bgcolor=\"#D4E4F3\">\n\n<td>Luas</td>\n\n<td>76.6843039906197</td>\n\n</tr>\n\n<tr>\n\n<td>Shape_Leng</td>\n\n<td>0.041596</td>\n\n</tr>\n\n</table>\n\n</td>\n\n</tr>\n\n</table>\n\n</body>\n\n</html>","timestamp":null,"begin":null,"end":null,"altitudeMode":null,"tessellate":-1,"extrude":0,"visibility":-1,"drawOrder":null,"icon":null,"snippet":""},"geometry":{"type":"MultiPolygon","coordinates":[[[[113.912995104640501,-2.323204084201052,0.0],[113.912909414537907,-2.323389929101893,0.0],[113.912828741753103,-2.323564895803258,0.0],[113.913100846027305,-2.32364795988542,0.0],[113.9127928399176,-2.324714968620867,0.0],[113.912730107708398,-2.325405669535996,0.0],[113.912563698056303,-2.325354869531566,0.0],[113.912427584765297,-2.325650078288447,0.0],[113.912491940250902,-2.325894228935454,0.0],[113.9126805073996,-2.325951790942327,0.0],[113.912677104364903,-2.325989253101511,0.0],[113.911618443136703,-2.328285320311238,0.0],[113.911463344257996,-2.328237974602814,0.0],[113.911340396142506,-2.328499784337509,0.0],[113.911187256886507,-2.328453036678241,0.0],[113.910204212454502,-2.330585105318335,0.0],[113.910540259425503,-2.330687686487522,0.0],[113.910207537248098,-2.331409309691821,0.0],[113.910056300058301,-2.331737320321054,0.0],[113.910185012828194,-2.332225625212402,0.0],[113.910238644797701,-2.332429086932791,0.0],[113.910574692668007,-2.332531668101979,0.0],[113.910681952110494,-2.332938587046101,0.0],[113.910911597592204,-2.333719623961429,0.0],[113.911790493336596,-2.33398791151285,0.0],[113.912454584211801,-2.334204622944924,0.0],[113.912463143959002,-2.334191874155636,0.0],[113.912008883802997,-2.335177104839488,0.0],[113.9125258851616,-2.335334921469382,0.0],[113.914250488968904,-2.33587894385812,0.0],[113.914590555010093,-2.335141980917626,0.0],[113.915044261183795,-2.33415794992942,0.0],[113.914630661176105,-2.334031697704631,0.0],[113.914872638161796,-2.333506881237554,0.0],[113.914639987145705,-2.333435863574209,0.0],[113.914700481841805,-2.333304659682256,0.0],[113.914338582059898,-2.333194187861409,0.0],[113.914231319020203,-2.332787268917286,0.0],[113.914473296005895,-2.332262452450152,0.0],[113.914637187556195,-2.332162812064098,0.0],[113.914833793744606,-2.331736400314583,0.0],[113.914683624949404,-2.331166713972607,0.0],[113.914916275066005,-2.331237732535271,0.0],[113.914991893661096,-2.331073726771024,0.0],[113.914755915153506,-2.330178505633455,0.0],[113.915117813136604,-2.330288977454302,0.0],[113.915208554731095,-2.3300921716164,0.0],[113.915337802597605,-2.330131625773845,0.0],[113.915398297293706,-2.330000421881891,0.0],[113.915760196176194,-2.330110894602058,0.0],[113.916087982874203,-2.329911612930573,0.0],[113.916398183329505,-2.330006303448101,0.0],[113.916504047024205,-2.329776698435865,0.0],[113.916865944108096,-2.329887170256654,0.0],[113.916941562703101,-2.329723164492407,0.0],[113.917381009226204,-2.329857308268117,0.0],[113.917483989694503,-2.329633958940008,0.0],[113.917515911130394,-2.329643703094348,0.0],[113.917804424434706,-2.329017954814731,0.0],[113.918092937738905,-2.328392206535057,0.0],[113.918381451942494,-2.327766458255383,0.0],[113.918655298203504,-2.327172522593798,0.0],[113.918939930033801,-2.326555192867829,0.0],[113.919208933445603,-2.32597176038837,0.0],[113.919409668421494,-2.325536393189964,0.0],[113.919371589327397,-2.3255247694525,0.0],[113.919538150964996,-2.325156706616667,0.0],[113.919033550358094,-2.325009077506877,0.0],[113.919154171927502,-2.324747467421616,0.0],[113.918947375521,-2.324684341309251,0.0],[113.918915197778205,-2.324562265536088,0.0],[113.918579149907899,-2.32445968346758,0.0],[113.918609397705595,-2.324394082420895,0.0],[113.918428449613302,-2.324338846060868,0.0],[113.918443572612901,-2.324306045087837,0.0],[113.918236775306994,-2.324242917176832,0.0],[113.918193869551502,-2.324080150678355,0.0],[113.916177601215395,-2.323464657367992,0.0],[113.916117106519295,-2.323595859461307,0.0],[113.915445019771894,-2.323390695324292,0.0],[113.915339154278598,-2.323620302135168,0.0],[113.914692917644103,-2.323423029549133,0.0],[113.914662671645004,-2.323488629696442,0.0],[113.914068131639098,-2.323307136615028,0.0],[113.914053007740193,-2.323339937588003,0.0],[113.913923760773102,-2.323300483430501,0.0],[113.913908636874098,-2.323333284403532,0.0],[113.913727688781805,-2.323278047144129,0.0],[113.913712565782404,-2.323310847217783,0.0],[113.913531618589303,-2.3232556108577,0.0],[113.913516494690498,-2.323288411830674,0.0],[113.913361397610501,-2.323241065222931,0.0],[113.913346273711596,-2.323273867095224,0.0],[113.913165324719998,-2.323218628936502,0.0],[113.913150200821207,-2.323251429909533,0.0],[113.912995104640501,-2.323204084201052,0.0]]]]}},
{"type":"Feature","properties":{"id":"ID_00012","Name":"2023","description":"<html xmlns:fo=\"http://www.w3.org/1999/XSL/Format\" xmlns:msxsl=\"urn:schemas-microsoft-com:xslt\">\n\n<head>\n\n<META http-equiv=\"Content-Type\" content=\"text/html\">\n\n<meta http-equiv=\"content-type\" content=\"text/html; charset=UTF-8\">\n\n</head>\n\n<body style=\"margin:0px 0px 0px 0px;overflow:auto;background:#FFFFFF;\">\n\n<table style=\"font-family:Arial,Verdana,Times;font-size:12px;text-align:left;width:100%;border-collapse:collapse;padding:3px 3px 3px 3px\">\n\n<tr style=\"text-align:center;font-weight:bold;background:#9CBCE2\">\n\n<td>2023</td>\n\n</tr>\n\n<tr>\n\n<td>\n\n<table style=\"font-family:Arial,Verdana,Times;font-size:12px;text-align:left;width:100%;border-spacing:0px; padding:3px 3px 3px 3px\">\n\n<tr>\n\n<td>FID</td>\n\n<td>12</td>\n\n</tr>\n\n<tr bgcolor=\"#D4E4F3\">\n\n<td>OBJECTID_1</td>\n\n<td>13</td>\n\n</tr>\n\n<tr>\n\n<td>id</td>\n\n<td>0</td>\n\n</tr>\n\n<tr bgcolor=\"#D4E4F3\">\n\n<td>Year</td>\n\n<td>2023</td>\n\n</tr>\n\n<tr>\n\n<td>Provinsi</td>\n\n<td>Kalimantan Tengah</td>\n\n</tr>\n\n<tr bgcolor=\"#D4E4F3\">\n\n<td>Kab_Kota</td>\n\n<td>Palangka Raya</td>\n\n</tr>\n\n<tr>\n\n<td>Kecamatan</td>\n\n<td>Sabangau</td>\n\n</tr>\n\n<tr bgcolor=\"#D4E4F3\">\n\n<td>Desa_Kel</td>\n\n<td>Kereng Bangkirai</td>\n\n</tr>\n\n<tr>\n\n<td>Pelaksanaa</td>\n\n<td></td>\n\n</tr>\n\n<tr bgcolor=\"#D4E4F3\">\n\n<td>Jlh_Transk</td>\n\n<td></td>\n\n</tr>\n\n<tr>\n\n<td>M1</td>\n\n<td></td>\n\n</tr>\n\n<tr bgcolor=\"#D4E4F3\">\n\n<td>M2</td>\n\n<td></td>\n\n</tr>\n\n<tr>\n\n<td>M3</td>\n\n<td></td>\n\n</tr>\n\n<tr bgcolor=\"#D4E4F3\">\n\n<td>M4</td>\n\n<td></td>\n\n</tr>\n\n<tr>\n\n<td>M5</td>\n\n<td></td>\n\n</tr>\n\n<tr bgcolor=\"#D4E4F3\">\n\n<td>Jlh_Bibit</td>\n\n<td></td>\n\n</tr>\n\n<tr>\n\n<td>Sbr_Bibit</td>\n\n<td></td>\n\n</tr>\n\n<tr bgcolor=\"#D4E4F3\">\n\n<td>Pelaksana</td>\n\n<td>BNF-Masyarakat</td>\n\n</tr>\n\n<tr>\n\n<td>Keterangan</td>\n\n<td>Agus Manyan</td>\n\n</tr>\n\n<tr bgcolor=\"#D4E4F3\">\n\n<td>Jn_Bibit</td>\n\n<td></td>\n\n</tr>\n\n<tr>\n\n<td>Luas_Ha</td>\n\n<td>42.6084</td>\n\n</tr>\n\n<tr bgcolor=\"#D4E4F3\">\n\n<td>Kanal</td>\n\n<td></td>\n\n</tr>\n\n<tr>\n\n<td>Kawasan</td>\n\n<td>SPTN I Taman Nasional Sebangau</td>\n\n</tr>\n\n<tr bgcolor=\"#D4E4F3\">\n\n<td>Tahap</td>\n\n<td></td>\n\n</tr>\n\n<tr>\n\n<td>Zona</td>\n\n<td>Zona Rehabilitasi</td>\n\n</tr>\n\n<tr bgcolor=\"#D4E4F3\">\n\n<td>Resort</td>\n\n<td>Sebangau Hulu</td>\n\n</tr>\n\n<tr>\n\n<td>SPTN</td>\n\n<td>SPTN I Taman Nasional Sebangau</td>\n\n</tr>\n\n<tr bgcolor=\"#D4E4F3\">\n\n<td>Luas</td>\n\n<td>42.6083528578298</td>\n\n</tr>\n\n<tr>\n\n<td>Shape_Leng</td>\n\n<td>0.028863</td>\n\n</tr>\n\n</table>\n\n</td>\n\n</tr>\n\n</table>\n\n</body>\n\n</html>","timestamp":null,"begin":null,"end":null,"altitudeMode":null,"tessellate":-1,"extrude":0,"visibility":-1,"drawOrder":null,"icon":null,"snippet":""},"geometry":{"type":"MultiPolygon","coordinates":[[[[113.789203186677796,-2.263387108228414,0.0],[113.788920951540703,-2.263717645053249,0.0],[113.7887091998697,-2.263965696959298,0.0],[113.7888376914063,-2.265022177331557,0.0],[113.788423665120106,-2.265778846216741,0.0],[113.789731935880198,-2.265851495250269,0.0],[113.789751404403901,-2.267677655899041,0.0],[113.790993483262696,-2.268491431734169,0.0],[113.793277765756301,-2.268762689746267,0.0],[113.794005881166498,-2.269076778870208,0.0],[113.795604878462399,-2.269148163456913,0.0],[113.796504314722398,-2.267035200913773,0.0],[113.796869856758605,-2.266079691024853,0.0],[113.7964797335529,-2.265201266525198,0.0],[113.795834585098106,-2.265036012501922,0.0],[113.794394370304005,-2.264603249740164,0.0],[113.794171265591402,-2.264796478074964,0.0],[113.794038462705004,-2.264949752229252,0.0],[113.793934160233306,-2.265093408134256,0.0],[113.793820424772903,-2.26527533468891,0.0],[113.793611638166695,-2.265467011693203,0.0],[113.793398401714995,-2.26559291048437,0.0],[113.793279222658001,-2.265639799337239,0.0],[113.793127129313604,-2.265649657705464,0.0],[113.792984506729695,-2.265640371306057,0.0],[113.792851298248806,-2.265583248168297,0.0],[113.792765643219894,-2.265535596690365,0.0],[113.792651412232999,-2.265459309899201,0.0],[113.792613201837895,-2.265363748837899,0.0],[113.792641483717603,-2.265239368102305,0.0],[113.792709944608305,-2.264786477613832,0.0],[113.792896926252197,-2.264588553019275,0.0],[113.793115019042901,-2.264291660731482,0.0],[113.793418619373796,-2.263965910997964,0.0],[113.792149900797298,-2.263209028074131,0.0],[113.791478893236402,-2.262709341362946,0.0],[113.789951278728594,-2.262309591814185,0.0],[113.788594985969894,-2.262409528976551,0.0],[113.7892088874802,-2.263380348923932,0.0],[113.789204848624905,-2.263385080257191,0.0],[113.789203186677796,-2.263387108228414,0.0]]]]}},
{"type":"Feature","properties":{"id":"ID_00013","Name":"2022","description":"<html xmlns:fo=\"http://www.w3.org/1999/XSL/Format\" xmlns:msxsl=\"urn:schemas-microsoft-com:xslt\">\n\n<head>\n\n<META http-equiv=\"Content-Type\" content=\"text/html\">\n\n<meta http-equiv=\"content-type\" content=\"text/html; charset=UTF-8\">\n\n</head>\n\n<body style=\"margin:0px 0px 0px 0px;overflow:auto;background:#FFFFFF;\">\n\n<table style=\"font-family:Arial,Verdana,Times;font-size:12px;text-align:left;width:100%;border-collapse:collapse;padding:3px 3px 3px 3px\">\n\n<tr style=\"text-align:center;font-weight:bold;background:#9CBCE2\">\n\n<td>2022</td>\n\n</tr>\n\n<tr>\n\n<td>\n\n<table style=\"font-family:Arial,Verdana,Times;font-size:12px;text-align:left;width:100%;border-spacing:0px; padding:3px 3px 3px 3px\">\n\n<tr>\n\n<td>FID</td>\n\n<td>13</td>\n\n</tr>\n\n<tr bgcolor=\"#D4E4F3\">\n\n<td>OBJECTID_1</td>\n\n<td>14</td>\n\n</tr>\n\n<tr>\n\n<td>id</td>\n\n<td>0</td>\n\n</tr>\n\n<tr bgcolor=\"#D4E4F3\">\n\n<td>Year</td>\n\n<td>2022</td>\n\n</tr>\n\n<tr>\n\n<td>Provinsi</td>\n\n<td>Kalimantan Tengah</td>\n\n</tr>\n\n<tr bgcolor=\"#D4E4F3\">\n\n<td>Kab_Kota</td>\n\n<td>Palangka Raya</td>\n\n</tr>\n\n<tr>\n\n<td>Kecamatan</td>\n\n<td>Bukit Batu</td>\n\n</tr>\n\n<tr bgcolor=\"#D4E4F3\">\n\n<td>Desa_Kel</td>\n\n<td>Tangkiling</td>\n\n</tr>\n\n<tr>\n\n<td>Pelaksanaa</td>\n\n<td></td>\n\n</tr>\n\n<tr bgcolor=\"#D4E4F3\">\n\n<td>Jlh_Transk</td>\n\n<td></td>\n\n</tr>\n\n<tr>\n\n<td>M1</td>\n\n<td></td>\n\n</tr>\n\n<tr bgcolor=\"#D4E4F3\">\n\n<td>M2</td>\n\n<td></td>\n\n</tr>\n\n<tr>\n\n<td>M3</td>\n\n<td></td>\n\n</tr>\n\n<tr bgcolor=\"#D4E4F3\">\n\n<td>M4</td>\n\n<td></td>\n\n</tr>\n\n<tr>\n\n<td>M5</td>\n\n<td></td>\n\n</tr>\n\n<tr bgcolor=\"#D4E4F3\">\n\n<td>Jlh_Bibit</td>\n\n<td></td>\n\n</tr>\n\n<tr>\n\n<td>Sbr_Bibit</td>\n\n<td></td>\n\n</tr>\n\n<tr bgcolor=\"#D4E4F3\">\n\n<td>Pelaksana</td>\n\n<td>BNF-Masyarakat</td>\n\n</tr>\n\n<tr>\n\n<td>Keterangan</td>\n\n<td>KM 53</td>\n\n</tr>\n\n<tr bgcolor=\"#D4E4F3\">\n\n<td>Jn_Bibit</td>\n\n<td></td>\n\n</tr>\n\n<tr>\n\n<td>Luas_Ha</td>\n\n<td>85.4163</td>\n\n</tr>\n\n<tr bgcolor=\"#D4E4F3\">\n\n<td>Kanal</td>\n\n<td></td>\n\n</tr>\n\n<tr>\n\n<td>Kawasan</td>\n\n<td>SPTN I Taman Nasional Sebangau</td>\n\n</tr>\n\n<tr bgcolor=\"#D4E4F3\">\n\n<td>Tahap</td>\n\n<td></td>\n\n</tr>\n\n<tr>\n\n<td>Zona</td>\n\n<td>Zona Rehabilitas</td>\n\n</tr>\n\n<tr bgcolor=\"#D4E4F3\">\n\n<td>Resort</td>\n\n<td>Habaring Hurung</td>\n\n</tr>\n\n<tr>\n\n<td>SPTN</td>\n\n<td>SPTN I Taman Nasional Sebangau</td>\n\n</tr>\n\n<tr bgcolor=\"#D4E4F3\">\n\n<td>Luas</td>\n\n<td>85.4163447326905</td>\n\n</tr>\n\n<tr>\n\n<td>Shape_Leng</td>\n\n<td>0.047691</td>\n\n</tr>\n\n</table>\n\n</td>\n\n</tr>\n\n</table>\n\n</body>\n\n</html>","timestamp":null,"begin":null,"end":null,"altitudeMode":null,"tessellate":-1,"extrude":0,"visibility":-1,"drawOrder":null,"icon":null,"snippet":""},"geometry":{"type":"MultiPolygon","coordinates":[[[[113.590496571359694,-1.932214622806555,0.0],[113.587822175553001,-1.931572970016532,0.0],[113.587219000256695,-1.933550688913101,0.0],[113.589403274541496,-1.936117059054993,0.0],[113.590496571359694,-1.932214622806555,0.0]]],[[[113.591060954399595,-1.930804711568157,0.0],[113.590418537185798,-1.933071353859873,0.0],[113.589937289274502,-1.934810590536301,0.0],[113.589803618542206,-1.935268667415016,0.0],[113.589519336548193,-1.936243553197357,0.0],[113.594262720748006,-1.93780109984084,0.0],[113.594600401787105,-1.936799680460865,0.0],[113.600665312754003,-1.938782261092456,0.0],[113.601842974973394,-1.934256993065731,0.0],[113.6020372366293,-1.933590057635001,0.0],[113.598192603406005,-1.932332465470836,0.0],[113.597947967124995,-1.93300986901022,0.0],[113.591060954399595,-1.930804711568157,0.0]]]]}},
{"type":"Feature","properties":{"id":"ID_00014","Name":"2022","description":"<html xmlns:fo=\"http://www.w3.org/1999/XSL/Format\" xmlns:msxsl=\"urn:schemas-microsoft-com:xslt\">\n\n<head>\n\n<META http-equiv=\"Content-Type\" content=\"text/html\">\n\n<meta http-equiv=\"content-type\" content=\"text/html; charset=UTF-8\">\n\n</head>\n\n<body style=\"margin:0px 0px 0px 0px;overflow:auto;background:#FFFFFF;\">\n\n<table style=\"font-family:Arial,Verdana,Times;font-size:12px;text-align:left;width:100%;border-collapse:collapse;padding:3px 3px 3px 3px\">\n\n<tr style=\"text-align:center;font-weight:bold;background:#9CBCE2\">\n\n<td>2022</td>\n\n</tr>\n\n<tr>\n\n<td>\n\n<table style=\"font-family:Arial,Verdana,Times;font-size:12px;text-align:left;width:100%;border-spacing:0px; padding:3px 3px 3px 3px\">\n\n<tr>\n\n<td>FID</td>\n\n<td>14</td>\n\n</tr>\n\n<tr bgcolor=\"#D4E4F3\">\n\n<td>OBJECTID_1</td>\n\n<td>15</td>\n\n</tr>\n\n<tr>\n\n<td>id</td>\n\n<td>1</td>\n\n</tr>\n\n<tr bgcolor=\"#D4E4F3\">\n\n<td>Year</td>\n\n<td>2022</td>\n\n</tr>\n\n<tr>\n\n<td>Provinsi</td>\n\n<td>Kalimantan Tengah</td>\n\n</tr>\n\n<tr bgcolor=\"#D4E4F3\">\n\n<td>Kab_Kota</td>\n\n<td>Palangka Raya</td>\n\n</tr>\n\n<tr>\n\n<td>Kecamatan</td>\n\n<td>Jekan Raya</td>\n\n</tr>\n\n<tr bgcolor=\"#D4E4F3\">\n\n<td>Desa_Kel</td>\n\n<td>Bukit Tunggal</td>\n\n</tr>\n\n<tr>\n\n<td>Pelaksanaa</td>\n\n<td></td>\n\n</tr>\n\n<tr bgcolor=\"#D4E4F3\">\n\n<td>Jlh_Transk</td>\n\n<td></td>\n\n</tr>\n\n<tr>\n\n<td>M1</td>\n\n<td></td>\n\n</tr>\n\n<tr bgcolor=\"#D4E4F3\">\n\n<td>M2</td>\n\n<td></td>\n\n</tr>\n\n<tr>\n\n<td>M3</td>\n\n<td></td>\n\n</tr>\n\n<tr bgcolor=\"#D4E4F3\">\n\n<td>M4</td>\n\n<td></td>\n\n</tr>\n\n<tr>\n\n<td>M5</td>\n\n<td></td>\n\n</tr>\n\n<tr bgcolor=\"#D4E4F3\">\n\n<td>Jlh_Bibit</td>\n\n<td></td>\n\n</tr>\n\n<tr>\n\n<td>Sbr_Bibit</td>\n\n<td></td>\n\n</tr>\n\n<tr bgcolor=\"#D4E4F3\">\n\n<td>Pelaksana</td>\n\n<td>BNF-Masyarakat</td>\n\n</tr>\n\n<tr>\n\n<td>Keterangan</td>\n\n<td>Blok Hiu Putih</td>\n\n</tr>\n\n<tr bgcolor=\"#D4E4F3\">\n\n<td>Jn_Bibit</td>\n\n<td></td>\n\n</tr>\n\n<tr>\n\n<td>Luas_Ha</td>\n\n<td>36.4774</td>\n\n</tr>\n\n<tr bgcolor=\"#D4E4F3\">\n\n<td>Kanal</td>\n\n<td></td>\n\n</tr>\n\n<tr>\n\n<td>Kawasan</td>\n\n<td>SPTN I Taman Nasional Sebangau</td>\n\n</tr>\n\n<tr bgcolor=\"#D4E4F3\">\n\n<td>Tahap</td>\n\n<td></td>\n\n</tr>\n\n<tr>\n\n<td>Zona</td>\n\n<td>Zona Rehabilitasi</td>\n\n</tr>\n\n<tr bgcolor=\"#D4E4F3\">\n\n<td>Resort</td>\n\n<td>Habaring Hurung</td>\n\n</tr>\n\n<tr>\n\n<td>SPTN</td>\n\n<td>SPTN I Taman Nasional Sebangau</td>\n\n</tr>\n\n<tr bgcolor=\"#D4E4F3\">\n\n<td>Luas</td>\n\n<td>36.4773653025228</td>\n\n</tr>\n\n<tr>\n\n<td>Shape_Leng</td>\n\n<td>0.034127</td>\n\n</tr>\n\n</table>\n\n</td>\n\n</tr>\n\n</table>\n\n</body>\n\n</html>","timestamp":null,"begin":null,"end":null,"altitudeMode":null,"tessellate":-1,"extrude":0,"visibility":-1,"drawOrder":null,"icon":null,"snippet":""},"geometry":{"type":"MultiPolygon","coordinates":[[[[113.774006226006605,-2.247935211340859,0.0],[113.774227014964794,-2.248037119817184,0.0],[113.7763469994145,-2.251180864605146,0.0],[113.778066967216802,-2.250144181009091,0.0],[113.777708555005901,-2.249464695539245,0.0],[113.778092803839897,-2.249182451408956,0.0],[113.778211508954101,-2.24917369291154,0.0],[113.778307940559102,-2.249158579804543,0.0],[113.778397906038506,-2.249086964092044,0.0],[113.778616915238601,-2.248869015192838,0.0],[113.778609165780395,-2.248808490819158,0.0],[113.778675033026403,-2.248786765896455,0.0],[113.778705079375996,-2.248713833576517,0.0],[113.778741201545202,-2.248661132405289,0.0],[113.778284152591596,-2.247730324195061,0.0],[113.778161179294997,-2.247613150626364,0.0],[113.777975954926404,-2.247564921783692,0.0],[113.777822655591194,-2.247372906634268,0.0],[113.777685420845501,-2.247162641542616,0.0],[113.7776167261311,-2.247017023316914,0.0],[113.777550028810893,-2.246863304897545,0.0],[113.777455052308795,-2.246652958866889,0.0],[113.777362042624205,-2.246418317651205,0.0],[113.777263110004597,-2.246244417545768,0.0],[113.777107737731995,-2.246020016910222,0.0],[113.776917803613898,-2.245609446718561,0.0],[113.776671548553196,-2.245211129789766,0.0],[113.776830268102501,-2.24507316479469,0.0],[113.776830268102501,-2.24507316479469,0.0],[113.776795020074104,-2.245036344751441,0.0],[113.776795019174898,-2.24503634565076,0.0],[113.775389594654101,-2.243613961714914,0.0],[113.775415251412795,-2.243588321144045,0.0],[113.774992783190399,-2.243145323198064,0.0],[113.775132841807206,-2.243051849463257,0.0],[113.774603282315596,-2.242428121960188,0.0],[113.773870676590505,-2.241693939723518,0.0],[113.773712945396099,-2.241810020615901,0.0],[113.773046355305198,-2.242299922703239,0.0],[113.773357955105595,-2.243482386402945,0.0],[113.773204233988295,-2.243555338508031,0.0],[113.774031562606595,-2.24535412739101,0.0],[113.773314703111197,-2.245915512990507,0.0],[113.773059818156199,-2.247190060972514,0.0],[113.772759129830106,-2.247378307962492,0.0],[113.772636386759899,-2.247493705370175,0.0],[113.772142824431896,-2.247809526588355,0.0],[113.771635983613805,-2.248526985032299,0.0],[113.771617509740395,-2.248763457267671,0.0],[113.771637985504597,-2.248785806319859,0.0],[113.771637974712803,-2.248785817111695,0.0],[113.7698829072705,-2.250077293032575,0.0],[113.769984493789394,-2.250197990145068,0.0],[113.771118702566099,-2.249393432360989,0.0],[113.771360716423899,-2.249352788400415,0.0],[113.771600680726905,-2.249419868831808,0.0],[113.771727833173003,-2.249394034007423,0.0],[113.771905705583904,-2.249282795964234,0.0],[113.772054421074699,-2.24944885847799,0.0],[113.772215720778902,-2.249542386172152,0.0],[113.772368369904399,-2.24954636027627,0.0],[113.772482415631103,-2.249315815472471,0.0],[113.772499101652301,-2.24917076381962,0.0],[113.772685695688295,-2.249187467827312,0.0],[113.772897464446501,-2.249063369478847,0.0],[113.772947990157704,-2.248875600028896,0.0],[113.772871467744196,-2.24876911400338,0.0],[113.772913538029499,-2.248594156295212,0.0],[113.773053128998797,-2.248419012427462,0.0],[113.773091087583694,-2.248312306967364,0.0],[113.773248097521801,-2.248380251647234,0.0],[113.773264768254506,-2.248226669025485,0.0],[113.773336582717207,-2.248085776737184,0.0],[113.7736630896799,-2.248097949061048,0.0],[113.773802704031596,-2.247935600747326,0.0],[113.774006226006605,-2.247935211340859,0.0]]]]}},
{"type":"Feature","properties":{"id":"ID_00015","Name":"2024","description":"<html xmlns:fo=\"http://www.w3.org/1999/XSL/Format\" xmlns:msxsl=\"urn:schemas-microsoft-com:xslt\">\n\n<head>\n\n<META http-equiv=\"Content-Type\" content=\"text/html\">\n\n<meta http-equiv=\"content-type\" content=\"text/html; charset=UTF-8\">\n\n</head>\n\n<body style=\"margin:0px 0px 0px 0px;overflow:auto;background:#FFFFFF;\">\n\n<table style=\"font-family:Arial,Verdana,Times;font-size:12px;text-align:left;width:100%;border-collapse:collapse;padding:3px 3px 3px 3px\">\n\n<tr style=\"text-align:center;font-weight:bold;background:#9CBCE2\">\n\n<td>2024</td>\n\n</tr>\n\n<tr>\n\n<td>\n\n<table style=\"font-family:Arial,Verdana,Times;font-size:12px;text-align:left;width:100%;border-spacing:0px; padding:3px 3px 3px 3px\">\n\n<tr>\n\n<td>FID</td>\n\n<td>15</td>\n\n</tr>\n\n<tr bgcolor=\"#D4E4F3\">\n\n<td>OBJECTID_1</td>\n\n<td>0</td>\n\n</tr>\n\n<tr>\n\n<td>id</td>\n\n<td>0</td>\n\n</tr>\n\n<tr bgcolor=\"#D4E4F3\">\n\n<td>Year</td>\n\n<td>2024</td>\n\n</tr>\n\n<tr>\n\n<td>Provinsi</td>\n\n<td>Kalimantan Tengah</td>\n\n</tr>\n\n<tr bgcolor=\"#D4E4F3\">\n\n<td>Kab_Kota</td>\n\n<td></td>\n\n</tr>\n\n<tr>\n\n<td>Kecamatan</td>\n\n<td></td>\n\n</tr>\n\n<tr bgcolor=\"#D4E4F3\">\n\n<td>Desa_Kel</td>\n\n<td></td>\n\n</tr>\n\n<tr>\n\n<td>Pelaksanaa</td>\n\n<td></td>\n\n</tr>\n\n<tr bgcolor=\"#D4E4F3\">\n\n<td>Jlh_Transk</td>\n\n<td></td>\n\n</tr>\n\n<tr>\n\n<td>M1</td>\n\n<td></td>\n\n</tr>\n\n<tr bgcolor=\"#D4E4F3\">\n\n<td>M2</td>\n\n<td></td>\n\n</tr>\n\n<tr>\n\n<td>M3</td>\n\n<td></td>\n\n</tr>\n\n<tr bgcolor=\"#D4E4F3\">\n\n<td>M4</td>\n\n<td></td>\n\n</tr>\n\n<tr>\n\n<td>M5</td>\n\n<td></td>\n\n</tr>\n\n<tr bgcolor=\"#D4E4F3\">\n\n<td>Jlh_Bibit</td>\n\n<td></td>\n\n</tr>\n\n<tr>\n\n<td>Sbr_Bibit</td>\n\n<td></td>\n\n</tr>\n\n<tr bgcolor=\"#D4E4F3\">\n\n<td>Pelaksana</td>\n\n<td></td>\n\n</tr>\n\n<tr>\n\n<td>Keterangan</td>\n\n<td>Sei Bangah I</td>\n\n</tr>\n\n<tr bgcolor=\"#D4E4F3\">\n\n<td>Jn_Bibit</td>\n\n<td></td>\n\n</tr>\n\n<tr>\n\n<td>Luas_Ha</td>\n\n<td>0</td>\n\n</tr>\n\n<tr bgcolor=\"#D4E4F3\">\n\n<td>Kanal</td>\n\n<td></td>\n\n</tr>\n\n<tr>\n\n<td>Kawasan</td>\n\n<td>SPTN II Taman Nasional Sebangau</td>\n\n</tr>\n\n<tr bgcolor=\"#D4E4F3\">\n\n<td>Tahap</td>\n\n<td></td>\n\n</tr>\n\n<tr>\n\n<td>Zona</td>\n\n<td>Zona Rehabilitasi</td>\n\n</tr>\n\n<tr bgcolor=\"#D4E4F3\">\n\n<td>Resort</td>\n\n<td>Bangah</td>\n\n</tr>\n\n<tr>\n\n<td>SPTN</td>\n\n<td>SPTN II Taman Nasional Sebangau</td>\n\n</tr>\n\n<tr bgcolor=\"#D4E4F3\">\n\n<td>Luas</td>\n\n<td>171.39203072998</td>\n\n</tr>\n\n<tr>\n\n<td>Shape_Leng</td>\n\n<td>0</td>\n\n</tr>\n\n</table>\n\n</td>\n\n</tr>\n\n</table>\n\n</body>\n\n</html>","timestamp":null,"begin":null,"end":null,"altitudeMode":null,"tessellate":-1,"extrude":0,"visibility":-1,"drawOrder":null,"icon":null,"snippet":""},"geometry":{"type":"MultiPolygon","coordinates":[[[[114.002273754036594,-2.698042949608553,0.0],[114.002548385611107,-2.700054096088351,0.0],[114.002669253692801,-2.703150383042807,0.0],[114.002717702172802,-2.705297355479203,0.0],[114.003239096463005,-2.707290842857736,0.0],[114.007093445944307,-2.7097769242938,0.0],[114.008397345287406,-2.709858093351707,0.0],[114.010333899264495,-2.709852305836619,0.0],[114.013391211269607,-2.707015563678662,0.0],[114.013977738781705,-2.705887430560441,0.0],[114.014760703245997,-2.701097956245352,0.0],[114.014355383325693,-2.699143318476162,0.0],[114.010075775814599,-2.696543878808335,0.0],[114.008770996555498,-2.696584130168846,0.0],[114.005911245464404,-2.694918088003131,0.0],[114.002273754036594,-2.698042949608553,0.0]]]]}},
{"type":"Feature","properties":{"id":"ID_00016","Name":"2024","description":"<html xmlns:fo=\"http://www.w3.org/1999/XSL/Format\" xmlns:msxsl=\"urn:schemas-microsoft-com:xslt\">\n\n<head>\n\n<META http-equiv=\"Content-Type\" content=\"text/html\">\n\n<meta http-equiv=\"content-type\" content=\"text/html; charset=UTF-8\">\n\n</head>\n\n<body style=\"margin:0px 0px 0px 0px;overflow:auto;background:#FFFFFF;\">\n\n<table style=\"font-family:Arial,Verdana,Times;font-size:12px;text-align:left;width:100%;border-collapse:collapse;padding:3px 3px 3px 3px\">\n\n<tr style=\"text-align:center;font-weight:bold;background:#9CBCE2\">\n\n<td>2024</td>\n\n</tr>\n\n<tr>\n\n<td>\n\n<table style=\"font-family:Arial,Verdana,Times;font-size:12px;text-align:left;width:100%;border-spacing:0px; padding:3px 3px 3px 3px\">\n\n<tr>\n\n<td>FID</td>\n\n<td>16</td>\n\n</tr>\n\n<tr bgcolor=\"#D4E4F3\">\n\n<td>OBJECTID_1</td>\n\n<td>0</td>\n\n</tr>\n\n<tr>\n\n<td>id</td>\n\n<td>0</td>\n\n</tr>\n\n<tr bgcolor=\"#D4E4F3\">\n\n<td>Year</td>\n\n<td>2024</td>\n\n</tr>\n\n<tr>\n\n<td>Provinsi</td>\n\n<td>Kalimantan Tengah</td>\n\n</tr>\n\n<tr bgcolor=\"#D4E4F3\">\n\n<td>Kab_Kota</td>\n\n<td></td>\n\n</tr>\n\n<tr>\n\n<td>Kecamatan</td>\n\n<td></td>\n\n</tr>\n\n<tr bgcolor=\"#D4E4F3\">\n\n<td>Desa_Kel</td>\n\n<td></td>\n\n</tr>\n\n<tr>\n\n<td>Pelaksanaa</td>\n\n<td></td>\n\n</tr>\n\n<tr bgcolor=\"#D4E4F3\">\n\n<td>Jlh_Transk</td>\n\n<td></td>\n\n</tr>\n\n<tr>\n\n<td>M1</td>\n\n<td></td>\n\n</tr>\n\n<tr bgcolor=\"#D4E4F3\">\n\n<td>M2</td>\n\n<td></td>\n\n</tr>\n\n<tr>\n\n<td>M3</td>\n\n<td></td>\n\n</tr>\n\n<tr bgcolor=\"#D4E4F3\">\n\n<td>M4</td>\n\n<td></td>\n\n</tr>\n\n<tr>\n\n<td>M5</td>\n\n<td></td>\n\n</tr>\n\n<tr bgcolor=\"#D4E4F3\">\n\n<td>Jlh_Bibit</td>\n\n<td></td>\n\n</tr>\n\n<tr>\n\n<td>Sbr_Bibit</td>\n\n<td></td>\n\n</tr>\n\n<tr bgcolor=\"#D4E4F3\">\n\n<td>Pelaksana</td>\n\n<td></td>\n\n</tr>\n\n<tr>\n\n<td>Keterangan</td>\n\n<td>Sei Bangah II</td>\n\n</tr>\n\n<tr bgcolor=\"#D4E4F3\">\n\n<td>Jn_Bibit</td>\n\n<td></td>\n\n</tr>\n\n<tr>\n\n<td>Luas_Ha</td>\n\n<td>0</td>\n\n</tr>\n\n<tr bgcolor=\"#D4E4F3\">\n\n<td>Kanal</td>\n\n<td></td>\n\n</tr>\n\n<tr>\n\n<td>Kawasan</td>\n\n<td>SPTN II Taman Nasional Sebangau</td>\n\n</tr>\n\n<tr bgcolor=\"#D4E4F3\">\n\n<td>Tahap</td>\n\n<td></td>\n\n</tr>\n\n<tr>\n\n<td>Zona</td>\n\n<td>Zona Pemanfaatan</td>\n\n</tr>\n\n<tr bgcolor=\"#D4E4F3\">\n\n<td>Resort</td>\n\n<td>Bangah</td>\n\n</tr>\n\n<tr>\n\n<td>SPTN</td>\n\n<td>SPTN II Taman Nasional Sebangau</td>\n\n</tr>\n\n<tr bgcolor=\"#D4E4F3\">\n\n<td>Luas</td>\n\n<td>63.0576386929322</td>\n\n</tr>\n\n<tr>\n\n<td>Shape_Leng</td>\n\n<td>3653.551065</td>\n\n</tr>\n\n</table>\n\n</td>\n\n</tr>\n\n</table>\n\n</body>\n\n</html>","timestamp":null,"begin":null,"end":null,"altitudeMode":null,"tessellate":-1,"extrude":0,"visibility":-1,"drawOrder":null,"icon":null,"snippet":""},"geometry":{"type":"MultiPolygon","coordinates":[[[[114.010684741306903,-2.694376358546964,0.0],[114.010959522556007,-2.694825714686643,0.0],[114.012125185671593,-2.696416460071769,0.0],[114.013232323835794,-2.69589040133858,0.0],[114.016348263164005,-2.700498034993941,0.0],[114.016045262606795,-2.701590035225634,0.0],[114.017031321709794,-2.702617031223323,0.0],[114.019870884763407,-2.700157074104948,0.0],[114.021016566350994,-2.697868067199012,0.0],[114.019178263062599,-2.695046035055134,0.0],[114.016911972806795,-2.692132833652753,0.0],[114.012602745661795,-2.694017760517983,0.0],[114.011790145253102,-2.69304563508414,0.0],[114.011791728484596,-2.693042242814109,0.0],[114.010684741306903,-2.694376358546964,0.0]]]]}},
{"type":"Feature","properties":{"id":"ID_00017","Name":"2024","description":"<html xmlns:fo=\"http://www.w3.org/1999/XSL/Format\" xmlns:msxsl=\"urn:schemas-microsoft-com:xslt\">\n\n<head>\n\n<META http-equiv=\"Content-Type\" content=\"text/html\">\n\n<meta http-equiv=\"content-type\" content=\"text/html; charset=UTF-8\">\n\n</head>\n\n<body style=\"margin:0px 0px 0px 0px;overflow:auto;background:#FFFFFF;\">\n\n<table style=\"font-family:Arial,Verdana,Times;font-size:12px;text-align:left;width:100%;border-collapse:collapse;padding:3px 3px 3px 3px\">\n\n<tr style=\"text-align:center;font-weight:bold;background:#9CBCE2\">\n\n<td>2024</td>\n\n</tr>\n\n<tr>\n\n<td>\n\n<table style=\"font-family:Arial,Verdana,Times;font-size:12px;text-align:left;width:100%;border-spacing:0px; padding:3px 3px 3px 3px\">\n\n<tr>\n\n<td>FID</td>\n\n<td>17</td>\n\n</tr>\n\n<tr bgcolor=\"#D4E4F3\">\n\n<td>OBJECTID_1</td>\n\n<td>0</td>\n\n</tr>\n\n<tr>\n\n<td>id</td>\n\n<td>0</td>\n\n</tr>\n\n<tr bgcolor=\"#D4E4F3\">\n\n<td>Year</td>\n\n<td>2024</td>\n\n</tr>\n\n<tr>\n\n<td>Provinsi</td>\n\n<td>Kalimantan Tengah</td>\n\n</tr>\n\n<tr bgcolor=\"#D4E4F3\">\n\n<td>Kab_Kota</td>\n\n<td></td>\n\n</tr>\n\n<tr>\n\n<td>Kecamatan</td>\n\n<td></td>\n\n</tr>\n\n<tr bgcolor=\"#D4E4F3\">\n\n<td>Desa_Kel</td>\n\n<td></td>\n\n</tr>\n\n<tr>\n\n<td>Pelaksanaa</td>\n\n<td></td>\n\n</tr>\n\n<tr bgcolor=\"#D4E4F3\">\n\n<td>Jlh_Transk</td>\n\n<td></td>\n\n</tr>\n\n<tr>\n\n<td>M1</td>\n\n<td></td>\n\n</tr>\n\n<tr bgcolor=\"#D4E4F3\">\n\n<td>M2</td>\n\n<td></td>\n\n</tr>\n\n<tr>\n\n<td>M3</td>\n\n<td></td>\n\n</tr>\n\n<tr bgcolor=\"#D4E4F3\">\n\n<td>M4</td>\n\n<td></td>\n\n</tr>\n\n<tr>\n\n<td>M5</td>\n\n<td></td>\n\n</tr>\n\n<tr bgcolor=\"#D4E4F3\">\n\n<td>Jlh_Bibit</td>\n\n<td></td>\n\n</tr>\n\n<tr>\n\n<td>Sbr_Bibit</td>\n\n<td></td>\n\n</tr>\n\n<tr bgcolor=\"#D4E4F3\">\n\n<td>Pelaksana</td>\n\n<td></td>\n\n</tr>\n\n<tr>\n\n<td>Keterangan</td>\n\n<td>Sei Bangah III</td>\n\n</tr>\n\n<tr bgcolor=\"#D4E4F3\">\n\n<td>Jn_Bibit</td>\n\n<td></td>\n\n</tr>\n\n<tr>\n\n<td>Luas_Ha</td>\n\n<td>0</td>\n\n</tr>\n\n<tr bgcolor=\"#D4E4F3\">\n\n<td>Kanal</td>\n\n<td></td>\n\n</tr>\n\n<tr>\n\n<td>Kawasan</td>\n\n<td>SPTN II Taman Nasional Sebangau</td>\n\n</tr>\n\n<tr bgcolor=\"#D4E4F3\">\n\n<td>Tahap</td>\n\n<td></td>\n\n</tr>\n\n<tr>\n\n<td>Zona</td>\n\n<td>Zona Rehabilitasi</td>\n\n</tr>\n\n<tr bgcolor=\"#D4E4F3\">\n\n<td>Resort</td>\n\n<td>Bangah</td>\n\n</tr>\n\n<tr>\n\n<td>SPTN</td>\n\n<td>SPTN II Taman Nasional Sebangau</td>\n\n</tr>\n\n<tr bgcolor=\"#D4E4F3\">\n\n<td>Luas</td>\n\n<td>17.9888589407282</td>\n\n</tr>\n\n<tr>\n\n<td>Shape_Leng</td>\n\n<td>1928.394139</td>\n\n</tr>\n\n</table>\n\n</td>\n\n</tr>\n\n</table>\n\n</body>\n\n</html>","timestamp":null,"begin":null,"end":null,"altitudeMode":null,"tessellate":-1,"extrude":0,"visibility":-1,"drawOrder":null,"icon":null,"snippet":""},"geometry":{"type":"MultiPolygon","coordinates":[[[[114.011791728484596,-2.693042242814109,0.0],[114.011789000402104,-2.693037999675354,0.0],[114.012742804284002,-2.690608309798332,0.0],[114.011276589394001,-2.68944293538842,0.0],[114.010333862702495,-2.690014321389541,0.0],[114.008441246280597,-2.688245502036176,0.0],[114.007469262729501,-2.689118010049782,0.0],[114.010684741306903,-2.694376358546963,0.0],[114.011791728484596,-2.693042242814109,0.0]]]]}},
{"type":"Feature","properties":{"id":"ID_00018","Name":"2025","description":"<html xmlns:fo=\"http://www.w3.org/1999/XSL/Format\" xmlns:msxsl=\"urn:schemas-microsoft-com:xslt\">\n\n<head>\n\n<META http-equiv=\"Content-Type\" content=\"text/html\">\n\n<meta http-equiv=\"content-type\" content=\"text/html; charset=UTF-8\">\n\n</head>\n\n<body style=\"margin:0px 0px 0px 0px;overflow:auto;background:#FFFFFF;\">\n\n<table style=\"font-family:Arial,Verdana,Times;font-size:12px;text-align:left;width:100%;border-collapse:collapse;padding:3px 3px 3px 3px\">\n\n<tr style=\"text-align:center;font-weight:bold;background:#9CBCE2\">\n\n<td>2025</td>\n\n</tr>\n\n<tr>\n\n<td>\n\n<table style=\"font-family:Arial,Verdana,Times;font-size:12px;text-align:left;width:100%;border-spacing:0px; padding:3px 3px 3px 3px\">\n\n<tr>\n\n<td>FID</td>\n\n<td>18</td>\n\n</tr>\n\n<tr bgcolor=\"#D4E4F3\">\n\n<td>OBJECTID_1</td>\n\n<td>0</td>\n\n</tr>\n\n<tr>\n\n<td>id</td>\n\n<td>0</td>\n\n</tr>\n\n<tr bgcolor=\"#D4E4F3\">\n\n<td>Year</td>\n\n<td>2025</td>\n\n</tr>\n\n<tr>\n\n<td>Provinsi</td>\n\n<td>Kalimantan Tengah</td>\n\n</tr>\n\n<tr bgcolor=\"#D4E4F3\">\n\n<td>Kab_Kota</td>\n\n<td></td>\n\n</tr>\n\n<tr>\n\n<td>Kecamatan</td>\n\n<td></td>\n\n</tr>\n\n<tr bgcolor=\"#D4E4F3\">\n\n<td>Desa_Kel</td>\n\n<td></td>\n\n</tr>\n\n<tr>\n\n<td>Pelaksanaa</td>\n\n<td></td>\n\n</tr>\n\n<tr bgcolor=\"#D4E4F3\">\n\n<td>Jlh_Transk</td>\n\n<td></td>\n\n</tr>\n\n<tr>\n\n<td>M1</td>\n\n<td></td>\n\n</tr>\n\n<tr bgcolor=\"#D4E4F3\">\n\n<td>M2</td>\n\n<td></td>\n\n</tr>\n\n<tr>\n\n<td>M3</td>\n\n<td></td>\n\n</tr>\n\n<tr bgcolor=\"#D4E4F3\">\n\n<td>M4</td>\n\n<td></td>\n\n</tr>\n\n<tr>\n\n<td>M5</td>\n\n<td></td>\n\n</tr>\n\n<tr bgcolor=\"#D4E4F3\">\n\n<td>Jlh_Bibit</td>\n\n<td></td>\n\n</tr>\n\n<tr>\n\n<td>Sbr_Bibit</td>\n\n<td></td>\n\n</tr>\n\n<tr bgcolor=\"#D4E4F3\">\n\n<td>Pelaksana</td>\n\n<td></td>\n\n</tr>\n\n<tr>\n\n<td>Keterangan</td>\n\n<td>Mendawai 5</td>\n\n</tr>\n\n<tr bgcolor=\"#D4E4F3\">\n\n<td>Jn_Bibit</td>\n\n<td></td>\n\n</tr>\n\n<tr>\n\n<td>Luas_Ha</td>\n\n<td>78.2399</td>\n\n</tr>\n\n<tr bgcolor=\"#D4E4F3\">\n\n<td>Kanal</td>\n\n<td></td>\n\n</tr>\n\n<tr>\n\n<td>Kawasan</td>\n\n<td>SPTN III Taman Nasional Sebangau</td>\n\n</tr>\n\n<tr bgcolor=\"#D4E4F3\">\n\n<td>Tahap</td>\n\n<td></td>\n\n</tr>\n\n<tr>\n\n<td>Zona</td>\n\n<td></td>\n\n</tr>\n\n<tr bgcolor=\"#D4E4F3\">\n\n<td>Resort</td>\n\n<td>Mendawai</td>\n\n</tr>\n\n<tr>\n\n<td>SPTN</td>\n\n<td>SPTN III Taman Nasional Sebangau</td>\n\n</tr>\n\n<tr bgcolor=\"#D4E4F3\">\n\n<td>Luas</td>\n\n<td>78.2399225143814</td>\n\n</tr>\n\n<tr>\n\n<td>Shape_Leng</td>\n\n<td>0</td>\n\n</tr>\n\n</table>\n\n</td>\n\n</tr>\n\n</table>\n\n</body>\n\n</html>","timestamp":null,"begin":null,"end":null,"altitudeMode":null,"tessellate":-1,"extrude":0,"visibility":-1,"drawOrder":null,"icon":null,"snippet":""},"geometry":{"type":"MultiPolygon","coordinates":[[[[113.357139088894996,-2.973116321362052,0.0],[113.357137944559796,-2.973118974171649,0.0],[113.357222686047393,-2.973125679392242,0.0],[113.357324776600294,-2.973094583448529,0.0],[113.357346318780998,-2.973115034050693,0.0],[113.357538347580203,-2.973128697059843,0.0],[113.357575648334006,-2.973159625741685,0.0],[113.357639507048901,-2.973265424091212,0.0],[113.357641632278998,-2.973272065295706,0.0],[113.357642060406206,-2.973273404919674,0.0],[113.357642182596607,-2.9732737861201,0.0],[113.357646492106994,-2.973274233356898,0.0],[113.357782428931799,-2.973385351182691,0.0],[113.357875719728199,-2.973418123874298,0.0],[113.357896338863796,-2.973440001043747,0.0],[113.358032042305297,-2.973388787075581,0.0],[113.358152154692405,-2.973390714852539,0.0],[113.358233961708706,-2.973454249733261,0.0],[113.358341250852803,-2.973441342449061,0.0],[113.358437726160602,-2.97340127601661,0.0],[113.358459602724594,-2.973364982859386,0.0],[113.358511151975904,-2.973332545451009,0.0],[113.358657751086497,-2.973293316871144,0.0],[113.358722627006998,-2.973242690691956,0.0],[113.358811474730601,-2.973219808251143,0.0],[113.359030746448397,-2.97321947280232,0.0],[113.359036547088493,-2.973221060760972,0.0],[113.362122187026202,-2.971459572936221,0.0],[113.367188194026397,-2.968567540529246,0.0],[113.368032503858402,-2.968085546823833,0.0],[113.371086531018705,-2.966342079423331,0.0],[113.377033402051794,-2.96258824472773,0.0],[113.3845150791675,-2.957865546861801,0.0],[113.387804009554202,-2.955838802981425,0.0],[113.389095082290098,-2.955043199871291,0.0],[113.389558616736295,-2.95475755371985,0.0],[113.391062495763606,-2.953830809375396,0.0],[113.391070963468906,-2.953825591270848,0.0],[113.391104906441797,-2.953804674364672,0.0],[113.391122520151001,-2.953793820149833,0.0],[113.391125403480103,-2.953792043336528,0.0],[113.391129027876005,-2.953789809850428,0.0],[113.390610025874807,-2.952729400057591,0.0],[113.390603846385005,-2.952733291828517,0.0],[113.390591492282695,-2.95274107229869,0.0],[113.390559904789598,-2.952760965734345,0.0],[113.388935701151993,-2.953783869296618,0.0],[113.388460293426107,-2.954083274728991,0.0],[113.387630068012598,-2.95460613906641,0.0],[113.387137033707702,-2.954795248230027,0.0],[113.386587864091993,-2.955005888515423,0.0],[113.383695843530603,-2.956754428153209,0.0],[113.381736932698303,-2.957953797852669,0.0],[113.380536491272295,-2.958362966536469,0.0],[113.379589810381304,-2.958583949643577,0.0],[113.379442770725106,-2.958594534309275,0.0],[113.378401330596901,-2.95882637731416,0.0],[113.377830991053202,-2.959100254098591,0.0],[113.377446016952902,-2.959287632105657,0.0],[113.376847589392398,-2.959776817515826,0.0],[113.376263464865204,-2.960280322091529,0.0],[113.375907311224395,-2.960596787017436,0.0],[113.375380583921199,-2.96124366708613,0.0],[113.374353650542005,-2.961917135058115,0.0],[113.367604343,-2.966821146999906,0.0],[113.367584794959797,-2.96682398153047,0.0],[113.367580957997106,-2.966832546619294,0.0],[113.3675144053731,-2.966868839922476,0.0],[113.367456150587103,-2.96694695937162,0.0],[113.367392867933305,-2.966976044903893,0.0],[113.367407870690201,-2.967000267882675,0.0],[113.367268397150099,-2.967056008017728,0.0],[113.367213075734895,-2.967114095412121,0.0],[113.367112492878206,-2.967171510932412,0.0],[113.367015849988505,-2.967264884608431,0.0],[113.366883079803898,-2.967316266008086,0.0],[113.366856594038595,-2.967365719370386,0.0],[113.366758105836695,-2.967455992009941,0.0],[113.366708485333902,-2.967529165565964,0.0],[113.366693984699296,-2.967595550958725,0.0],[113.3666584453822,-2.967629581895091,0.0],[113.366597005879299,-2.967749526943293,0.0],[113.366551492366895,-2.967776180636867,0.0],[113.366500194990095,-2.967798225860014,0.0],[113.366358540991698,-2.967796967673676,0.0],[113.366310429441995,-2.967811553098731,0.0],[113.366288133348604,-2.967847426695418,0.0],[113.366194088270205,-2.967863688287942,0.0],[113.3659860485579,-2.967854720370155,0.0],[113.365896194875106,-2.96783158577592,0.0],[113.365799803030299,-2.967841476028809,0.0],[113.365690671400202,-2.967931917098437,0.0],[113.365673069318007,-2.967968546238638,0.0],[113.365581874313094,-2.968067620188727,0.0],[113.365212567098098,-2.96824456239267,0.0],[113.365039229352902,-2.968290243066295,0.0],[113.364924815595799,-2.96839602263106,0.0],[113.364764218766993,-2.968426365033842,0.0],[113.364486443207596,-2.968597942576874,0.0],[113.364462052428806,-2.968655946333969,0.0],[113.3643994391646,-2.968713696909225,0.0],[113.364199447021903,-2.968797768050365,0.0],[113.363997526031497,-2.968854262429948,0.0],[113.363925945358901,-2.968855099678823,0.0],[113.363861740014201,-2.968916370892324,0.0],[113.363793929940101,-2.968940344411577,0.0],[113.363733245015894,-2.968988287656142,0.0],[113.363588153818995,-2.969026174348587,0.0],[113.3634656947157,-2.969076213718788,0.0],[113.363265786201097,-2.969184509212135,0.0],[113.3631546419373,-2.969302023004792,0.0],[113.363049532946704,-2.969356757186179,0.0],[113.362998570871696,-2.96936916205812,0.0],[113.362887175723998,-2.969354325599679,0.0],[113.362599257251304,-2.969572339328002,0.0],[113.362564052757094,-2.969575357293937,0.0],[113.362542387701495,-2.969550770663771,0.0],[113.362526502325295,-2.969540236871978,0.0],[113.3624008578781,-2.969644590685161,0.0],[113.362393397671099,-2.969632185716531,0.0],[113.362354253830603,-2.969643502149487,0.0],[113.362336651626606,-2.969679291587739,0.0],[113.362281582827904,-2.969705444209241,0.0],[113.362138672312796,-2.969821868338837,0.0],[113.362038591736805,-2.969810972178892,0.0],[113.361917138356901,-2.969830502357984,0.0],[113.361907498937995,-2.969906610187715,0.0],[113.361842622703406,-2.969946340225075,0.0],[113.361711865368505,-2.969971401692483,0.0],[113.361641122326503,-2.970025045986347,0.0],[113.361524948943,-2.970020267863557,0.0],[113.361428725007997,-2.970051448902665,0.0],[113.361250608707607,-2.970169131005322,0.0],[113.361144830235702,-2.970200898425451,0.0],[113.361069308959401,-2.970251440721657,0.0],[113.360984818607207,-2.970270468407939,0.0],[113.360813660655893,-2.970349342152019,0.0],[113.360710228354193,-2.970341546373851,0.0],[113.360520041557294,-2.970490241384484,0.0],[113.360386100027995,-2.970570204878987,0.0],[113.360271434789595,-2.970619826055672,0.0],[113.360136067294405,-2.97063549998251,0.0],[113.360064736618398,-2.970662322058223,0.0],[113.360030287578994,-2.970650671046366,0.0],[113.359995754086,-2.970661903419799,0.0],[113.359895088207594,-2.970734071288568,0.0],[113.359883184551606,-2.970783440149321,0.0],[113.359784866027795,-2.970874132821785,0.0],[113.359762317818806,-2.970921826042799,0.0],[113.359557800095899,-2.970944120621601,0.0],[113.359436430391398,-2.971045542829466,0.0],[113.359339954308595,-2.971074124615432,0.0],[113.358953082567396,-2.971129253903654,0.0],[113.358892863645494,-2.971154255969557,0.0],[113.358836452697304,-2.971199266692622,0.0],[113.358685831171101,-2.971231284845652,0.0],[113.358492376404001,-2.971321558914383,0.0],[113.358423393403399,-2.971370090348104,0.0],[113.358371508898998,-2.971382663424547,0.0],[113.358198254903499,-2.971475701759628,0.0],[113.358122064388098,-2.971524567752511,0.0],[113.358071268837406,-2.971579554054925,0.0],[113.357916707105701,-2.971650463593958,0.0],[113.357882424859397,-2.97168013577851,0.0],[113.357768096192601,-2.971698325252243,0.0],[113.357669189553505,-2.971777701868743,0.0],[113.357517645180096,-2.971815587598768,0.0],[113.357400213648006,-2.971888846326017,0.0],[113.357349252153696,-2.971939389222192,0.0],[113.357258056902296,-2.971957661004863,0.0],[113.357241964223803,-2.971972330330625,0.0],[113.357033506388106,-2.971984650872621,0.0],[113.356981095414994,-2.972003814774715,0.0],[113.356976836733907,-2.972004438591573,0.0],[113.356953206558302,-2.972011807593966,0.0],[113.3569152370235,-2.97204784962258,0.0],[113.356762268358906,-2.972162849917646,0.0],[113.356695044756606,-2.972289751941676,0.0],[113.356621200420904,-2.972337613134699,0.0],[113.356501757796295,-2.972496198243786,0.0],[113.356458005390905,-2.972536180311465,0.0],[113.356396314239305,-2.972558141031135,0.0],[113.356342502092403,-2.972632656243257,0.0],[113.356356164288897,-2.97280088107414,0.0],[113.356289024998503,-2.972831558441957,0.0],[113.356143515829601,-2.972856619628153,0.0],[113.356067719982207,-2.972850937355182,0.0],[113.356166397826101,-2.972918226548356,0.0],[113.356285924084006,-2.972976482201089,0.0],[113.356346022020702,-2.972978661013024,0.0],[113.356434116377599,-2.97301587615697,0.0],[113.356536542878004,-2.973026521735441,0.0],[113.356565543596403,-2.973046302811101,0.0],[113.356705103416601,-2.973031467046218,0.0],[113.356748940014299,-2.973013781380579,0.0],[113.356821109304207,-2.973023085332386,0.0],[113.356863521174006,-2.973012775260992,0.0],[113.357018838423897,-2.973083266554008,0.0],[113.357139088894996,-2.973116321362052,0.0],[113.357139788558001,-2.973114699094988,0.0],[113.357141297050404,-2.973116710740267,0.0],[113.357139088894996,-2.973116321362052,0.0]]]]}},
{"type":"Feature","properties":{"id":"ID_00019","Name":"2025","description":"<html xmlns:fo=\"http://www.w3.org/1999/XSL/Format\" xmlns:msxsl=\"urn:schemas-microsoft-com:xslt\">\n\n<head>\n\n<META http-equiv=\"Content-Type\" content=\"text/html\">\n\n<meta http-equiv=\"content-type\" content=\"text/html; charset=UTF-8\">\n\n</head>\n\n<body style=\"margin:0px 0px 0px 0px;overflow:auto;background:#FFFFFF;\">\n\n<table style=\"font-family:Arial,Verdana,Times;font-size:12px;text-align:left;width:100%;border-collapse:collapse;padding:3px 3px 3px 3px\">\n\n<tr style=\"text-align:center;font-weight:bold;background:#9CBCE2\">\n\n<td>2025</td>\n\n</tr>\n\n<tr>\n\n<td>\n\n<table style=\"font-family:Arial,Verdana,Times;font-size:12px;text-align:left;width:100%;border-spacing:0px; padding:3px 3px 3px 3px\">\n\n<tr>\n\n<td>FID</td>\n\n<td>19</td>\n\n</tr>\n\n<tr bgcolor=\"#D4E4F3\">\n\n<td>OBJECTID_1</td>\n\n<td>0</td>\n\n</tr>\n\n<tr>\n\n<td>id</td>\n\n<td>0</td>\n\n</tr>\n\n<tr bgcolor=\"#D4E4F3\">\n\n<td>Year</td>\n\n<td>2025</td>\n\n</tr>\n\n<tr>\n\n<td>Provinsi</td>\n\n<td>Kalimantan Tengah</td>\n\n</tr>\n\n<tr bgcolor=\"#D4E4F3\">\n\n<td>Kab_Kota</td>\n\n<td></td>\n\n</tr>\n\n<tr>\n\n<td>Kecamatan</td>\n\n<td></td>\n\n</tr>\n\n<tr bgcolor=\"#D4E4F3\">\n\n<td>Desa_Kel</td>\n\n<td></td>\n\n</tr>\n\n<tr>\n\n<td>Pelaksanaa</td>\n\n<td></td>\n\n</tr>\n\n<tr bgcolor=\"#D4E4F3\">\n\n<td>Jlh_Transk</td>\n\n<td></td>\n\n</tr>\n\n<tr>\n\n<td>M1</td>\n\n<td></td>\n\n</tr>\n\n<tr bgcolor=\"#D4E4F3\">\n\n<td>M2</td>\n\n<td></td>\n\n</tr>\n\n<tr>\n\n<td>M3</td>\n\n<td></td>\n\n</tr>\n\n<tr bgcolor=\"#D4E4F3\">\n\n<td>M4</td>\n\n<td></td>\n\n</tr>\n\n<tr>\n\n<td>M5</td>\n\n<td></td>\n\n</tr>\n\n<tr bgcolor=\"#D4E4F3\">\n\n<td>Jlh_Bibit</td>\n\n<td></td>\n\n</tr>\n\n<tr>\n\n<td>Sbr_Bibit</td>\n\n<td></td>\n\n</tr>\n\n<tr bgcolor=\"#D4E4F3\">\n\n<td>Pelaksana</td>\n\n<td></td>\n\n</tr>\n\n<tr>\n\n<td>Keterangan</td>\n\n<td>Mendawai 2</td>\n\n</tr>\n\n<tr bgcolor=\"#D4E4F3\">\n\n<td>Jn_Bibit</td>\n\n<td></td>\n\n</tr>\n\n<tr>\n\n<td>Luas_Ha</td>\n\n<td>37.0713</td>\n\n</tr>\n\n<tr bgcolor=\"#D4E4F3\">\n\n<td>Kanal</td>\n\n<td></td>\n\n</tr>\n\n<tr>\n\n<td>Kawasan</td>\n\n<td>SPTN III Taman Nasional Sebangau</td>\n\n</tr>\n\n<tr bgcolor=\"#D4E4F3\">\n\n<td>Tahap</td>\n\n<td></td>\n\n</tr>\n\n<tr>\n\n<td>Zona</td>\n\n<td></td>\n\n</tr>\n\n<tr bgcolor=\"#D4E4F3\">\n\n<td>Resort</td>\n\n<td>Mendawai</td>\n\n</tr>\n\n<tr>\n\n<td>SPTN</td>\n\n<td>SPTN III Taman Nasional Sebangau</td>\n\n</tr>\n\n<tr bgcolor=\"#D4E4F3\">\n\n<td>Luas</td>\n\n<td>37.0712541445729</td>\n\n</tr>\n\n<tr>\n\n<td>Shape_Leng</td>\n\n<td>0</td>\n\n</tr>\n\n</table>\n\n</td>\n\n</tr>\n\n</table>\n\n</body>\n\n</html>","timestamp":null,"begin":null,"end":null,"altitudeMode":null,"tessellate":-1,"extrude":0,"visibility":-1,"drawOrder":null,"icon":null,"snippet":""},"geometry":{"type":"MultiPolygon","coordinates":[[[[113.306475728394304,-2.953236968767152,0.0],[113.306487769408704,-2.953248324657928,0.0],[113.307396064504005,-2.954154374933976,0.0],[113.310733621576304,-2.957483654267723,0.0],[113.311206056282799,-2.957931716161116,0.0],[113.311336618056998,-2.958055542129674,0.0],[113.310828324598702,-2.954906942868435,0.0],[113.310283139973805,-2.951899111438599,0.0],[113.310212754953497,-2.951510787262122,0.0],[113.309636271694799,-2.948184008872822,0.0],[113.309455130774694,-2.947138664397819,0.0],[113.309398062961094,-2.946815143823124,0.0],[113.3092487316475,-2.945968573458737,0.0],[113.308571577293193,-2.945995933286837,0.0],[113.308077309116399,-2.946015903799831,0.0],[113.308034898051702,-2.946166992728307,0.0],[113.307790757002095,-2.94703674310137,0.0],[113.307542800730701,-2.947904587043305,0.0],[113.307294846569903,-2.948783874608925,0.0],[113.307039260592106,-2.949687958028615,0.0],[113.306798935196397,-2.950538635699044,0.0],[113.3065509796577,-2.951408384356054,0.0],[113.306306840138106,-2.952278137042981,0.0],[113.306463243100794,-2.953166961705223,0.0],[113.306475728394304,-2.953236968767152,0.0]]]]}},
{"type":"Feature","properties":{"id":"ID_00020","Name":"2025","description":"<html xmlns:fo=\"http://www.w3.org/1999/XSL/Format\" xmlns:msxsl=\"urn:schemas-microsoft-com:xslt\">\n\n<head>\n\n<META http-equiv=\"Content-Type\" content=\"text/html\">\n\n<meta http-equiv=\"content-type\" content=\"text/html; charset=UTF-8\">\n\n</head>\n\n<body style=\"margin:0px 0px 0px 0px;overflow:auto;background:#FFFFFF;\">\n\n<table style=\"font-family:Arial,Verdana,Times;font-size:12px;text-align:left;width:100%;border-collapse:collapse;padding:3px 3px 3px 3px\">\n\n<tr style=\"text-align:center;font-weight:bold;background:#9CBCE2\">\n\n<td>2025</td>\n\n</tr>\n\n<tr>\n\n<td>\n\n<table style=\"font-family:Arial,Verdana,Times;font-size:12px;text-align:left;width:100%;border-spacing:0px; padding:3px 3px 3px 3px\">\n\n<tr>\n\n<td>FID</td>\n\n<td>20</td>\n\n</tr>\n\n<tr bgcolor=\"#D4E4F3\">\n\n<td>OBJECTID_1</td>\n\n<td>0</td>\n\n</tr>\n\n<tr>\n\n<td>id</td>\n\n<td>0</td>\n\n</tr>\n\n<tr bgcolor=\"#D4E4F3\">\n\n<td>Year</td>\n\n<td>2025</td>\n\n</tr>\n\n<tr>\n\n<td>Provinsi</td>\n\n<td></td>\n\n</tr>\n\n<tr bgcolor=\"#D4E4F3\">\n\n<td>Kab_Kota</td>\n\n<td></td>\n\n</tr>\n\n<tr>\n\n<td>Kecamatan</td>\n\n<td></td>\n\n</tr>\n\n<tr bgcolor=\"#D4E4F3\">\n\n<td>Desa_Kel</td>\n\n<td></td>\n\n</tr>\n\n<tr>\n\n<td>Pelaksanaa</td>\n\n<td></td>\n\n</tr>\n\n<tr bgcolor=\"#D4E4F3\">\n\n<td>Jlh_Transk</td>\n\n<td></td>\n\n</tr>\n\n<tr>\n\n<td>M1</td>\n\n<td></td>\n\n</tr>\n\n<tr bgcolor=\"#D4E4F3\">\n\n<td>M2</td>\n\n<td></td>\n\n</tr>\n\n<tr>\n\n<td>M3</td>\n\n<td></td>\n\n</tr>\n\n<tr bgcolor=\"#D4E4F3\">\n\n<td>M4</td>\n\n<td></td>\n\n</tr>\n\n<tr>\n\n<td>M5</td>\n\n<td></td>\n\n</tr>\n\n<tr bgcolor=\"#D4E4F3\">\n\n<td>Jlh_Bibit</td>\n\n<td></td>\n\n</tr>\n\n<tr>\n\n<td>Sbr_Bibit</td>\n\n<td></td>\n\n</tr>\n\n<tr bgcolor=\"#D4E4F3\">\n\n<td>Pelaksana</td>\n\n<td></td>\n\n</tr>\n\n<tr>\n\n<td>Keterangan</td>\n\n<td>KHDTK AOI 3</td>\n\n</tr>\n\n<tr bgcolor=\"#D4E4F3\">\n\n<td>Jn_Bibit</td>\n\n<td></td>\n\n</tr>\n\n<tr>\n\n<td>Luas_Ha</td>\n\n<td>33.6749</td>\n\n</tr>\n\n<tr bgcolor=\"#D4E4F3\">\n\n<td>Kanal</td>\n\n<td></td>\n\n</tr>\n\n<tr>\n\n<td>Kawasan</td>\n\n<td></td>\n\n</tr>\n\n<tr bgcolor=\"#D4E4F3\">\n\n<td>Tahap</td>\n\n<td></td>\n\n</tr>\n\n<tr>\n\n<td>Zona</td>\n\n<td></td>\n\n</tr>\n\n<tr bgcolor=\"#D4E4F3\">\n\n<td>Resort</td>\n\n<td></td>\n\n</tr>\n\n<tr>\n\n<td>SPTN</td>\n\n<td></td>\n\n</tr>\n\n<tr bgcolor=\"#D4E4F3\">\n\n<td>Luas</td>\n\n<td></td>\n\n</tr>\n\n<tr>\n\n<td>Shape_Leng</td>\n\n<td>0</td>\n\n</tr>\n\n</table>\n\n</td>\n\n</tr>\n\n</table>\n\n</body>\n\n</html>","timestamp":null,"begin":null,"end":null,"altitudeMode":null,"tessellate":-1,"extrude":0,"visibility":-1,"drawOrder":null,"icon":null,"snippet":""},"geometry":{"type":"MultiPolygon","coordinates":[[[[113.743421419890396,-1.647787536567658,0.0],[113.747683648495297,-1.647291355223327,0.0],[113.747611929558303,-1.646000926685651,0.0],[113.747590756233507,-1.64561995298982,0.0],[113.747556181159496,-1.644997835312965,0.0],[113.747531340046294,-1.644550859321825,0.0],[113.747447364904502,-1.643039837618784,0.0],[113.747431834621594,-1.642760386691508,0.0],[113.747379659008303,-1.641821532848955,0.0],[113.7462800605593,-1.641985648519961,0.0],[113.745709724139104,-1.642070771353476,0.0],[113.744901062175302,-1.642191464103496,0.0],[113.744187406014206,-1.642297977026655,0.0],[113.744123927236899,-1.642308611450224,0.0],[113.742438983621895,-1.642590884811616,0.0],[113.742544423145105,-1.647889629961705,0.0],[113.743421419890396,-1.647787536567658,0.0]]]]}},
{"type":"Feature","properties":{"id":"ID_00021","Name":"2025","description":"<html xmlns:fo=\"http://www.w3.org/1999/XSL/Format\" xmlns:msxsl=\"urn:schemas-microsoft-com:xslt\">\n\n<head>\n\n<META http-equiv=\"Content-Type\" content=\"text/html\">\n\n<meta http-equiv=\"content-type\" content=\"text/html; charset=UTF-8\">\n\n</head>\n\n<body style=\"margin:0px 0px 0px 0px;overflow:auto;background:#FFFFFF;\">\n\n<table style=\"font-family:Arial,Verdana,Times;font-size:12px;text-align:left;width:100%;border-collapse:collapse;padding:3px 3px 3px 3px\">\n\n<tr style=\"text-align:center;font-weight:bold;background:#9CBCE2\">\n\n<td>2025</td>\n\n</tr>\n\n<tr>\n\n<td>\n\n<table style=\"font-family:Arial,Verdana,Times;font-size:12px;text-align:left;width:100%;border-spacing:0px; padding:3px 3px 3px 3px\">\n\n<tr>\n\n<td>FID</td>\n\n<td>21</td>\n\n</tr>\n\n<tr bgcolor=\"#D4E4F3\">\n\n<td>OBJECTID_1</td>\n\n<td>0</td>\n\n</tr>\n\n<tr>\n\n<td>id</td>\n\n<td>0</td>\n\n</tr>\n\n<tr bgcolor=\"#D4E4F3\">\n\n<td>Year</td>\n\n<td>2025</td>\n\n</tr>\n\n<tr>\n\n<td>Provinsi</td>\n\n<td></td>\n\n</tr>\n\n<tr bgcolor=\"#D4E4F3\">\n\n<td>Kab_Kota</td>\n\n<td></td>\n\n</tr>\n\n<tr>\n\n<td>Kecamatan</td>\n\n<td></td>\n\n</tr>\n\n<tr bgcolor=\"#D4E4F3\">\n\n<td>Desa_Kel</td>\n\n<td></td>\n\n</tr>\n\n<tr>\n\n<td>Pelaksanaa</td>\n\n<td></td>\n\n</tr>\n\n<tr bgcolor=\"#D4E4F3\">\n\n<td>Jlh_Transk</td>\n\n<td></td>\n\n</tr>\n\n<tr>\n\n<td>M1</td>\n\n<td></td>\n\n</tr>\n\n<tr bgcolor=\"#D4E4F3\">\n\n<td>M2</td>\n\n<td></td>\n\n</tr>\n\n<tr>\n\n<td>M3</td>\n\n<td></td>\n\n</tr>\n\n<tr bgcolor=\"#D4E4F3\">\n\n<td>M4</td>\n\n<td></td>\n\n</tr>\n\n<tr>\n\n<td>M5</td>\n\n<td></td>\n\n</tr>\n\n<tr bgcolor=\"#D4E4F3\">\n\n<td>Jlh_Bibit</td>\n\n<td></td>\n\n</tr>\n\n<tr>\n\n<td>Sbr_Bibit</td>\n\n<td></td>\n\n</tr>\n\n<tr bgcolor=\"#D4E4F3\">\n\n<td>Pelaksana</td>\n\n<td></td>\n\n</tr>\n\n<tr>\n\n<td>Keterangan</td>\n\n<td>TFA Petuk Barunai</td>\n\n</tr>\n\n<tr bgcolor=\"#D4E4F3\">\n\n<td>Jn_Bibit</td>\n\n<td></td>\n\n</tr>\n\n<tr>\n\n<td>Luas_Ha</td>\n\n<td>0</td>\n\n</tr>\n\n<tr bgcolor=\"#D4E4F3\">\n\n<td>Kanal</td>\n\n<td></td>\n\n</tr>\n\n<tr>\n\n<td>Kawasan</td>\n\n<td></td>\n\n</tr>\n\n<tr bgcolor=\"#D4E4F3\">\n\n<td>Tahap</td>\n\n<td></td>\n\n</tr>\n\n<tr>\n\n<td>Zona</td>\n\n<td></td>\n\n</tr>\n\n<tr bgcolor=\"#D4E4F3\">\n\n<td>Resort</td>\n\n<td></td>\n\n</tr>\n\n<tr>\n\n<td>SPTN</td>\n\n<td></td>\n\n</tr>\n\n<tr bgcolor=\"#D4E4F3\">\n\n<td>Luas</td>\n\n<td>10.4254240766</td>\n\n</tr>\n\n<tr>\n\n<td>Shape_Leng</td>\n\n<td>0</td>\n\n</tr>\n\n</table>\n\n</td>\n\n</tr>\n\n</table>\n\n</body>\n\n</html>","timestamp":null,"begin":null,"end":null,"altitudeMode":null,"tessellate":-1,"extrude":0,"visibility":-1,"drawOrder":null,"icon":null,"snippet":""},"geometry":{"type":"MultiPolygon","coordinates":[[[[113.729326882396094,-1.724949087166736,0.0],[113.729117458068202,-1.724719851351338,0.0],[113.7288511981981,-1.724624594791933,0.0],[113.728699509353802,-1.724892608429121,0.0],[113.728683805197207,-1.725313483088674,0.0],[113.728684342415704,-1.725762998586953,0.0],[113.730601565660294,-1.725758783472978,0.0],[113.730677671950701,-1.725758616109288,0.0],[113.730486938414103,-1.725310846757671,0.0],[113.730296522848207,-1.725081583896884,0.0],[113.7300492991982,-1.725005428352295,0.0],[113.729726203965001,-1.725044151370373,0.0],[113.729326882396094,-1.724949087166736,0.0]]],[[[113.733156624833697,-1.722365896619408,0.0],[113.733120847087307,-1.722270307672707,0.0],[113.733138497320496,-1.722150731434268,0.0],[113.733156130519603,-1.722019200148227,0.0],[113.733256850222404,-1.721833751094206,0.0],[113.733310141843603,-1.721714123428853,0.0],[113.733404921323995,-1.72152868298941,0.0],[113.733445677959494,-1.721464286041813,0.0],[113.733602790471096,-1.721363616663031,0.0],[113.733627652508503,-1.721302609919264,0.0],[113.733684550858399,-1.721212864773925,0.0],[113.733705818094506,-1.72113034409832,0.0],[113.733716295822305,-1.720979695097386,0.0],[113.733719788401899,-1.720929478764281,0.0],[113.733746365099705,-1.720883641173919,0.0],[113.733502380620607,-1.720781096312337,0.0],[113.7333693196273,-1.720781288280738,0.0],[113.733142533936103,-1.720790748737447,0.0],[113.733041877577406,-1.721045026341462,0.0],[113.732829170836993,-1.721846323478219,0.0],[113.732619187736304,-1.722057832957519,0.0],[113.732484012890097,-1.722242136320725,0.0],[113.732260837363995,-1.722366791322347,0.0],[113.732139700897093,-1.72239804939101,0.0],[113.731830798446097,-1.722391322175594,0.0],[113.731619233346194,-1.72232659180292,0.0],[113.731559365980402,-1.722333851247865,0.0],[113.731453922562906,-1.722372737900806,0.0],[113.731321751071505,-1.722456533488276,0.0],[113.7310781586758,-1.722426997234686,0.0],[113.730715846577198,-1.722457407707816,0.0],[113.730448586766798,-1.722493658564959,0.0],[113.730430944872595,-1.722619212591407,0.0],[113.730442978658104,-1.722726791152695,0.0],[113.7304847136745,-1.722834326856987,0.0],[113.730366113209101,-1.722977959216193,0.0],[113.7301285800405,-1.72303209991866,0.0],[113.729991860681807,-1.722966544090375,0.0],[113.729855081710099,-1.722859145444093,0.0],[113.729664993785306,-1.722859419646737,0.0],[113.7292968856583,-1.722991456842635,0.0],[113.729154413298204,-1.723057415469221,0.0],[113.728911186513102,-1.723284913507996,0.0],[113.728780815989495,-1.723506271252643,0.0],[113.728846243946293,-1.723565952461536,0.0],[113.728941356144105,-1.723613635718629,0.0],[113.729113623499501,-1.723613387180373,0.0],[113.729268036002793,-1.723589254160657,0.0],[113.729416593410605,-1.723624905145996,0.0],[113.7295475600679,-1.723821975497773,0.0],[113.729666552539499,-1.723953309975416,0.0],[113.729785553551295,-1.72409062196135,0.0],[113.729922247500994,-1.724138245062206,0.0],[113.730094506239197,-1.724132018818479,0.0],[113.730266705289793,-1.724083949782774,0.0],[113.730361817456199,-1.724131632870141,0.0],[113.730546050391197,-1.724191142356003,0.0],[113.730777728560597,-1.724196785340029,0.0],[113.731027380895398,-1.72430999820138,0.0],[113.731258896975405,-1.724202067940866,0.0],[113.731240982450998,-1.724136340798165,0.0],[113.731210906104806,-1.723873372157011,0.0],[113.731382866258997,-1.723657932145189,0.0],[113.731537031237906,-1.723460450511557,0.0],[113.731625938796697,-1.723322838590384,0.0],[113.731566425596895,-1.723245216426918,0.0],[113.731512579943399,-1.72297630460436,0.0],[113.731500970345806,-1.722921204981918,0.0],[113.731713957702397,-1.722935845883178,0.0],[113.731945575833393,-1.722899646242312,0.0],[113.732004961155795,-1.722887605420315,0.0],[113.732070252620403,-1.722851645898381,0.0],[113.732111774614594,-1.72280974315178,0.0],[113.732129450443495,-1.722708099405654,0.0],[113.732307640446706,-1.722695887072727,0.0],[113.732384974290397,-1.722773483462643,0.0],[113.732509872632605,-1.722880898863268,0.0],[113.732605044241694,-1.722970424541107,0.0],[113.732735746429299,-1.722982190868617,0.0],[113.732890141328895,-1.722946102654214,0.0],[113.7330504423321,-1.722886095753644,0.0],[113.733091947219094,-1.72283223796741,0.0],[113.7332224191519,-1.722682611096677,0.0],[113.733204445012703,-1.722575041381341,0.0],[113.733156624833697,-1.722365896619408,0.0]]],[[[113.731920312445396,-1.721471367450042,0.0],[113.732026998203096,-1.721303842340235,0.0],[113.732092161941097,-1.721178219942949,0.0],[113.732103855093996,-1.721046697131745,0.0],[113.732109616542701,-1.720921160420137,0.0],[113.732234208127295,-1.72081338497702,0.0],[113.732210362083705,-1.720753643940569,0.0],[113.732103403909306,-1.720729888003359,0.0],[113.732020104508607,-1.720634367421242,0.0],[113.7320436781811,-1.720502827478716,0.0],[113.731996020181199,-1.72040725549161,0.0],[113.731895070324896,-1.7204313111981,0.0],[113.731722837694903,-1.720455469660962,0.0],[113.731598305588506,-1.720605087812464,0.0],[113.731491577145206,-1.720742725227914,0.0],[113.731367002460701,-1.720862455750668,0.0],[113.731402907704094,-1.721047707927895,0.0],[113.731444625530699,-1.721143288516868,0.0],[113.731444889420999,-1.721328592070996,0.0],[113.731516299935606,-1.721418152276181,0.0],[113.731813422313706,-1.721495431812282,0.0],[113.731920312445396,-1.721471367450042,0.0]]],[[[113.736091570608394,-1.723236908193123,0.0],[113.736224385603293,-1.723064563474085,0.0],[113.736452162070506,-1.722834697262102,0.0],[113.736794263723596,-1.72279594641918,0.0],[113.737174409934696,-1.722776268567391,0.0],[113.737478111511905,-1.72246978046234,0.0],[113.737705723725,-1.722125146404836,0.0],[113.737800138786099,-1.721685064808047,0.0],[113.737932189008404,-1.720977136256237,0.0],[113.737950433342505,-1.720441524658647,0.0],[113.737855035384499,-1.720192997896633,0.0],[113.737512334246404,-1.719810931894221,0.0],[113.737075053656696,-1.719754179124884,0.0],[113.736771051649498,-1.719850258325062,0.0],[113.736315062085197,-1.720003941140999,0.0],[113.736011305248596,-1.720272172665555,0.0],[113.735365828447499,-1.720846946956447,0.0],[113.734910165397494,-1.721230166633636,0.0],[113.734492192224906,-1.721383794878633,0.0],[113.734588654388602,-1.722378316684251,0.0],[113.734646008024896,-1.722607770986575,0.0],[113.734893776457696,-1.723066487197399,0.0],[113.735236179013299,-1.723238145043142,0.0],[113.735768586640802,-1.723352143726966,0.0],[113.736091570608394,-1.723236908193123,0.0]]],[[[113.737009448708406,-1.716150005631444,0.0],[113.736837183163203,-1.716150253809273,0.0],[113.736647224572394,-1.716240190266051,0.0],[113.7365048725338,-1.716389833362669,0.0],[113.736522939755105,-1.716563155445539,0.0],[113.736647870963694,-1.716694480889859,0.0],[113.736778657312797,-1.716766022662164,0.0],[113.736814375040794,-1.71681976886514,0.0],[113.737069811856102,-1.716825378237376,0.0],[113.737360813184097,-1.716777138655947,0.0],[113.737556822450898,-1.716764901081074,0.0],[113.737627977086404,-1.716675135775893,0.0],[113.7377464149818,-1.716417931903252,0.0],[113.737657005889204,-1.716202870214239,0.0],[113.737460911628403,-1.716155332664627,0.0],[113.737270825579799,-1.716155606561108,0.0],[113.737009448708406,-1.716150005631444,0.0]]]]}},
{"type":"Feature","properties":{"id":"ID_00022","Name":"2025","description":"<html xmlns:fo=\"http://www.w3.org/1999/XSL/Format\" xmlns:msxsl=\"urn:schemas-microsoft-com:xslt\">\n\n<head>\n\n<META http-equiv=\"Content-Type\" content=\"text/html\">\n\n<meta http-equiv=\"content-type\" content=\"text/html; charset=UTF-8\">\n\n</head>\n\n<body style=\"margin:0px 0px 0px 0px;overflow:auto;background:#FFFFFF;\">\n\n<table style=\"font-family:Arial,Verdana,Times;font-size:12px;text-align:left;width:100%;border-collapse:collapse;padding:3px 3px 3px 3px\">\n\n<tr style=\"text-align:center;font-weight:bold;background:#9CBCE2\">\n\n<td>2025</td>\n\n</tr>\n\n<tr>\n\n<td>\n\n<table style=\"font-family:Arial,Verdana,Times;font-size:12px;text-align:left;width:100%;border-spacing:0px; padding:3px 3px 3px 3px\">\n\n<tr>\n\n<td>FID</td>\n\n<td>22</td>\n\n</tr>\n\n<tr bgcolor=\"#D4E4F3\">\n\n<td>OBJECTID_1</td>\n\n<td>0</td>\n\n</tr>\n\n<tr>\n\n<td>id</td>\n\n<td>0</td>\n\n</tr>\n\n<tr bgcolor=\"#D4E4F3\">\n\n<td>Year</td>\n\n<td>2025</td>\n\n</tr>\n\n<tr>\n\n<td>Provinsi</td>\n\n<td></td>\n\n</tr>\n\n<tr bgcolor=\"#D4E4F3\">\n\n<td>Kab_Kota</td>\n\n<td></td>\n\n</tr>\n\n<tr>\n\n<td>Kecamatan</td>\n\n<td></td>\n\n</tr>\n\n<tr bgcolor=\"#D4E4F3\">\n\n<td>Desa_Kel</td>\n\n<td></td>\n\n</tr>\n\n<tr>\n\n<td>Pelaksanaa</td>\n\n<td></td>\n\n</tr>\n\n<tr bgcolor=\"#D4E4F3\">\n\n<td>Jlh_Transk</td>\n\n<td></td>\n\n</tr>\n\n<tr>\n\n<td>M1</td>\n\n<td></td>\n\n</tr>\n\n<tr bgcolor=\"#D4E4F3\">\n\n<td>M2</td>\n\n<td></td>\n\n</tr>\n\n<tr>\n\n<td>M3</td>\n\n<td></td>\n\n</tr>\n\n<tr bgcolor=\"#D4E4F3\">\n\n<td>M4</td>\n\n<td></td>\n\n</tr>\n\n<tr>\n\n<td>M5</td>\n\n<td></td>\n\n</tr>\n\n<tr bgcolor=\"#D4E4F3\">\n\n<td>Jlh_Bibit</td>\n\n<td></td>\n\n</tr>\n\n<tr>\n\n<td>Sbr_Bibit</td>\n\n<td></td>\n\n</tr>\n\n<tr bgcolor=\"#D4E4F3\">\n\n<td>Pelaksana</td>\n\n<td></td>\n\n</tr>\n\n<tr>\n\n<td>Keterangan</td>\n\n<td>HUTAN ULIN</td>\n\n</tr>\n\n<tr bgcolor=\"#D4E4F3\">\n\n<td>Jn_Bibit</td>\n\n<td></td>\n\n</tr>\n\n<tr>\n\n<td>Luas_Ha</td>\n\n<td>0</td>\n\n</tr>\n\n<tr bgcolor=\"#D4E4F3\">\n\n<td>Kanal</td>\n\n<td></td>\n\n</tr>\n\n<tr>\n\n<td>Kawasan</td>\n\n<td></td>\n\n</tr>\n\n<tr bgcolor=\"#D4E4F3\">\n\n<td>Tahap</td>\n\n<td></td>\n\n</tr>\n\n<tr>\n\n<td>Zona</td>\n\n<td></td>\n\n</tr>\n\n<tr bgcolor=\"#D4E4F3\">\n\n<td>Resort</td>\n\n<td></td>\n\n</tr>\n\n<tr>\n\n<td>SPTN</td>\n\n<td></td>\n\n</tr>\n\n<tr bgcolor=\"#D4E4F3\">\n\n<td>Luas</td>\n\n<td>27.3483792422</td>\n\n</tr>\n\n<tr>\n\n<td>Shape_Leng</td>\n\n<td>0</td>\n\n</tr>\n\n</table>\n\n</td>\n\n</tr>\n\n</table>\n\n</body>\n\n</html>","timestamp":null,"begin":null,"end":null,"altitudeMode":null,"tessellate":-1,"extrude":0,"visibility":-1,"drawOrder":null,"icon":null,"snippet":""},"geometry":{"type":"MultiPolygon","coordinates":[[[[113.7302071506342,-1.523286940784585,0.0],[113.730308269865205,-1.523431396990493,0.0],[113.730347919211198,-1.523488038960121,0.0],[113.730411860000103,-1.52357938299998,0.0],[113.7306297,-1.523890581999951,0.0],[113.730915235000097,-1.524568728999919,0.0],[113.730929327,-1.525005562999942,0.0],[113.731390096000098,-1.525145747999938,0.0],[113.731865989000099,-1.525312309999912,0.0],[113.732149626719206,-1.52537984289371,0.0],[113.732569197880395,-1.524674818949474,0.0],[113.732658705112698,-1.523932890328928,0.0],[113.732663248957095,-1.523895226329798,0.0],[113.732599082618094,-1.523896478777363,0.0],[113.732606158934601,-1.523855822401352,0.0],[113.732603740854898,-1.523822351212917,0.0],[113.732589425378094,-1.523774549102123,0.0],[113.733171347317096,-1.524059581213031,0.0],[113.733412548115496,-1.524570353123465,0.0],[113.733584756471899,-1.52453725647681,0.0],[113.733277970674905,-1.52382930943865,0.0],[113.732679497014701,-1.523607062674903,0.0],[113.732634265207693,-1.523535389852527,0.0],[113.732581929943294,-1.52348285425406,0.0],[113.732591400222503,-1.523456540941752,0.0],[113.732653082152794,-1.52338473157887,0.0],[113.732603170993698,-1.523370449196553,0.0],[113.732519967638794,-1.523332299124045,0.0],[113.732448697845399,-1.523337172168043,0.0],[113.732391680198802,-1.523339635992071,0.0],[113.732351224247694,-1.523287085200965,0.0],[113.732317919995396,-1.52325365343781,0.0],[113.732289352395796,-1.523208260522735,0.0],[113.732270303312205,-1.523174810555771,0.0],[113.732341576125904,-1.52317232854318,0.0],[113.732415212739596,-1.523160279429904,0.0],[113.732465078686204,-1.523138696583897,0.0],[113.732512559727297,-1.523109943723378,0.0],[113.732557658877596,-1.523076411865298,0.0],[113.732650305369702,-1.523066729501694,0.0],[113.732704986321806,-1.523095351922692,0.0],[113.732781056042001,-1.523128729068365,0.0],[113.732812002510499,-1.523176509941906,0.0],[113.732835842504301,-1.523241037022697,0.0],[113.732869188957295,-1.523307942979687,0.0],[113.7328954198952,-1.523384422096685,0.0],[113.7329262759241,-1.523360472497704,0.0],[113.732919100104695,-1.523322225355155,0.0],[113.732900014839203,-1.523260083228849,0.0],[113.732869062337301,-1.523207520331453,0.0],[113.732866623170693,-1.523157312041081,0.0],[113.732899839988804,-1.523121404337137,0.0],[113.732942590389499,-1.523109394652655,0.0],[113.733054258799399,-1.523111643077303,0.0],[113.733149320303298,-1.523133040852832,0.0],[113.733187312946001,-1.523116255204017,0.0],[113.733246679273407,-1.523092269204857,0.0],[113.733332249387502,-1.523123243164783,0.0],[113.733451120717902,-1.523185257820671,0.0],[113.733553315804798,-1.523211428489727,0.0],[113.733667335897707,-1.523194545726247,0.0],[113.733769455578894,-1.523160941038622,0.0],[113.733859717069706,-1.52314408862029,0.0],[113.733942808760602,-1.523093771119461,0.0],[113.734085299891802,-1.523045768763416,0.0],[113.734181745556697,-1.522988649626857,0.0],[113.734170416580298,-1.52295414460866,0.0],[113.733648417513393,-1.521364270841468,0.0],[113.733392938540007,-1.520507842144558,0.0],[113.733477892761996,-1.5205362098819,0.0],[113.7339314137663,-1.520687648566019,0.0],[113.734094295354396,-1.520742037564697,0.0],[113.734438507366804,-1.520659533878404,0.0],[113.734693534710004,-1.521157309893644,0.0],[113.734787397781602,-1.521137675641331,0.0],[113.734961752400395,-1.521101204181057,0.0],[113.735092846846001,-1.52129069712611,0.0],[113.735215865739505,-1.521249254668212,0.0],[113.735650462926301,-1.521102848055968,0.0],[113.735719806739695,-1.52107948758553,0.0],[113.735788651411397,-1.521019135704716,0.0],[113.735979762483197,-1.520975050835521,0.0],[113.736031889568594,-1.520862606681702,0.0],[113.736009341179795,-1.520825670589356,0.0],[113.736060769744796,-1.520778499021255,0.0],[113.736130223518302,-1.520714794280781,0.0],[113.736256138000499,-1.520599302366454,0.0],[113.736278226186599,-1.520579042529585,0.0],[113.736427008720099,-1.520442575469987,0.0],[113.735977734905106,-1.520145833956492,0.0],[113.735870595889097,-1.52007506950277,0.0],[113.735685212515406,-1.520167785456205,0.0],[113.735570961666099,-1.5198554784571,0.0],[113.735675318437899,-1.519711884532631,0.0],[113.735706240608906,-1.519704894108925,0.0],[113.736108814777793,-1.519613886111278,0.0],[113.736164605005797,-1.519601273879895,0.0],[113.736587174861597,-1.519337723548436,0.0],[113.736559810186804,-1.519225276158026,0.0],[113.736502777787393,-1.519215784845441,0.0],[113.736388779216398,-1.519249404399143,0.0],[113.736329401066499,-1.519263826197413,0.0],[113.736274654189302,-1.519182601588197,0.0],[113.736255132386503,-1.519132271231211,0.0],[113.736479723130998,-1.518964766878348,0.0],[113.736433713645795,-1.518895276765301,0.0],[113.736461954874102,-1.518871531156776,0.0],[113.736521281840098,-1.518816462236465,0.0],[113.736564047098994,-1.518816407710681,0.0],[113.736605474495093,-1.518830709864637,0.0],[113.736769606657106,-1.51898830734451,0.0],[113.736835838371306,-1.518756294774572,0.0],[113.736676506111905,-1.518636947344809,0.0],[113.736587519641702,-1.518589231651235,0.0],[113.736624153200594,-1.51857006575814,0.0],[113.736621738228806,-1.518538985682852,0.0],[113.736588446272094,-1.518515118004285,0.0],[113.736559890963406,-1.518479289226062,0.0],[113.736524187049497,-1.518426732473534,0.0],[113.736517008351697,-1.518386094419054,0.0],[113.736506382729601,-1.518304804648478,0.0],[113.736525314284407,-1.518245005217975,0.0],[113.736522911357895,-1.518223489172096,0.0],[113.736529909524506,-1.518120666735434,0.0],[113.736539268504004,-1.518005886231318,0.0],[113.736517843765597,-1.517972439364298,0.0],[113.736458414502906,-1.517946213959209,0.0],[113.736389499899502,-1.517934346709785,0.0],[113.736301539412295,-1.51789142056151,0.0],[113.736230236924499,-1.517869992294063,0.0],[113.736185056724693,-1.517838966690449,0.0],[113.736187375427093,-1.517793534494519,0.0],[113.736187270164507,-1.51770984918311,0.0],[113.736161081712595,-1.517666844314563,0.0],[113.736115454192799,-1.517611937365804,0.0],[113.736168104001095,-1.517583149922189,0.0],[113.736368750212606,-1.517752665112695,0.0],[113.736496868483499,-1.517611432167982,0.0],[113.736337134134502,-1.517477401525253,0.0],[113.736285380793902,-1.517401388310577,0.0],[113.736009800586999,-1.517416085376764,0.0],[113.735947005873399,-1.51746866290978,0.0],[113.735909022380497,-1.517492621417941,0.0],[113.735897203277204,-1.517540456736959,0.0],[113.735894881552099,-1.51758349793376,0.0],[113.735816484590401,-1.517588379810838,0.0],[113.735721483747497,-1.517614801955303,0.0],[113.735655035168307,-1.517674661928939,0.0],[113.735581471066695,-1.517744095025593,0.0],[113.735586328005397,-1.517827774327172,0.0],[113.735579323750201,-1.517925814820482,0.0],[113.735579425997102,-1.518007109164337,0.0],[113.735560497398794,-1.518069299640422,0.0],[113.735532095482199,-1.518155412327272,0.0],[113.735510818108395,-1.518239124926768,0.0],[113.735460967383304,-1.518272662636323,0.0],[113.735415784139093,-1.518239246001436,0.0],[113.7353562976799,-1.518167591354307,0.0],[113.735303989897403,-1.518136574800393,0.0],[113.735223165906206,-1.518100812536998,0.0],[113.735137602241807,-1.518074620362052,0.0],[113.735023549423104,-1.518065201570705,0.0],[113.734871437892494,-1.518019966012342,0.0],[113.734747842567998,-1.517979476148848,0.0],[113.734640884203003,-1.517943747116344,0.0],[113.734498339173498,-1.517948710658362,0.0],[113.734424702825095,-1.517960759501083,0.0],[113.7343178225901,-1.517987196769895,0.0],[113.734201369804396,-1.517958652842021,0.0],[113.734111075423598,-1.517949203734598,0.0],[113.734006456801296,-1.517884779464572,0.0],[113.734004020843102,-1.517836962223633,0.0],[113.734094246103297,-1.517791418043707,0.0],[113.734122693209997,-1.517741170476101,0.0],[113.734196290505395,-1.517698038486611,0.0],[113.7342984190431,-1.517671607295837,0.0],[113.734393383954398,-1.517616493028329,0.0],[113.734476544736296,-1.517621169195903,0.0],[113.734514606431105,-1.517659376999018,0.0],[113.734557431850803,-1.51770714279807,0.0],[113.734593108681196,-1.517738180582936,0.0],[113.734614584515299,-1.517812274732413,0.0],[113.734685950208203,-1.51788391433615,0.0],[113.734695372446097,-1.517819344913907,0.0],[113.734773712376906,-1.517769033835087,0.0],[113.734866436662003,-1.51782151810563,0.0],[113.734992386767104,-1.51784526787005,0.0],[113.735035103959603,-1.517806957230162,0.0],[113.735030265078393,-1.517737623955832,0.0],[113.734989836555698,-1.517706592240147,0.0],[113.734892426718304,-1.51770671627452,0.0],[113.734792616976094,-1.517687715235926,0.0],[113.734699922755098,-1.517659141067348,0.0],[113.7345905284526,-1.517575594784755,0.0],[113.734611872034506,-1.517544484406574,0.0],[113.734785209903805,-1.517465360221403,0.0],[113.734882559630194,-1.517417415981185,0.0],[113.734991812635798,-1.5173885847117,0.0],[113.735162804640296,-1.517333373677964,0.0],[113.735321875293707,-1.517244703621339,0.0],[113.735450065905795,-1.517160854918515,0.0],[113.735476098048494,-1.517079527295078,0.0],[113.735459397990397,-1.517024555228373,0.0],[113.735442694930398,-1.51696719214954,0.0],[113.735447347459299,-1.516888282757657,0.0],[113.735479082717603,-1.516818482459045,0.0],[113.7354587827204,-1.516786700900611,0.0],[113.735390273023199,-1.516845317147368,0.0],[113.7353713263374,-1.516893161550463,0.0],[113.735288129589406,-1.516859793241633,0.0],[113.735200106029495,-1.516766655699896,0.0],[113.735183372943894,-1.516685382493482,0.0],[113.735180873924094,-1.516587354068268,0.0],[113.735145161103901,-1.516527624141534,0.0],[113.735097593077597,-1.51648703741415,0.0],[113.734997801448003,-1.516482382353987,0.0],[113.7349337076094,-1.516525502175974,0.0],[113.734898159994401,-1.516597277864024,0.0],[113.734938621512995,-1.516654610747466,0.0],[113.734971946477202,-1.516704779662017,0.0],[113.7349672879091,-1.516778907061014,0.0],[113.734948398287798,-1.516872180692999,0.0],[113.734889083185905,-1.516936813592646,0.0],[113.734796431081705,-1.516941713535875,0.0],[113.734727504416,-1.516920282110957,0.0],[113.734727417294707,-1.516850942767357,0.0],[113.734724942312397,-1.516772042399445,0.0],[113.734717748679401,-1.516719449207639,0.0],[113.734672541463993,-1.516666904381304,0.0],[113.734658169229704,-1.516573673050746,0.0],[113.734629613989796,-1.516537844141651,0.0],[113.7346270917959,-1.516537992406278,0.0],[113.734674276314493,-1.516416452174382,0.0],[113.734680069536097,-1.516299882785657,0.0],[113.7346502325464,-1.516189336256433,0.0],[113.734584825396098,-1.516132632818664,0.0],[113.734471882507904,-1.516061045975057,0.0],[113.734418960064801,-1.515994448867964,0.0],[113.734438777392995,-1.515925986752916,0.0],[113.734457694125496,-1.515854232211475,0.0],[113.734422041386395,-1.515842322463824,0.0],[113.734410087100201,-1.515782562255775,0.0],[113.734391839616094,-1.515607176471227,0.0],[113.734345726084598,-1.515612881919171,0.0],[113.734304961851095,-1.515555438697928,0.0],[113.734268779328602,-1.515500013108365,0.0],[113.734240900655195,-1.515383477580198,0.0],[113.734250326033305,-1.515321299167098,0.0],[113.734238332773501,-1.515230455776733,0.0],[113.734302444673503,-1.515201682095937,0.0],[113.734363149794603,-1.515183168942604,0.0],[113.734343535906802,-1.514893293477749,0.0],[113.734172330875097,-1.514778742211996,0.0],[113.734058494125705,-1.514941475999078,0.0],[113.7339862071628,-1.515242205487636,0.0],[113.7339734075574,-1.515295454655445,0.0],[113.733993636693,-1.515491174066536,0.0],[113.733994740371202,-1.515501852280525,0.0],[113.734072458450996,-1.515577364049882,0.0],[113.734127111982005,-1.515584467627853,0.0],[113.734193698774604,-1.515634594335877,0.0],[113.734160514918997,-1.515696802957778,0.0],[113.734120191510996,-1.515749456591545,0.0],[113.734077459238307,-1.5157758121037,0.0],[113.734036955804896,-1.515910290715487,0.0],[113.733999414081396,-1.515923565533896,0.0],[113.733955246688794,-1.515942271621916,0.0],[113.733959697911999,-1.516081423165121,0.0],[113.733928387122702,-1.516121632067127,0.0],[113.7338927781894,-1.516144631111053,0.0],[113.733859331290105,-1.516134742013494,0.0],[113.733842643307099,-1.516089333900574,0.0],[113.733842550258601,-1.516015212477677,0.0],[113.733821161605306,-1.516010457635987,0.0],[113.733780781157506,-1.516017682027283,0.0],[113.733749922117696,-1.516039240419088,0.0],[113.733723874807495,-1.516108613047903,0.0],[113.733693087804497,-1.516187555776779,0.0],[113.733631375722197,-1.516235454598551,0.0],[113.733541159428299,-1.516288171702233,0.0],[113.733460395501893,-1.516300229481853,0.0],[113.733362994607006,-1.516307526375854,0.0],[113.733294106922799,-1.516317178033946,0.0],[113.733260811986298,-1.516290919159779,0.0],[113.733236987442098,-1.516238347038448,0.0],[113.733225060165097,-1.516200105902511,0.0],[113.7332249941404,-1.516147503575184,0.0],[113.733243931927603,-1.516092486071969,0.0],[113.733281936544998,-1.516085264705131,0.0],[113.733396016413906,-1.516116202923147,0.0],[113.733474422496897,-1.5161184942645,0.0],[113.733507651394504,-1.516092150820556,0.0],[113.733495706113899,-1.51603956360728,0.0],[113.733455220617202,-1.515963102490694,0.0],[113.733428978228204,-1.515877059190769,0.0],[113.733428900210001,-1.515814892814357,0.0],[113.733422603781406,-1.515692787678706,0.0],[113.733081503888698,-1.515624582984515,0.0],[113.732862572314602,-1.515652406681587,0.0],[113.732859941017495,-1.515652741089182,0.0],[113.732889467993303,-1.515724719647785,0.0],[113.732870551177697,-1.515796474267728,0.0],[113.732861149772702,-1.515877780875192,0.0],[113.732908795821203,-1.515980534156146,0.0],[113.732973033835904,-1.516052183089075,0.0],[113.733027771449201,-1.51612623510747,0.0],[113.733061090390805,-1.516171622116644,0.0],[113.733106291594197,-1.516219385036713,0.0],[113.733051656006197,-1.516226627547177,0.0],[113.7329946205558,-1.516214744954332,0.0],[113.732949530384005,-1.516255449598125,0.0],[113.7329424628483,-1.516303278967401,0.0],[113.732985249194002,-1.516319961710427,0.0],[113.733042257637806,-1.516310325161403,0.0],[113.733130158154296,-1.516305431376552,0.0],[113.733161119261297,-1.516365167485674,0.0],[113.733127941377006,-1.516432158195613,0.0],[113.733054392017195,-1.51651354635283,0.0],[113.733033123411403,-1.516604432119312,0.0],[113.733061678666004,-1.516640261095982,0.0],[113.733092648800294,-1.516707170246112,0.0],[113.733133128353103,-1.516778849336896,0.0],[113.733147455521703,-1.516836215568963,0.0],[113.733085812462406,-1.516939107778492,0.0],[113.733017020826296,-1.517025271955148,0.0],[113.732981494131295,-1.51711378484885,0.0],[113.732979208361996,-1.517185518331211,0.0],[113.732986444027304,-1.517271585817105,0.0],[113.732953368278402,-1.517419871082258,0.0],[113.732953491417305,-1.517517902713427,0.0],[113.7329512327034,-1.517611155336509,0.0],[113.732994184306193,-1.517759343874072,0.0],[113.7329658422926,-1.517893277012243,0.0],[113.732949337497303,-1.51799372082254,0.0],[113.732885276566506,-1.518063141908777,0.0],[113.732856868470506,-1.518144472722046,0.0],[113.732871234771196,-1.518232922154317,0.0],[113.732833278191805,-1.518278399834517,0.0],[113.732740637890601,-1.518292863864757,0.0],[113.732697917576502,-1.518328783533966,0.0],[113.732619680136906,-1.518477509679659,0.0],[113.732638752583597,-1.518512967365141,0.0],[113.732631763257899,-1.518622963174658,0.0],[113.732631901507702,-1.51873294991118,0.0],[113.732627282045101,-1.518838160665456,0.0],[113.7326534435078,-1.518859646534793,0.0],[113.732700978652403,-1.518873932129585,0.0],[113.732746149964498,-1.518897784810419,0.0],[113.732720135797507,-1.518993458720359,0.0],[113.732665530198801,-1.519024611509542,0.0],[113.7326037339013,-1.519005562038954,0.0],[113.732584693988898,-1.518979285063617,0.0],[113.7325418594491,-1.518924346143742,0.0],[113.732537038604903,-1.518869358821217,0.0],[113.732525108230007,-1.518828726669826,0.0],[113.732484745732094,-1.518850297237656,0.0],[113.732463435164803,-1.51890770885293,0.0],[113.732396974315904,-1.518958004894566,0.0],[113.732332826198601,-1.518958086566116,0.0],[113.7322734658581,-1.518986854386893,0.0],[113.732225999824905,-1.519027562168848,0.0],[113.732171427259203,-1.519085016146125,0.0],[113.732157250268997,-1.519147200736303,0.0],[113.732119284652697,-1.519185505408754,0.0],[113.732048042006696,-1.519211897348053,0.0],[113.732057692727807,-1.519329045088262,0.0],[113.732067256279507,-1.519376853329696,0.0],[113.732112397566297,-1.51937679584706,0.0],[113.732126619640496,-1.519350476507403,0.0],[113.732188328792702,-1.519300186491743,0.0],[113.732242928407601,-1.519264251656172,0.0],[113.7323403054626,-1.519237826432328,0.0],[113.732430530888806,-1.519192282153514,0.0],[113.732544541923403,-1.519168226768997,0.0],[113.732608678009996,-1.519158581015624,0.0],[113.732691929173399,-1.519234987628256,0.0],[113.732706328631394,-1.519349738234223,0.0],[113.732718358259802,-1.519469273895143,0.0],[113.732735121569405,-1.51957445740572,0.0],[113.732747163252995,-1.519703557124151,0.0],[113.732759198935895,-1.519827874808287,0.0],[113.732759364374701,-1.51995938067339,0.0],[113.732723867911105,-1.520071803825085,0.0],[113.732624211282001,-1.520174744665032,0.0],[113.732465083000506,-1.520217985800734,0.0],[113.7323011879365,-1.52024927790768,0.0],[113.732256004525397,-1.52021586119304,0.0],[113.732163258839194,-1.520146639763444,0.0],[113.732094268728005,-1.520074997034055,0.0],[113.732065737379301,-1.520058296235596,0.0],[113.731949245148101,-1.519998669108532,0.0],[113.731877906250602,-1.519948548534447,0.0],[113.7318208495671,-1.51991992895374,0.0],[113.731759071235103,-1.519915225598158,0.0],[113.731752009812993,-1.519967837066956,0.0],[113.731782971151105,-1.520027573168139,0.0],[113.731828145541797,-1.520053816860435,0.0],[113.731887605156999,-1.520103952565046,0.0],[113.731963677736601,-1.520139720971504,0.0],[113.731987502487897,-1.520192293083537,0.0],[113.731968573823195,-1.520254483748714,0.0],[113.731918762007197,-1.520319104785373,0.0],[113.731852268043895,-1.520343099718221,0.0],[113.731771452751303,-1.520314510424388,0.0],[113.731714374992606,-1.52026915373112,0.0],[113.731631162786101,-1.520223830324536,0.0],[113.731557460030004,-1.520183276838947,0.0],[113.731474341043196,-1.520212074981572,0.0],[113.731464765434694,-1.520154702647468,0.0],[113.731438519724804,-1.520066268256383,0.0],[113.731421774453096,-1.519975430739194,0.0],[113.731416917504404,-1.519891751146196,0.0],[113.731428721638494,-1.519831960557844,0.0],[113.731426285652603,-1.519784143215309,0.0],[113.731364441169802,-1.519726837432156,0.0],[113.7313192186854,-1.519662337409584,0.0],[113.731235955408394,-1.51957636661063,0.0],[113.731228683564495,-1.519461606782496,0.0],[113.731219114010202,-1.519409016466705,0.0],[113.731283238157602,-1.519389806654633,0.0],[113.731347359295398,-1.519368205824102,0.0],[113.731504177979502,-1.519377570270277,0.0],[113.731558774631097,-1.519339244409838,0.0],[113.731634772035406,-1.519315237436933,0.0],[113.731694135422899,-1.519288860620039,0.0],[113.731689344634603,-1.519257783437065,0.0],[113.731656064590993,-1.519243479675169,0.0],[113.731622754493301,-1.519205265731762,0.0],[113.731551421653293,-1.519159927121713,0.0],[113.731513350827001,-1.519114546164708,0.0],[113.731491989139599,-1.51913131051076,0.0],[113.731439738290007,-1.519145723154014,0.0],[113.731396948801006,-1.519126649441777,0.0],[113.731373178197998,-1.519117115608933,0.0],[113.731377996024094,-1.519169711968061,0.0],[113.731385189711204,-1.519222305302449,0.0],[113.731371009689994,-1.519282098911441,0.0],[113.731328253251405,-1.519289326406343,0.0],[113.731287851633496,-1.519279813745761,0.0],[113.731266444864303,-1.519260712814677,0.0],[113.731256923399101,-1.519246378799131,0.0],[113.731252117591694,-1.519203346509816,0.0],[113.731256821230204,-1.519165084161399,0.0],[113.731247299766494,-1.519150750144979,0.0],[113.731221150297301,-1.519138828314863,0.0],[113.731202104366105,-1.519107769261239,0.0],[113.731202047277506,-1.519062339902685,0.0],[113.731228145666606,-1.519033614415052,0.0],[113.731213875492401,-1.519021677463347,0.0],[113.731180589436207,-1.519002591643946,0.0],[113.731161528487803,-1.518959577491912,0.0],[113.731159113572701,-1.518928497269001,0.0],[113.731173323659704,-1.518892613844124,0.0],[113.731182785034406,-1.518859127485648,0.0],[113.731161336217596,-1.518806552278778,0.0],[113.731111395125893,-1.518768359461344,0.0],[113.731047222914299,-1.5187493129308,0.0],[113.730992626226495,-1.518787638767809,0.0],[113.730971321598602,-1.518849832477618,0.0],[113.730988003678604,-1.518890458643911,0.0],[113.731016565054603,-1.518931069692268,0.0],[113.7310403356596,-1.51894060353567,0.0],[113.731073600686699,-1.518942952227305,0.0],[113.731116396186593,-1.518966807995901,0.0],[113.731118829128704,-1.519012234334106,0.0],[113.731083242322399,-1.519052927012651,0.0],[113.731092787820998,-1.519086389185291,0.0],[113.731123728069093,-1.519129388219206,0.0],[113.7311641567306,-1.519160420059837,0.0],[113.731166598695594,-1.519213019452498,0.0],[113.731223718472606,-1.519291850495569,0.0],[113.731202392840103,-1.519337307072362,0.0],[113.731152511822202,-1.519346934658776,0.0],[113.731083629938595,-1.519361368477116,0.0],[113.731031324975405,-1.519332742779635,0.0],[113.730952879549406,-1.519299368303847,0.0],[113.730879173821904,-1.519256423695061,0.0],[113.730822108124698,-1.519220630971582,0.0],[113.730800764447295,-1.519251741440419,0.0],[113.730767586540395,-1.519318732324909,0.0],[113.730753403494205,-1.519376134942106,0.0],[113.730770076580498,-1.519409588050735,0.0],[113.7308104391538,-1.519388017465438,0.0],[113.730843713209396,-1.519397539207432,0.0],[113.7309008029561,-1.519452460076819,0.0],[113.730943586459802,-1.51946675175639,0.0],[113.731000679214503,-1.519524063634475,0.0],[113.731060129798905,-1.519567026366029,0.0],[113.731093412869498,-1.519583721154324,0.0],[113.731129095844196,-1.519619541068465,0.0],[113.731124407244806,-1.519669758517325,0.0],[113.731162475100206,-1.519712748459129,0.0],[113.731219549832204,-1.519755714196133,0.0],[113.731307528772703,-1.519812986709581,0.0],[113.731364621545197,-1.519870298543798,0.0],[113.731381378833007,-1.519970700141273,0.0],[113.731386310957305,-1.520114155198383,0.0],[113.731379327715601,-1.52022893316417,0.0],[113.731415040788804,-1.520288663229609,0.0],[113.731446008161697,-1.520353181380834,0.0],[113.731488785662805,-1.520362690974094,0.0],[113.731590998746199,-1.52040320813065,0.0],[113.731695560614099,-1.520422203087658,0.0],[113.731731258659295,-1.520469978037263,0.0],[113.7316030374582,-1.520529916951989,0.0],[113.731553186520401,-1.520563454775577,0.0],[113.731522270266396,-1.520539583946602,0.0],[113.7314770898315,-1.520508558223123,0.0],[113.731441439905197,-1.52049903955403,0.0],[113.731403423141401,-1.520496696965938,0.0],[113.731360687740903,-1.520520661634346,0.0],[113.731379742743798,-1.520558893715023,0.0],[113.731405943375407,-1.5206114628236,0.0],[113.731384644858807,-1.520678438584562,0.0],[113.731377625570104,-1.520764524331429,0.0],[113.731327861860095,-1.52086740170466,0.0],[113.731280474012607,-1.520970276057468,0.0],[113.731199785005003,-1.521042109561906,0.0],[113.7310834129471,-1.521078123203498,0.0],[113.730929015059601,-1.521104621209794,0.0],[113.730760349945697,-1.521121573297545,0.0],[113.730660635943593,-1.521179084923879,0.0],[113.730584710635796,-1.521260476481584,0.0],[113.730435142608101,-1.521349134961026,0.0],[113.730159662832406,-1.521445126968952,0.0],[113.730053904747294,-1.521467347942975,0.0],[113.730038439001802,-1.521401724926745,0.0],[113.730038273570699,-1.52127021876342,0.0],[113.730026247634299,-1.521153671615434,0.0],[113.730082478905899,-1.520998183362292,0.0],[113.730159483950203,-1.520830713538526,0.0],[113.730245481171494,-1.520728985456801,0.0],[113.730325153747103,-1.520793441638507,0.0],[113.730436948582295,-1.520896113276709,0.0],[113.730515385113407,-1.520922314619849,0.0],[113.730562818142104,-1.520855305521563,0.0],[113.730645563989398,-1.520510642560399,0.0],[113.7304317668479,-1.520554203416138,0.0],[113.730292705265498,-1.520495800421187,0.0],[113.730236135743198,-1.520382298792576,0.0],[113.730227102260599,-1.520283680529828,0.0],[113.730250714342901,-1.520167088016723,0.0],[113.730243460520398,-1.520066674219327,0.0],[113.730264723055498,-1.519971006167582,0.0],[113.730407232339601,-1.519917972085093,0.0],[113.730418982415102,-1.519815143083896,0.0],[113.7303381673931,-1.519805931984656,0.0],[113.730264473624601,-1.51977255144699,0.0],[113.730188527196006,-1.51983720578288,0.0],[113.730138717928796,-1.519884839556217,0.0],[113.7301031401053,-1.519932705340772,0.0],[113.730072317327497,-1.520002334423104,0.0],[113.730000996391496,-1.519966559835502,0.0],[113.729955788902799,-1.519914014826415,0.0],[113.729901099002106,-1.51987821905833,0.0],[113.729829850179598,-1.519899828970875,0.0],[113.729794266330799,-1.519942912719741,0.0],[113.729808602637206,-1.520007452160099,0.0],[113.729841936832102,-1.520064794339755,0.0],[113.729889547241896,-1.520138855519381,0.0],[113.730008448555495,-1.520224781056477,0.0],[113.7299818024388,-1.520271189845953,0.0],[113.729990798337894,-1.520339920364219,0.0],[113.730011729916697,-1.520453467403608,0.0],[113.730044608464397,-1.520620797287239,0.0],[113.730012049337603,-1.520707513408332,0.0],[113.729982426217205,-1.520767326761908,0.0],[113.729928432790103,-1.520832203330634,0.0],[113.729868976079203,-1.520784458547426,0.0],[113.729845121240601,-1.520707976115081,0.0],[113.729818884532506,-1.520626714661565,0.0],[113.7297713071479,-1.520578954734459,0.0],[113.729759322624005,-1.520495284100076,0.0],[113.729768702839095,-1.520397240109769,0.0],[113.729721080385104,-1.520313614843215,0.0],[113.729735218352403,-1.520220346845808,0.0],[113.7297208790295,-1.52015341638185,0.0],[113.729656676642406,-1.520110459642747,0.0],[113.729666291282101,-1.520198915357164,0.0],[113.729628373641603,-1.520275476450358,0.0],[113.729635573359403,-1.520332851904509,0.0],[113.729673659301099,-1.520390188036456,0.0],[113.729678453105706,-1.520423656293479,0.0],[113.729683322055806,-1.520516900097172,0.0],[113.729673941845306,-1.520614944095061,0.0],[113.729664540598606,-1.520696250940884,0.0],[113.729647993727994,-1.520763220732726,0.0],[113.729617200696893,-1.52083738174562,0.0],[113.729579228966202,-1.520870904463533,0.0],[113.729465199521897,-1.520880613778296,0.0],[113.729370164955299,-1.520880734795714,0.0],[113.729256126471498,-1.520883271033833,0.0],[113.729175347076193,-1.520883373891229,0.0],[113.729111204740803,-1.520888237615946,0.0],[113.729101731341103,-1.520912159946744,0.0],[113.729104128247798,-1.52092889408283,0.0],[113.729142154108899,-1.520938409771331,0.0],[113.729199171855996,-1.520935946141847,0.0],[113.729256177575607,-1.520923918420159,0.0],[113.729329826367604,-1.520921433610755,0.0],[113.729382110414505,-1.520933322163276,0.0],[113.729382170541896,-1.520981142612687,0.0],[113.729344174749997,-1.520995537157207,0.0],[113.729327564743699,-1.521012295494303,0.0],[113.729339507202099,-1.521062491839994,0.0],[113.729360905015398,-1.521074419721041,0.0],[113.729394122019102,-1.52103851202348,0.0],[113.729422578273798,-1.520995437311547,0.0],[113.729477181059806,-1.520961893408503,0.0],[113.729550859905004,-1.520983318810914,0.0],[113.729584161087402,-1.521014359736535,0.0],[113.729588960923294,-1.521052610037674,0.0],[113.729539079804994,-1.521062237671056,0.0],[113.729527233558699,-1.521088554044677,0.0],[113.729558167902297,-1.521126771060685,0.0],[113.729615164585098,-1.521107570257973,0.0],[113.729629401727607,-1.521093205969439,0.0],[113.729702517227693,-1.521097161801132,0.0],[113.729713770916604,-1.521152922903218,0.0],[113.729749510368407,-1.521233574491849,0.0],[113.729809008466106,-1.52131419580779,0.0],[113.729856506944998,-1.521299191388161,0.0],[113.729883796578207,-1.521233952428955,0.0],[113.729929049267497,-1.521322362712755,0.0],[113.729964810542398,-1.52142034918246,0.0],[113.729960100926306,-1.521453829534942,0.0],[113.729881733516393,-1.52148262168784,0.0],[113.729846092549593,-1.521480276073243,0.0],[113.729689315594996,-1.521504386074731,0.0],[113.729584825684299,-1.521542775612082,0.0],[113.729508843131597,-1.521578737805816,0.0],[113.729447073654299,-1.521581207527289,0.0],[113.729335350857497,-1.521535920358349,0.0],[113.729306801380403,-1.521504873383945,0.0],[113.729354228460394,-1.521433082176823,0.0],[113.729399303732393,-1.521380422180124,0.0],[113.7294776200565,-1.521310982661229,0.0],[113.7294893821024,-1.521217717661586,0.0],[113.729415658139303,-1.521160426934414,0.0],[113.729299213714498,-1.521139056001072,0.0],[113.729251636289106,-1.52109129606224,0.0],[113.729211219530399,-1.521069828292954,0.0],[113.729175623647606,-1.521103347996811,0.0],[113.729140027763705,-1.521136867702051,0.0],[113.729087740694396,-1.521122588127047,0.0],[113.729042593244202,-1.521117863565748,0.0],[113.729037916672993,-1.521177645195688,0.0],[113.729085470054997,-1.521206276959787,0.0],[113.729144845636995,-1.521189464155515,0.0],[113.729171049305094,-1.52124442439861,0.0],[113.729209021051403,-1.521210901664745,0.0],[113.729268429700497,-1.52122039010815,0.0],[113.7292542226199,-1.521258664627348,0.0],[113.729235275837496,-1.521306509290514,0.0],[113.729221038688806,-1.52132087358374,0.0],[113.729147359809204,-1.521299448184909,0.0],[113.729118855440404,-1.521304266542331,0.0],[113.729149819866294,-1.52136639380099,0.0],[113.7291878607722,-1.521387864588672,0.0],[113.7292258926568,-1.521402162305974,0.0],[113.729235435209603,-1.521433233496749,0.0],[113.729235489339104,-1.521476271906352,0.0],[113.729249813698104,-1.52153124727051,0.0],[113.729268877760603,-1.521576652489143,0.0],[113.729280826259995,-1.52163163087707,0.0],[113.729290371827801,-1.521665093086919,0.0],[113.729299887319598,-1.521674645069975,0.0],[113.729231029332098,-1.521708207167139,0.0],[113.729183536083497,-1.521727395886972,0.0],[113.729125941075196,-1.521753993453088,0.0],[113.729089075820198,-1.52165261400032,0.0],[113.728914864906798,-1.521695977346339,0.0],[113.728712788477694,-1.521594616077832,0.0],[113.728617626035899,-1.521493118599126,0.0],[113.728385918911201,-1.521445593109763,0.0],[113.728237449770305,-1.521463714878775,0.0],[113.727922647331496,-1.521464115706268,0.0],[113.727785997356605,-1.521434401815167,0.0],[113.727738344752595,-1.521326866150225,0.0],[113.727833124027299,-1.521123507996276,0.0],[113.727933910585605,-1.520973940381242,0.0],[113.728046644079697,-1.52087815573338,0.0],[113.728224713889404,-1.520782287940892,0.0],[113.728414738114907,-1.520746180652781,0.0],[113.728610694456293,-1.520704088238729,0.0],[113.728598702444003,-1.520614439957821,0.0],[113.728533343605406,-1.520596590435414,0.0],[113.7284500906581,-1.520518987978653,0.0],[113.728461864832298,-1.520435287008958,0.0],[113.728515119021594,-1.52027382484466,0.0],[113.728580214999894,-1.520082459777135,0.0],[113.728633469213605,-1.51992099764118,0.0],[113.728722383928599,-1.519777422860456,0.0],[113.728805373997801,-1.519645810771243,0.0],[113.728757714074902,-1.519532297588434,0.0],[113.728763428532901,-1.519352963252394,0.0],[113.728887973719196,-1.519203365642175,0.0],[113.729024420725295,-1.519071685623122,0.0],[113.729226128878494,-1.518880146968016,0.0],[113.729380439835296,-1.518784309680583,0.0],[113.729647619194694,-1.518700284006536,0.0],[113.729748735911599,-1.518813729131588,0.0],[113.729701451392103,-1.518999093760544,0.0],[113.729636347927098,-1.519184481070265,0.0],[113.729577184131401,-1.519369860841369,0.0],[113.729660504506796,-1.519501261255774,0.0],[113.729778065925899,-1.519628091399011,0.0],[113.730237089,-1.519107865999952,0.0],[113.730379856000098,-1.518536794999929,0.0],[113.7303909872752,-1.518447744809211,0.0],[113.730091504034306,-1.518348717018887,0.0],[113.729818167536607,-1.518259401120948,0.0],[113.7298626548898,-1.518211524051649,0.0],[113.730013928385503,-1.518061892652428,0.0],[113.730096790862405,-1.517828662375642,0.0],[113.7300460675404,-1.51764043363183,0.0],[113.729959747616306,-1.517485126703243,0.0],[113.729814184971403,-1.51745243508114,0.0],[113.729600447577994,-1.51752443744897,0.0],[113.729493650109106,-1.517617225414746,0.0],[113.729383912802504,-1.517733927390939,0.0],[113.729393002289299,-1.517877377420529,0.0],[113.729425842902998,-1.518014819694104,0.0],[113.729527008296699,-1.518167119020845,0.0],[113.729631091017197,-1.518277571655479,0.0],[113.729547999660596,-1.518328486592982,0.0],[113.7294381911111,-1.518388401848952,0.0],[113.729319443054095,-1.518424418210576,0.0],[113.729242182529603,-1.518388651031421,0.0],[113.729135223729401,-1.51835292159622,0.0],[113.728998574149102,-1.518323207456172,0.0],[113.728826271618004,-1.518281583477142,0.0],[113.728704489906704,-1.518266794329532,0.0],[113.728582595682795,-1.51816234176689,0.0],[113.728588415344902,-1.518066693254069,0.0],[113.728653620329595,-1.517962002932819,0.0],[113.728772233470494,-1.517818390564466,0.0],[113.728867065488998,-1.51765687572568,0.0],[113.728967934633005,-1.517573061622452,0.0],[113.729154902486798,-1.517468216661991,0.0],[113.729202265998694,-1.517345616370052,0.0],[113.729142768266598,-1.517264994795991,0.0],[113.729023885264596,-1.517193414991536,0.0],[113.728884217225897,-1.517124850347757,0.0],[113.728842489751599,-1.517005351969375,0.0],[113.728788781818494,-1.51680517161415,0.0],[113.728726216896803,-1.516646845467826,0.0],[113.728654757507002,-1.516500485732479,0.0],[113.728586046995403,-1.516177784175078,0.0],[113.728538466117001,-1.516127035212064,0.0],[113.728401854117607,-1.516127208570857,0.0],[113.728303988400597,-1.516237917825821,0.0],[113.728336881198103,-1.51641720321991,0.0],[113.728369710349199,-1.516545679330686,0.0],[113.728423309575504,-1.516659185141042,0.0],[113.728491806654006,-1.516811526233992,0.0],[113.728441435737295,-1.516904242527597,0.0],[113.7284177782808,-1.516984969768625,0.0],[113.728388211148399,-1.517089614799823,0.0],[113.728373526886102,-1.517221140006251,0.0],[113.728367800840502,-1.517391508050527,0.0],[113.728323354609202,-1.517472261707808,0.0],[113.728222534107701,-1.517594929971666,0.0],[113.728166246041596,-1.517705586543819,0.0],[113.728115856402994,-1.517783358985318,0.0],[113.728130810506997,-1.517867026000511,0.0],[113.727991071095403,-1.517741674474822,0.0],[113.727955328198703,-1.517658033849663,0.0],[113.727943302721201,-1.51754148644699,0.0],[113.727931183577397,-1.517350219496256,0.0],[113.727910241151903,-1.517227705835951,0.0],[113.7278328869766,-1.517117218934217,0.0],[113.7277735053801,-1.517129249467301,0.0],[113.727764547191597,-1.517090406608649,0.0],[113.727660561961102,-1.517057661951642,0.0],[113.727541768780995,-1.517057812742892,0.0],[113.727470534070306,-1.517090779827367,0.0],[113.727446880314901,-1.517174495909889,0.0],[113.727461823116698,-1.517249196635574,0.0],[113.727464864125096,-1.51730597974238,0.0],[113.727444165226402,-1.517377736926768,0.0],[113.727396790308205,-1.517491371012005,0.0],[113.727352355249806,-1.517581091068197,0.0],[113.727215795477207,-1.517623107488342,0.0],[113.727135565072203,-1.517587343888819,0.0],[113.726981130083999,-1.517584551162727,0.0],[113.726912921356003,-1.517662346270496,0.0],[113.726708089091005,-1.517731348465823,0.0],[113.726616136664603,-1.517821128893774,0.0],[113.726672679634802,-1.517913709590673,0.0],[113.726767710539406,-1.517910600143844,0.0],[113.726901326776201,-1.517889508965298,0.0],[113.726969580460803,-1.517847579254979,0.0],[113.727049672251695,-1.517772757839541,0.0],[113.727183318424494,-1.517775576933272,0.0],[113.727233955450998,-1.51789506416805,0.0],[113.727144935448706,-1.517954952982374,0.0],[113.727088628562299,-1.51805066572308,0.0],[113.727008495557897,-1.518092610530756,0.0],[113.726895780583206,-1.5182033388686,0.0],[113.726916663109193,-1.518278032075359,0.0],[113.7270147612942,-1.518352627203754,0.0],[113.727106886080506,-1.518400330805671,0.0],[113.727086198464207,-1.518481054378114,0.0],[113.7270120875976,-1.518588744919267,0.0],[113.726905181100094,-1.518594858305081,0.0],[113.726750749756903,-1.518595054476737,0.0],[113.726620118298399,-1.518628097095188,0.0],[113.726537007921195,-1.518664068142095,0.0],[113.726442029443206,-1.518709020636294,0.0],[113.726284601960103,-1.518688299060159,0.0],[113.726195469427495,-1.518658524357387,0.0],[113.726142094846907,-1.518724345547156,0.0],[113.726151135537705,-1.518828941749708,0.0],[113.726198686640402,-1.518855780469395,0.0],[113.726278902182898,-1.518879588902886,0.0],[113.726397691839296,-1.518876449214812,0.0],[113.726480847215598,-1.518876343579385,0.0],[113.726638229702999,-1.518861199692739,0.0],[113.726745229967506,-1.518929805913807,0.0],[113.726852245231797,-1.519010367255103,0.0],[113.726962230333697,-1.519090924802633,0.0],[113.727018664676095,-1.519096830664964,0.0],[113.7270633546932,-1.519210347843772,0.0],[113.727116920468404,-1.519296954634594,0.0],[113.727241769761704,-1.519389448382937,0.0],[113.727298309138305,-1.519479040156177,0.0],[113.727197454838503,-1.519574809591889,0.0],[113.727099457817204,-1.519580911748064,0.0],[113.726977717116696,-1.519598999239107,0.0],[113.726885704760093,-1.519640959250627,0.0],[113.726859103792904,-1.519742611898333,0.0],[113.726853291677401,-1.519844238120549,0.0],[113.726814751351,-1.519898085325794,0.0],[113.726701897602993,-1.519898228801315,0.0],[113.726565281405399,-1.519895413689148,0.0],[113.726488125690807,-1.519943332413915,0.0],[113.726434747418807,-1.520006164865976,0.0],[113.726378444328304,-1.520104866525567,0.0],[113.726334035593396,-1.520215508232408,0.0],[113.726343072674695,-1.520317115619119,0.0],[113.726378819537402,-1.520403745088244,0.0],[113.726414525128504,-1.520457497910692,0.0],[113.726473989419205,-1.520511220515011,0.0],[113.726545284270401,-1.520526073796642,0.0],[113.726595756483803,-1.520514054447855,0.0],[113.726631323216694,-1.520457222209041,0.0],[113.726720298215795,-1.520361467788041,0.0],[113.726812381899407,-1.520376294628902,0.0],[113.726848110005804,-1.520447980132182,0.0],[113.7268452114822,-1.52050477081391,0.0],[113.726833418466398,-1.520573527966229,0.0],[113.726830534962701,-1.520642273786844,0.0],[113.726848481610403,-1.520743869792008,0.0],[113.726857481216697,-1.520815589284246,0.0],[113.726881307484504,-1.520869357177814,0.0],[113.726925911347493,-1.520914132267118,0.0],[113.7269912890482,-1.520946925765597,0.0],[113.727089304907395,-1.520955767421052,0.0],[113.727139814649206,-1.520973635883793,0.0],[113.727267517590306,-1.52097347338857,0.0],[113.727374427914796,-1.52097034855704,0.0],[113.727395239294097,-1.520988254801043,0.0],[113.727374518042396,-1.521042079351802,0.0],[113.727392415921003,-1.521104821120001,0.0],[113.727380656760801,-1.52120047729721,0.0],[113.727306459690496,-1.521239425972759,0.0],[113.727238145950395,-1.521233535339301,0.0],[113.7271935383189,-1.521185771496683,0.0],[113.727104375635093,-1.521132086770836,0.0],[113.727018257889497,-1.521138173934359,0.0],[113.727012333237099,-1.521150136628678,0.0],[113.727006461158197,-1.521203942299467,0.0],[113.727048113979095,-1.521263665067963,0.0],[113.727045226765199,-1.521329422093896,0.0],[113.726994795874802,-1.521374318107777,0.0],[113.726867137947806,-1.521410346042067,0.0],[113.726834413404703,-1.521365555850368,0.0],[113.726795711636299,-1.521290885368644,0.0],[113.726706563943694,-1.521249155755376,0.0],[113.726587699099298,-1.52119251999388,0.0],[113.726454030115207,-1.521171768531102,0.0],[113.726269918917893,-1.521186946714214,0.0],[113.726103637985503,-1.521211068577072,0.0],[113.725922526599405,-1.521250153256676,0.0],[113.725842374717601,-1.521277154340217,0.0],[113.725708754448704,-1.52129525706197,0.0],[113.725661278298901,-1.521328194165791,0.0],[113.725652410069898,-1.521361082160427,0.0],[113.725705904732095,-1.521390902032574,0.0],[113.725839532513902,-1.521378776874183,0.0],[113.725922654237095,-1.521351772005838,0.0],[113.726068123805106,-1.521309743863513,0.0],[113.726237378341594,-1.521288606996531,0.0],[113.726403655503702,-1.521261496329648,0.0],[113.726546203974905,-1.521258326168516,0.0],[113.726653125643196,-1.521264167700499,0.0],[113.726697778349902,-1.521347796990624,0.0],[113.726715695014505,-1.521425482718976,0.0],[113.726706924457602,-1.521536079093799,0.0],[113.726647629103994,-1.521616851879104,0.0],[113.726576458150703,-1.521700628575463,0.0],[113.726606246679793,-1.521772321616651,0.0],[113.726686443583105,-1.521781185906456,0.0],[113.726730923542704,-1.521727331077605,0.0],[113.7267842641849,-1.521634610711978,0.0],[113.726825781816302,-1.521586737239745,0.0],[113.727009780269995,-1.521481895433971,0.0],[113.727146373984198,-1.521466777633377,0.0],[113.727339428376794,-1.521478487050619,0.0],[113.727416726761007,-1.521544141984686,0.0],[113.727381220214795,-1.521648794760328,0.0],[113.727298151203399,-1.52171764263908,0.0],[113.727158595171701,-1.52173874182407,0.0],[113.726989310694293,-1.521735968538868,0.0],[113.726900275672904,-1.521783902502176,0.0],[113.7269093129147,-1.521885509825232,0.0],[113.7269272859795,-1.522008027292754,0.0],[113.726998689839505,-1.522109555200954,0.0],[113.727120543373999,-1.52218113096538,0.0],[113.727176959015097,-1.522172092758872,0.0],[113.727230322142006,-1.522097305097893,0.0],[113.727280700399703,-1.52201056609064,0.0],[113.727396463915298,-1.521962598074889,0.0],[113.727482634271198,-1.521998353798186,0.0],[113.727479799724406,-1.522105953761663,0.0],[113.727482942445306,-1.522243433988887,0.0],[113.7275039380349,-1.522407790562802,0.0],[113.727533786770906,-1.52252730404029,0.0],[113.727637783699194,-1.522569014576878,0.0],[113.727738746871907,-1.522559919588181,0.0],[113.727851548023693,-1.522517932860564,0.0],[113.727744416672195,-1.52273806116544,0.0],[113.727637619852999,-1.522831447401212,0.0],[113.727473892383998,-1.522996637092829,0.0],[113.727352713965701,-1.522989618411747,0.0],[113.727195843330605,-1.52293960664751,0.0],[113.7270960026122,-1.522896695295822,0.0],[113.726917812274806,-1.522896922303657,0.0],[113.726832443309405,-1.523026146749021,0.0],[113.726868243805697,-1.52315521682899,0.0],[113.726561756313899,-1.523155607306972,0.0],[113.726183983531399,-1.523148915447122,0.0],[113.725863222581694,-1.523134977804873,0.0],[113.7255424525313,-1.52311386701665,0.0],[113.725292949628994,-1.523085492320537,0.0],[113.724929503852394,-1.523136166810345,0.0],[113.724587422804504,-1.52317246785505,0.0],[113.724316645003597,-1.5232301974278,0.0],[113.724295469485398,-1.523395205897147,0.0],[113.724317113884595,-1.523603198506331,0.0],[113.724673540520996,-1.523638610175776,0.0],[113.725029876857803,-1.523602290830916,0.0],[113.725578686013193,-1.523587245579356,0.0],[113.725935049127798,-1.523572445390107,0.0],[113.726512368329097,-1.523557363600852,0.0],[113.726890141082507,-1.523564055271748,0.0],[113.727018672880405,-1.523750391875042,0.0],[113.727161550243906,-1.524008441061787,0.0],[113.727183222071901,-1.524237952372695,0.0],[113.727197865692304,-1.524546376648299,0.0],[113.727069857634802,-1.524776078872558,0.0],[113.726913429448103,-1.52507754832813,0.0],[113.726878071454806,-1.52529995934039,0.0],[113.7268213758135,-1.525558263063417,0.0],[113.726814528385304,-1.525780637717335,0.0],[113.726900367239296,-1.526024413341188,0.0],[113.727014364018501,-1.525988402353936,0.0],[113.727071204188704,-1.525844867943693,0.0],[113.727185137661394,-1.525758645407527,0.0],[113.727349289945295,-1.525930590051346,0.0],[113.727506160904397,-1.525980601404215,0.0],[113.727762863746094,-1.526066350697561,0.0],[113.727962518477099,-1.526130653520356,0.0],[113.728090743239207,-1.526073105067859,0.0],[113.728076225713394,-1.525865104100516,0.0],[113.727862279630102,-1.525772127146102,0.0],[113.727576921731298,-1.5255716449568,0.0],[113.727377122402899,-1.525392572716874,0.0],[113.727327030226206,-1.525234828642849,0.0],[113.727362315880498,-1.52495503307421,0.0],[113.727440439569804,-1.524732567597801,0.0],[113.727561509664199,-1.524653509159282,0.0],[113.727732707973402,-1.524760887085464,0.0],[113.727882396921999,-1.524767869185665,0.0],[113.728031959334999,-1.524674428219773,0.0],[113.7280175685637,-1.524566850277746,0.0],[113.727803541389605,-1.524409315389501,0.0],[113.727568113320103,-1.524237461537803,0.0],[113.727489456669502,-1.524036715328134,0.0],[113.727403491863399,-1.523692516593725,0.0],[113.727381874289804,-1.523506043792007,0.0],[113.727581302997706,-1.523391020148178,0.0],[113.727794968827098,-1.523261632200047,0.0],[113.728029999376304,-1.523117870870604,0.0],[113.728222210064203,-1.522931125635505,0.0],[113.728343334229805,-1.522895105826876,0.0],[113.728507404565903,-1.5230024929595,0.0],[113.728835391732105,-1.523095324898762,0.0],[113.728956804816804,-1.523288843291796,0.0],[113.729071307144295,-1.52365452438778,0.0],[113.729185800573404,-1.524013032338013,0.0],[113.729335832729802,-1.524292590986127,0.0],[113.729172159947794,-1.524500819182011,0.0],[113.729165231219199,-1.52465863578573,0.0],[113.729350675549,-1.524758822172608,0.0],[113.729500472808098,-1.524851880947653,0.0],[113.729621859131996,-1.525023879816716,0.0],[113.729707725056002,-1.525289174006394,0.0],[113.729722559292995,-1.525748231963895,0.0],[113.729658600857903,-1.525898948294331,0.0],[113.729637462380694,-1.526092648385268,0.0],[113.729644870573097,-1.526315004307423,0.0],[113.729673797439105,-1.526644928873115,0.0],[113.729780883619796,-1.526781080425367,0.0],[113.729952027742399,-1.526845419285698,0.0],[113.729994576061799,-1.52667321108276,0.0],[113.730065209323101,-1.526163832484163,0.0],[113.730078903374107,-1.525719084364404,0.0],[113.730092905207798,-1.525518220390103,0.0],[113.730106879930204,-1.525295837231814,0.0],[113.730256677205503,-1.525388895827069,0.0],[113.730584691661505,-1.525503245884313,0.0],[113.730734307914304,-1.525452843202915,0.0],[113.730769792061906,-1.525330855663397,0.0],[113.730676952292498,-1.525187512870066,0.0],[113.730726619282294,-1.525008122649486,0.0],[113.730697973181407,-1.52490056318179,0.0],[113.730526965094398,-1.524943820045952,0.0],[113.730412941593897,-1.524958311832751,0.0],[113.730256062020203,-1.524901127618713,0.0],[113.730156167068699,-1.524815178309475,0.0],[113.730084719222106,-1.524678981134739,0.0],[113.730163041438303,-1.524614323457902,0.0],[113.730319767241298,-1.524549565674814,0.0],[113.730369533826902,-1.524449079108305,0.0],[113.730347988263802,-1.524319991305511,0.0],[113.730176898769002,-1.524298690509629,0.0],[113.729998690694202,-1.524284571855917,0.0],[113.729827601156302,-1.524263271020726,0.0],[113.729720650975096,-1.524234715225196,0.0],[113.729713297395705,-1.524055397692065,0.0],[113.729741599921795,-1.523890380810569,0.0],[113.729741364956098,-1.523703881118706,0.0],[113.729883763320501,-1.523581757137535,0.0],[113.730004833088699,-1.523502698837998,0.0],[113.730104529087001,-1.523430840891917,0.0],[113.7302071506342,-1.523286940784585,0.0],[113.729996306210893,-1.523036959494728,0.0],[113.729724456000099,-1.522752751999973,0.0],[113.729579348000101,-1.52260104899989,0.0],[113.729458850341203,-1.522475074033964,0.0],[113.729503864756197,-1.522437122497079,0.0],[113.729537087752902,-1.522405996808372,0.0],[113.7296106944423,-1.522370037590694,0.0],[113.729681940307799,-1.522346036512745,0.0],[113.729774593029603,-1.522341136350367,0.0],[113.729874370328602,-1.522333836076766,0.0],[113.729926660422095,-1.522350506591284,0.0],[113.729978935465198,-1.522355221996879,0.0],[113.729976607757706,-1.522393481365859,0.0],[113.729894857035902,-1.522471293911438,0.0],[113.7299178831625,-1.52254992928322,0.0],[113.729931131523699,-1.522599406612164,0.0],[113.730059958676506,-1.522548791717412,0.0],[113.730074147639797,-1.522496171077373,0.0],[113.730066956833497,-1.522445968723132,0.0],[113.730090649258202,-1.522393335967758,0.0],[113.730119129531602,-1.522369389407702,0.0],[113.730199929988999,-1.522386023559862,0.0],[113.730373461387998,-1.522459924048292,0.0],[113.730468580240696,-1.522526751428215,0.0],[113.730452006396604,-1.522572202022836,0.0],[113.730392709151104,-1.522651181444257,0.0],[113.730259657740007,-1.52264896010164,0.0],[113.730188339657204,-1.522615576705525,0.0],[113.730147904802706,-1.522579762897168,0.0],[113.730086198551206,-1.522632444129091,0.0],[113.730036437852604,-1.522737712680871,0.0],[113.730098231414999,-1.522754371051775,0.0],[113.730179025871493,-1.522766223137273,0.0],[113.730271678569906,-1.522761322922847,0.0],[113.730323998775404,-1.522801903608823,0.0],[113.730326486052206,-1.522890368338498,0.0],[113.730326645654003,-1.523017092427026,0.0],[113.730243577719193,-1.52308653809997,0.0],[113.730162763146694,-1.523223529997809,0.0],[113.7302071506342,-1.523286940784585,0.0]],[[113.727700254758503,-1.520320888905628,0.0],[113.727671972613507,-1.520502643143598,0.0],[113.727700651229796,-1.520636504318012,0.0],[113.727700807438097,-1.520760837661979,0.0],[113.727605820801401,-1.520799215008292,0.0],[113.7274822576519,-1.5207850260569,0.0],[113.727320524413003,-1.520646552078573,0.0],[113.727353576330898,-1.5204791379032,0.0],[113.727457790181504,-1.52022077407251,0.0],[113.727481170536905,-1.519919474539178,0.0],[113.727509356724099,-1.519661207447518,0.0],[113.7274425023014,-1.519398279128888,0.0],[113.727313953436706,-1.519197595982709,0.0],[113.727190174348706,-1.51901125290827,0.0],[113.727099741421796,-1.518891816283558,0.0],[113.727109004920493,-1.518700522042099,0.0],[113.727189586418106,-1.51854261163368,0.0],[113.727350911362294,-1.518355906307265,0.0],[113.727507514544001,-1.51819311731758,0.0],[113.727668923409894,-1.51807336079064,0.0],[113.727773305510397,-1.517948894660197,0.0],[113.727953811202497,-1.517900844792761,0.0],[113.728096452992602,-1.517972394468027,0.0],[113.728210566422405,-1.518029634189123,0.0],[113.728248664220203,-1.5180965345885,0.0],[113.728239454735601,-1.518330867095568,0.0],[113.728173104548404,-1.51846963107547,0.0],[113.728163739102399,-1.518579630301007,0.0],[113.728163823113405,-1.518646579000033,0.0],[113.728258791667102,-1.518593855668678,0.0],[113.7283489064707,-1.518459843544371,0.0],[113.728382024550996,-1.518345032094373,0.0],[113.728443658996298,-1.518234966470098,0.0],[113.728529310074506,-1.518330498750536,0.0],[113.728833660579099,-1.518521394138564,0.0],[113.728928827136102,-1.518626478363701,0.0],[113.729019163939498,-1.518669402004707,0.0],[113.728853231746598,-1.518970882411208,0.0],[113.728644311857806,-1.519095481497903,0.0],[113.728445099518694,-1.519382658181721,0.0],[113.728364554305102,-1.519569260821639,0.0],[113.728340951791793,-1.519693624316718,0.0],[113.728350653442604,-1.519851419850459,0.0],[113.728303352366197,-1.520023634069399,0.0],[113.728227498866204,-1.520162410226684,0.0],[113.728132506280801,-1.520196005482052,0.0],[113.728013616871195,-1.520119643803925,0.0],[113.727909012690304,-1.520067174225781,0.0],[113.727771338561595,-1.520167772586053,0.0],[113.727700254758503,-1.520320888905628,0.0]]]]}},
{"type":"Feature","properties":{"id":"ID_00023","Name":"2025","description":"<html xmlns:fo=\"http://www.w3.org/1999/XSL/Format\" xmlns:msxsl=\"urn:schemas-microsoft-com:xslt\">\n\n<head>\n\n<META http-equiv=\"Content-Type\" content=\"text/html\">\n\n<meta http-equiv=\"content-type\" content=\"text/html; charset=UTF-8\">\n\n</head>\n\n<body style=\"margin:0px 0px 0px 0px;overflow:auto;background:#FFFFFF;\">\n\n<table style=\"font-family:Arial,Verdana,Times;font-size:12px;text-align:left;width:100%;border-collapse:collapse;padding:3px 3px 3px 3px\">\n\n<tr style=\"text-align:center;font-weight:bold;background:#9CBCE2\">\n\n<td>2025</td>\n\n</tr>\n\n<tr>\n\n<td>\n\n<table style=\"font-family:Arial,Verdana,Times;font-size:12px;text-align:left;width:100%;border-spacing:0px; padding:3px 3px 3px 3px\">\n\n<tr>\n\n<td>FID</td>\n\n<td>23</td>\n\n</tr>\n\n<tr bgcolor=\"#D4E4F3\">\n\n<td>OBJECTID_1</td>\n\n<td>0</td>\n\n</tr>\n\n<tr>\n\n<td>id</td>\n\n<td>0</td>\n\n</tr>\n\n<tr bgcolor=\"#D4E4F3\">\n\n<td>Year</td>\n\n<td>2025</td>\n\n</tr>\n\n<tr>\n\n<td>Provinsi</td>\n\n<td></td>\n\n</tr>\n\n<tr bgcolor=\"#D4E4F3\">\n\n<td>Kab_Kota</td>\n\n<td></td>\n\n</tr>\n\n<tr>\n\n<td>Kecamatan</td>\n\n<td></td>\n\n</tr>\n\n<tr bgcolor=\"#D4E4F3\">\n\n<td>Desa_Kel</td>\n\n<td></td>\n\n</tr>\n\n<tr>\n\n<td>Pelaksanaa</td>\n\n<td></td>\n\n</tr>\n\n<tr bgcolor=\"#D4E4F3\">\n\n<td>Jlh_Transk</td>\n\n<td></td>\n\n</tr>\n\n<tr>\n\n<td>M1</td>\n\n<td></td>\n\n</tr>\n\n<tr bgcolor=\"#D4E4F3\">\n\n<td>M2</td>\n\n<td></td>\n\n</tr>\n\n<tr>\n\n<td>M3</td>\n\n<td></td>\n\n</tr>\n\n<tr bgcolor=\"#D4E4F3\">\n\n<td>M4</td>\n\n<td></td>\n\n</tr>\n\n<tr>\n\n<td>M5</td>\n\n<td></td>\n\n</tr>\n\n<tr bgcolor=\"#D4E4F3\">\n\n<td>Jlh_Bibit</td>\n\n<td></td>\n\n</tr>\n\n<tr>\n\n<td>Sbr_Bibit</td>\n\n<td></td>\n\n</tr>\n\n<tr bgcolor=\"#D4E4F3\">\n\n<td>Pelaksana</td>\n\n<td></td>\n\n</tr>\n\n<tr>\n\n<td>Keterangan</td>\n\n<td>KHDTK AOI 2</td>\n\n</tr>\n\n<tr bgcolor=\"#D4E4F3\">\n\n<td>Jn_Bibit</td>\n\n<td></td>\n\n</tr>\n\n<tr>\n\n<td>Luas_Ha</td>\n\n<td>0</td>\n\n</tr>\n\n<tr bgcolor=\"#D4E4F3\">\n\n<td>Kanal</td>\n\n<td></td>\n\n</tr>\n\n<tr>\n\n<td>Kawasan</td>\n\n<td></td>\n\n</tr>\n\n<tr bgcolor=\"#D4E4F3\">\n\n<td>Tahap</td>\n\n<td></td>\n\n</tr>\n\n<tr>\n\n<td>Zona</td>\n\n<td></td>\n\n</tr>\n\n<tr bgcolor=\"#D4E4F3\">\n\n<td>Resort</td>\n\n<td></td>\n\n</tr>\n\n<tr>\n\n<td>SPTN</td>\n\n<td></td>\n\n</tr>\n\n<tr bgcolor=\"#D4E4F3\">\n\n<td>Luas</td>\n\n<td>13.5990046411</td>\n\n</tr>\n\n<tr>\n\n<td>Shape_Leng</td>\n\n<td>0</td>\n\n</tr>\n\n</table>\n\n</td>\n\n</tr>\n\n</table>\n\n</body>\n\n</html>","timestamp":null,"begin":null,"end":null,"altitudeMode":null,"tessellate":-1,"extrude":0,"visibility":-1,"drawOrder":null,"icon":null,"snippet":""},"geometry":{"type":"MultiPolygon","coordinates":[[[[113.748170193814104,-1.625580806313211,0.0],[113.748031011762095,-1.625441124294128,0.0],[113.7479702310726,-1.625297748343036,0.0],[113.747909426149107,-1.625136440003813,0.0],[113.747916345388902,-1.624982211846902,0.0],[113.747955286547295,-1.624788488545996,0.0],[113.748026307826606,-1.624598307805813,0.0],[113.748068774146702,-1.624375887862074,0.0],[113.748100650575495,-1.624228798519321,0.0],[113.748125452520696,-1.624121170152378,0.0],[113.748210816784606,-1.623995526477992,0.0],[113.748303299177294,-1.623862700113856,0.0],[113.748270918537997,-1.623636796209991,0.0],[113.748124623561907,-1.623507883155348,0.0],[113.747999624857201,-1.62331438426386,0.0],[113.747938878404199,-1.623196113516138,0.0],[113.747881778249095,-1.623138807943898,0.0],[113.747799774301001,-1.623113814766009,0.0],[113.747760600310599,-1.623135387247261,0.0],[113.747728718885796,-1.623278890123931,0.0],[113.7476826060402,-1.623440344888474,0.0],[113.747633011678403,-1.623662774618897,0.0],[113.747611875360207,-1.623845714117497,0.0],[113.747579979452894,-1.623978457602019,0.0],[113.747562378004403,-1.624139873382764,0.0],[113.7475092779992,-1.624405345745708,0.0],[113.747466777659895,-1.624602660454041,0.0],[113.747427792768093,-1.624764105537772,0.0],[113.747388739995401,-1.624875339969141,0.0],[113.7472785494883,-1.625090679825819,0.0],[113.747228819517503,-1.625212688350594,0.0],[113.747182590414596,-1.625288067808906,0.0],[113.747161313604906,-1.625366999579287,0.0],[113.747150718858407,-1.625438743754486,0.0],[113.747143726844698,-1.625539174861647,0.0],[113.747193810940004,-1.625678979095727,0.0],[113.747590095228006,-1.626187716596688,0.0],[113.747747281521896,-1.626463660222799,0.0],[113.747784483179203,-1.626501481369941,0.0],[113.747820200068404,-1.626558816102892,0.0],[113.747829788018095,-1.626620968630615,0.0],[113.747808488658507,-1.626683163506677,0.0],[113.747760979425394,-1.626690401608167,0.0],[113.747732481005997,-1.626700004631742,0.0],[113.747744542028002,-1.626833883399742,0.0],[113.747761306397393,-1.626931890901972,0.0],[113.747742609644902,-1.627161451347886,0.0],[113.747721533745107,-1.627388624076148,0.0],[113.747664815416499,-1.627613454718785,0.0],[113.747619886162994,-1.627771321548001,0.0],[113.747588901262503,-1.627937921367357,0.0],[113.747539122949604,-1.628024065231276,0.0],[113.747471554171796,-1.628131752404892,0.0],[113.747393317916703,-1.628257386638119,0.0],[113.7471655668853,-1.628508752961747,0.0],[113.747026855653004,-1.628716959353147,0.0],[113.746966550813596,-1.628925058167629,0.0],[113.7469702459899,-1.629021888154271,0.0],[113.747023875052307,-1.62914734146214,0.0],[113.747116644125896,-1.62922611673978,0.0],[113.747262867248295,-1.629301232125092,0.0],[113.747430469065094,-1.62937273164249,0.0],[113.7475161443394,-1.629476621972133,0.0],[113.747562626161397,-1.629587739075532,0.0],[113.747562742899504,-1.629673814479441,0.0],[113.747491887578803,-1.629985935735051,0.0],[113.747381775578702,-1.630258659654463,0.0],[113.747299946328397,-1.63036278007261,0.0],[113.747221632342701,-1.630431030843294,0.0],[113.747150402416395,-1.630466993539029,0.0],[113.747071995967204,-1.630467101263606,0.0],[113.746954361956298,-1.630449330459802,0.0],[113.746754708886996,-1.630395807475683,0.0],[113.746640633918702,-1.630374445268037,0.0],[113.746483791768696,-1.630353141791603,0.0],[113.746302075040504,-1.630385669744523,0.0],[113.746181022954104,-1.630475498149789,0.0],[113.746117037554697,-1.630597526560657,0.0],[113.745971266551194,-1.630855953813437,0.0],[113.745875317648597,-1.631060515367525,0.0],[113.745597719968004,-1.63134781573171,0.0],[113.745319995697301,-1.631541867662148,0.0],[113.745173937533593,-1.631588692687773,0.0],[113.745021082310998,-1.631599481352059,0.0],[113.745247054089106,-1.632194194585673,0.0],[113.745338623260807,-1.632137199158961,0.0],[113.745388503785506,-1.632126371135489,0.0],[113.745438364836602,-1.632101197185668,0.0],[113.745644966093494,-1.63202201048309,0.0],[113.745794568667094,-1.631960834568042,0.0],[113.745983345298001,-1.631878085890899,0.0],[113.746129388748699,-1.631820501364212,0.0],[113.746133127942002,-1.631949609723865,0.0],[113.746176021748099,-1.632042799393044,0.0],[113.7462437072993,-1.632021187424468,0.0],[113.746386191648696,-1.631967194252256,0.0],[113.746428880956202,-1.631909751798323,0.0],[113.746525000056295,-1.631830716983626,0.0],[113.746549811267698,-1.631730261298048,0.0],[113.746517555739004,-1.63159760569687,0.0],[113.746485368376597,-1.631515160784765,0.0],[113.746463760870895,-1.631350212169002,0.0],[113.746691609190705,-1.631170574792815,0.0],[113.746823503871994,-1.631191912428878,0.0],[113.7468985022022,-1.631306576832102,0.0],[113.746834551020299,-1.63145371057721,0.0],[113.746856036848797,-1.631528997204719,0.0],[113.746987926674606,-1.631546748310255,0.0],[113.747066376991896,-1.631578918807024,0.0],[113.747041541460007,-1.631661442068988,0.0],[113.746977488070002,-1.631733259805662,0.0],[113.747077200254907,-1.631675738974523,0.0],[113.747109212338799,-1.631629070679075,0.0],[113.747098413423501,-1.631550182896298,0.0],[113.747069673142803,-1.631381657694989,0.0],[113.747140810581399,-1.631277551893928,0.0],[113.747272588384206,-1.631212814056816,0.0],[113.747411498895403,-1.631151652902628,0.0],[113.747582333830294,-1.630979266933134,0.0],[113.747721161533605,-1.630857135731731,0.0],[113.747899255705306,-1.630781574826249,0.0],[113.748070202514995,-1.630691677831179,0.0],[113.748248369641999,-1.630669914037254,0.0],[113.748365803945703,-1.630540639342889,0.0],[113.748497479333693,-1.630400585654721,0.0],[113.748671858517,-1.630213849071324,0.0],[113.748899818217396,-1.630116700828974,0.0],[113.7489958689047,-1.62998745561246,0.0],[113.748977801052803,-1.629804570090449,0.0],[113.748892101433597,-1.629682747619769,0.0],[113.748852698763898,-1.62953575616904,0.0],[113.748763454721399,-1.62942828444296,0.0],[113.748635061056405,-1.62936031774246,0.0],[113.748567171382604,-1.629231297767785,0.0],[113.748516901918904,-1.628955207936904,0.0],[113.748445341391403,-1.628747290420232,0.0],[113.748331174299807,-1.62865778519633,0.0],[113.748256375683695,-1.628690166212328,0.0],[113.748249388854703,-1.62879418371921,0.0],[113.7480996943479,-1.628787216296634,0.0],[113.747935632299402,-1.62869777952951,0.0],[113.747981846623304,-1.628611640549274,0.0],[113.748102840133896,-1.628478774677009,0.0],[113.748227455891197,-1.628388941610505,0.0],[113.748359199475104,-1.628299098770457,0.0],[113.748351920929494,-1.62818792789752,0.0],[113.748341099480697,-1.628178619414764,0.0],[113.748421125040196,-1.628171907840996,0.0],[113.748492403468802,-1.628171809999521,0.0],[113.748573175959706,-1.628164526165177,0.0],[113.748670521735903,-1.628114181834954,0.0],[113.748775011547195,-1.628075782628856,0.0],[113.748872418882598,-1.628070866940532,0.0],[113.749022009516295,-1.628001323014016,0.0],[113.749062351984307,-1.627965402857681,0.0],[113.749212013893796,-1.627948460504759,0.0],[113.749330739869293,-1.627895695851591,0.0],[113.749349692330696,-1.627855023098632,0.0],[113.749411337260099,-1.627759299100519,0.0],[113.749456415394803,-1.627711417534625,0.0],[113.749449216255897,-1.627658825766549,0.0],[113.749389772255796,-1.627625433586737,0.0],[113.749403930701405,-1.627553684625029,0.0],[113.749465656657804,-1.62751773513635,0.0],[113.7494489764333,-1.627481893269895,0.0],[113.749415680799203,-1.627458029128534,0.0],[113.749470230312397,-1.627386224733389,0.0],[113.749510514435499,-1.627307266970072,0.0],[113.749541281820896,-1.627218758336446,0.0],[113.749564924616905,-1.627132650468154,0.0],[113.749579066880301,-1.627048946624205,0.0],[113.749588502618195,-1.626998723014619,0.0],[113.749619341291407,-1.626962815939152,0.0],[113.749631130296805,-1.626895852216124,0.0],[113.749704674400903,-1.626814457855643,0.0],[113.749733007547903,-1.626682914881536,0.0],[113.749685420655197,-1.626632769515433,0.0],[113.749587990777897,-1.626620948265935,0.0],[113.749497724354299,-1.62663541800696,0.0],[113.749376476724095,-1.626580591703169,0.0],[113.749267163867202,-1.626566395746899,0.0],[113.749164946450193,-1.626528280202244,0.0],[113.749093551542003,-1.626442302673524,0.0],[113.749069678766205,-1.626358650943375,0.0],[113.749024419261701,-1.62627263755339,0.0],[113.748969578289206,-1.626129253651336,0.0],[113.748864085810695,-1.626022509045417,0.0],[113.748869313790195,-1.626017398474784,0.0],[113.748815646265797,-1.625863253494543,0.0],[113.748687189923203,-1.625748662277791,0.0],[113.748569410780306,-1.62562329695712,0.0],[113.748512339575697,-1.625587510385869,0.0],[113.748437550711799,-1.62562706415631,0.0],[113.748316440622801,-1.625673854371469,0.0],[113.748170193814104,-1.625580806313211,0.0]]],[[[113.747343623621802,-1.620496306380787,0.0],[113.747357772867701,-1.620417384438178,0.0],[113.747368275996095,-1.62027749727058,0.0],[113.747414403738304,-1.620126802016758,0.0],[113.747385776407796,-1.620040765520208,0.0],[113.747389171094696,-1.619915233993459,0.0],[113.747317670506604,-1.619750353392386,0.0],[113.747288927200898,-1.61957824144581,0.0],[113.747249497027894,-1.619409730557545,0.0],[113.747252930449903,-1.619312890829477,0.0],[113.747277699011093,-1.619180157159481,0.0],[113.747323996003104,-1.619154988606443,0.0],[113.747377338661096,-1.619068840234674,0.0],[113.747402203874998,-1.619007836102394,0.0],[113.747352246339105,-1.618961279989059,0.0],[113.747259536395006,-1.61892554164611,0.0],[113.747174002579897,-1.618925658336697,0.0],[113.747138387645407,-1.618943639340819,0.0],[113.747063584199907,-1.618972433258318,0.0],[113.747028104543801,-1.619090835623863,0.0],[113.747063845110205,-1.619166103018752,0.0],[113.747063956248198,-1.619248591990641,0.0],[113.747035604434998,-1.619366984637914,0.0],[113.747060687122499,-1.619467371953192,0.0],[113.747089338563995,-1.619571340876953,0.0],[113.747146525469105,-1.619693203265365,0.0],[113.747178682838495,-1.619754129589967,0.0],[113.747239578715394,-1.619983581387197,0.0],[113.747222034755794,-1.620188034875992,0.0],[113.747168696970604,-1.620277769781032,0.0],[113.747147444061994,-1.620374633849594,0.0],[113.747200970438797,-1.620424771526062,0.0],[113.747226193489595,-1.620629166620459,0.0],[113.747297602321595,-1.620725904134035,0.0],[113.747383407102305,-1.620926629965432,0.0],[113.747437165749304,-1.621148918441027,0.0],[113.747408881872303,-1.621317521762698,0.0],[113.747505349479198,-1.621496714061732,0.0],[113.747562628603703,-1.621686719334258,0.0],[113.7475058383434,-1.621858948099016,0.0],[113.747502405134995,-1.621955787812148,0.0],[113.747556004232806,-1.622059722523873,0.0],[113.747620251506504,-1.622131364329832,0.0],[113.747759336119898,-1.622199317321384,0.0],[113.747775142787603,-1.622228799400186,0.0],[113.7477823319512,-1.622274218334424,0.0],[113.747803776769501,-1.622319617774778,0.0],[113.747827597532194,-1.622365013964205,0.0],[113.747801487997293,-1.622384177568243,0.0],[113.747768273235096,-1.622420087802164,0.0],[113.747697024021605,-1.622441704122487,0.0],[113.747621055202998,-1.622487236775744,0.0],[113.747628250832193,-1.622537437681751,0.0],[113.747642561376793,-1.62257806490555,0.0],[113.747642664700194,-1.622654576375791,0.0],[113.747623750797999,-1.622723940891688,0.0],[113.747576312664904,-1.622783780470328,0.0],[113.747535642532597,-1.622816498086936,0.0],[113.747396504548306,-1.62270909390472,0.0],[113.747335738806797,-1.622576477142643,0.0],[113.747271496329404,-1.622508421811056,0.0],[113.747104074625298,-1.622569620938875,0.0],[113.746940139334896,-1.622573431560523,0.0],[113.746886598281606,-1.622512534531573,0.0],[113.746861587927896,-1.622465944429524,0.0],[113.746800923890305,-1.622408643610905,0.0],[113.746740380881803,-1.622441004732212,0.0],[113.746768984198894,-1.622509108835972,0.0],[113.746829716029893,-1.6226166203387,0.0],[113.746854789338599,-1.622709834647293,0.0],[113.746844262227995,-1.622831789503364,0.0],[113.746769623360294,-1.622982523906228,0.0],[113.746534516167003,-1.623065334548774,0.0],[113.746420616056497,-1.623173084857398,0.0],[113.746260297811304,-1.623216341908111,0.0],[113.746203323526402,-1.623252284674921,0.0],[113.746153593304399,-1.62337429320856,0.0],[113.746207052102307,-1.623374220104179,0.0],[113.746360320016095,-1.623388356446441,0.0],[113.7464422853146,-1.623384657864291,0.0],[113.746595422422502,-1.623301959270127,0.0],[113.746834098373498,-1.623222730181298,0.0],[113.746926673041003,-1.623158046854912,0.0],[113.747079887565206,-1.623132731916224,0.0],[113.747019499581,-1.623279860340038,0.0],[113.746923399761101,-1.623373240368476,0.0],[113.746798793431196,-1.623470245885175,0.0],[113.746667025335995,-1.623542155818044,0.0],[113.7465138833944,-1.623621267964947,0.0],[113.746542486792805,-1.623689372055753,0.0],[113.746585491223399,-1.623865050990652,0.0],[113.746553653369801,-1.624040832315049,0.0],[113.746475426419394,-1.624173639301744,0.0],[113.746418728383205,-1.624414011406016,0.0],[113.746390464197702,-1.624596960846485,0.0],[113.746383593259793,-1.624787053983593,0.0],[113.746380126290902,-1.624858788439971,0.0],[113.746316203546698,-1.625027440768392,0.0],[113.746316290815003,-1.625091997392018,0.0],[113.746223822763,-1.62523558341923,0.0],[113.746170431797097,-1.625285867321184,0.0],[113.746116880826605,-1.625217797396609,0.0],[113.746113224786598,-1.625149659161327,0.0],[113.746102465144105,-1.625099463081518,0.0],[113.746056168078297,-1.625124631862751,0.0],[113.746020625805201,-1.625196410248699,0.0],[113.745995794697393,-1.625282519921495,0.0],[113.745999460438696,-1.625357831123323,0.0],[113.745999547714703,-1.625422387763995,0.0],[113.745953274886901,-1.625465488958443,0.0],[113.745988996560897,-1.625526410324251,0.0],[113.746034542809298,-1.625573800067834,0.0],[113.746026994083607,-1.625613979053872,0.0],[113.745994696687902,-1.625625500035766,0.0],[113.745950945593506,-1.625600693634695,0.0],[113.745926215027396,-1.625585425152824,0.0],[113.745897677769506,-1.625566336295954,0.0],[113.745853903400899,-1.625524314782291,0.0],[113.745825355799894,-1.625497574763243,0.0],[113.745804439683894,-1.625491865019757,0.0],[113.745772165555195,-1.625520601104358,0.0],[113.745757031883102,-1.625574180035578,0.0],[113.745741905970704,-1.62563349733737,0.0],[113.745726769715503,-1.625685163481285,0.0],[113.745704020075806,-1.625729188877572,0.0],[113.745654646860501,-1.62576368676246,0.0],[113.745559608840196,-1.625763816889907,0.0],[113.745517781764306,-1.625756222984058,0.0],[113.745439840235406,-1.625748678522071,0.0],[113.745367639773605,-1.625769818104765,0.0],[113.745310658323206,-1.625800500821233,0.0],[113.745261298015194,-1.625844562663428,0.0],[113.745234752010205,-1.625892418860603,0.0],[113.745208203419296,-1.625938362268864,0.0],[113.745183571106594,-1.625995779820331,0.0],[113.745147518708904,-1.626041736245022,0.0],[113.745109508652504,-1.626045613877411,0.0],[113.745016348062293,-1.626028526280806,0.0],[113.744993536336906,-1.626026644718666,0.0],[113.744930813787207,-1.626028643387576,0.0],[113.744875702039096,-1.626036370019078,0.0],[113.744763580357997,-1.626053738673187,0.0],[113.744643868544699,-1.626080681690476,0.0],[113.744491846339997,-1.626109581732787,0.0],[113.744442460127104,-1.626134515679425,0.0],[113.744383559754993,-1.626151811469257,0.0],[113.744329451249698,-1.626163621523098,0.0],[113.744360804900793,-1.626192011324757,0.0],[113.744366548560805,-1.62622260819013,0.0],[113.744417907943202,-1.626251229810872,0.0],[113.744478716834905,-1.626239669788728,0.0],[113.7445148804577,-1.626275963388669,0.0],[113.7445529707053,-1.626331382300047,0.0],[113.744482704551501,-1.626377385592467,0.0],[113.744437145723893,-1.62642144226376,0.0],[113.744450538994599,-1.626486458968446,0.0],[113.744481023617993,-1.626539975496284,0.0],[113.744539986064098,-1.626568586686231,0.0],[113.744602649161607,-1.626522593794015,0.0],[113.7446635071922,-1.626547376792421,0.0],[113.744688274011494,-1.626589424366246,0.0],[113.744629417619905,-1.626639237638381,0.0],[113.744576196260397,-1.62663931052233,0.0],[113.744534389822604,-1.626647018954094,0.0],[113.744528721159398,-1.626671893054974,0.0],[113.744545877172598,-1.626708212669828,0.0],[113.744585813888605,-1.626723460338165,0.0],[113.744642829015206,-1.626717643869283,0.0],[113.744716904440395,-1.626677373725301,0.0],[113.744760722870495,-1.626751912713655,0.0],[113.744827241801701,-1.62674608322242,0.0],[113.744842414271105,-1.626721196109769,0.0],[113.744908894391401,-1.62668667475167,0.0],[113.744990593539697,-1.626661696522932,0.0],[113.745045733752903,-1.626675010559562,0.0],[113.745097059504403,-1.626678765846657,0.0],[113.745110426931902,-1.626724654600152,0.0],[113.7450933769926,-1.62676675943001,0.0],[113.745063029480093,-1.626814620859334,0.0],[113.745045974366803,-1.626852900109971,0.0],[113.745059344388906,-1.626900701654626,0.0],[113.745072701475493,-1.626938939243965,0.0],[113.745110747773495,-1.626961840654213,0.0],[113.745169772325795,-1.62703635876526,0.0],[113.745211635677194,-1.627070731703751,0.0],[113.745268728419305,-1.627122298918419,0.0],[113.745320105936599,-1.627164309988027,0.0],[113.745373391982099,-1.627212056819044,0.0],[113.745428565849807,-1.627250237088321,0.0],[113.745481820836901,-1.627275030426386,0.0],[113.745554086031305,-1.627301710501323,0.0],[113.745584534462594,-1.627328447881549,0.0],[113.745595988219193,-1.62736477526071,0.0],[113.745590340297099,-1.627404951665449,0.0],[113.745590423139504,-1.627466160944629,0.0],[113.745579104001493,-1.627529298645858,0.0],[113.745573533756001,-1.627626858751811,0.0],[113.745552721170199,-1.627697660643322,0.0],[113.745535697165096,-1.627758893375399,0.0],[113.745511072701106,-1.627822049322116,0.0],[113.745497842456203,-1.627877538475767,0.0],[113.745503630197405,-1.627940652731715,0.0],[113.745505595699697,-1.627988469878278,0.0],[113.745520848414898,-1.628022879251484,0.0],[113.745530406612602,-1.628063034812312,0.0],[113.745496270577306,-1.6281204654262,0.0],[113.745462103463296,-1.628154942560837,0.0],[113.745414633597306,-1.628191350730814,0.0],[113.745388085072094,-1.62823729418505,0.0],[113.745363439900103,-1.628285147824895,0.0],[113.7453539930641,-1.628327242244076,0.0],[113.745317945903196,-1.628377024315842,0.0],[113.7453180002952,-1.628417192914153,0.0],[113.745382623657406,-1.628415191501073,0.0],[113.745464390148101,-1.628439945688581,0.0],[113.745519566676194,-1.628480038685085,0.0],[113.745576568843802,-1.628464658160012,0.0],[113.745625892834099,-1.62839381715531,0.0],[113.745696177019795,-1.628361203276999,0.0],[113.7457722463827,-1.628389790848944,0.0],[113.745821601446295,-1.628341903329094,0.0],[113.745850042940305,-1.628290218908147,0.0],[113.745905185772102,-1.628305445625138,0.0],[113.745928054502599,-1.62834940849872,0.0],[113.745895793354705,-1.628387708606611,0.0],[113.745859720318506,-1.628418362772046,0.0],[113.745829362521903,-1.628458573065388,0.0],[113.745823709457596,-1.628494923888582,0.0],[113.745865572868794,-1.628529296742554,0.0],[113.745937786299507,-1.628517720930507,0.0],[113.745968131135896,-1.628467946691007,0.0],[113.746023235107003,-1.62845448155607,0.0],[113.746085965441793,-1.628458221094186,0.0],[113.746140547601499,-1.62847291286597,0.0],[113.746075019631803,-1.628521008686066,0.0],[113.746032403085906,-1.628632248226823,0.0],[113.745925650380798,-1.628754335223184,0.0],[113.745868753822606,-1.628847661939536,0.0],[113.7458724878162,-1.628973183860483,0.0],[113.745972384776394,-1.629051949501099,0.0],[113.745908399253693,-1.629173977851558,0.0],[113.745872939762293,-1.629306726527168,0.0],[113.745880271760299,-1.629457348916203,0.0],[113.745766468982097,-1.629636829465863,0.0],[113.745627592282105,-1.629723095780987,0.0],[113.745470983392295,-1.629873943231605,0.0],[113.7453393511841,-1.630046275356236,0.0],[113.745118703238006,-1.630279700022063,0.0],[113.744994213450198,-1.630462781882111,0.0],[113.744884003712897,-1.630663776616073,0.0],[113.744732547119398,-1.630721784117334,0.0],[113.744973465932205,-1.631455290641438,0.0],[113.745049048896604,-1.631477683097511,0.0],[113.745141720998106,-1.631484728766003,0.0],[113.745216534484598,-1.631463107053065,0.0],[113.745305555057399,-1.631405600935718,0.0],[113.745412370975203,-1.631330137934135,0.0],[113.745547659442593,-1.631225943921844,0.0],[113.745654416949193,-1.631107443168172,0.0],[113.745743369367602,-1.630999726350435,0.0],[113.745796648385095,-1.630866953136977,0.0],[113.745903357226695,-1.630712587625356,0.0],[113.7459958103302,-1.630558241715095,0.0],[113.746066884700994,-1.630407511671235,0.0],[113.746212845419393,-1.630288957175951,0.0],[113.746341083730997,-1.63024215674728,0.0],[113.746433707033304,-1.630213337659077,0.0],[113.746529942897098,-1.630220378459004,0.0],[113.746636880273897,-1.63023457752404,0.0],[113.746725988262497,-1.630241628101684,0.0],[113.746893536756204,-1.630273676314333,0.0],[113.747061085232602,-1.630305724503885,0.0],[113.747192940881305,-1.630298370395119,0.0],[113.747239189244794,-1.630237336649885,0.0],[113.7472746923047,-1.630136866360097,0.0],[113.747342197748907,-1.629982554877525,0.0],[113.747388339091202,-1.629842618683687,0.0],[113.747434504762197,-1.629720614877257,0.0],[113.747462914034102,-1.629645259733099,0.0],[113.747459223647994,-1.629552016265529,0.0],[113.747412853689696,-1.629523388087804,0.0],[113.747355772497102,-1.629480428685929,0.0],[113.747234501712498,-1.629408865556599,0.0],[113.747116385960098,-1.629323046684316,0.0],[113.746937576952106,-1.629221914234429,0.0],[113.746855735306596,-1.629141689342795,0.0],[113.746815666348994,-1.629028889644263,0.0],[113.746828810948699,-1.628910278528982,0.0],[113.746870415133699,-1.62875337252973,0.0],[113.746926929619093,-1.628616674944066,0.0],[113.747072831911396,-1.628455082969904,0.0],[113.747193781846804,-1.62828993877974,0.0],[113.747282680745002,-1.62814277100485,0.0],[113.747417823198504,-1.627930983120494,0.0],[113.747488819881795,-1.627722869753192,0.0],[113.747545604610295,-1.627547054239453,0.0],[113.747563205632304,-1.627385638410895,0.0],[113.747595605449504,-1.627105847295505,0.0],[113.747544764364804,-1.62692659401272,0.0],[113.747573508116403,-1.626578664761193,0.0],[113.747529916329796,-1.626489063565206,0.0],[113.747486974516207,-1.626360009071114,0.0],[113.747408378948094,-1.626220243983476,0.0],[113.7473298319333,-1.626116343633959,0.0],[113.747311080404003,-1.626055031410388,0.0],[113.747270595476195,-1.62598574821899,0.0],[113.747199232941497,-1.625923680295007,0.0],[113.747142122860595,-1.62585920184543,0.0],[113.747084973970004,-1.62576603157403,0.0],[113.747032567281707,-1.625665681828757,0.0],[113.747006266921602,-1.62554377741245,0.0],[113.7470061343342,-1.625445747041369,0.0],[113.747006063193197,-1.625393145378798,0.0],[113.747006014689205,-1.625357280608826,0.0],[113.747011527082904,-1.625291888573791,0.0],[113.747107583183407,-1.625166230104117,0.0],[113.747256826497406,-1.624839655772457,0.0],[113.747338408719301,-1.624552625451157,0.0],[113.747373766703006,-1.624344561055515,0.0],[113.747465992277895,-1.624021651400163,0.0],[113.747558106439598,-1.623616252855915,0.0],[113.747625326583801,-1.623250339726096,0.0],[113.747707025313304,-1.623049384983281,0.0],[113.747711123321807,-1.623035444167071,0.0],[113.747740582140196,-1.623027436535235,0.0],[113.747783194087404,-1.622912610839137,0.0],[113.747825851251704,-1.622831258913363,0.0],[113.747868459976402,-1.622714042247575,0.0],[113.747894479089297,-1.622627931114379,0.0],[113.747941820333196,-1.622496362065039,0.0],[113.747977307704801,-1.622383937133222,0.0],[113.748000934745306,-1.62228587434886,0.0],[113.7480079302006,-1.622187834310288,0.0],[113.747998329583993,-1.622116117823484,0.0],[113.747981578551403,-1.622027674201763,0.0],[113.7479695923207,-1.621948788011867,0.0],[113.747933638578104,-1.62195519828894,0.0],[113.747714807323405,-1.62089389890094,0.0],[113.747653901541199,-1.620657274308145,0.0],[113.747603934231407,-1.620603545330277,0.0],[113.747500537282903,-1.620571408213704,0.0],[113.747393624785303,-1.620575140713429,0.0],[113.747343623621802,-1.620496306380787,0.0]]],[[[113.748149728579506,-1.620985357673263,0.0],[113.748292131714194,-1.620871591217156,0.0],[113.748458108722701,-1.620620310856679,0.0],[113.748440015004405,-1.620417101743148,0.0],[113.748362232639295,-1.619998785372343,0.0],[113.748367777520002,-1.619705881959135,0.0],[113.748420929865901,-1.619478665676091,0.0],[113.748432454993505,-1.619215641444106,0.0],[113.748426168705194,-1.61895861899316,0.0],[113.748384315917804,-1.61875544227011,0.0],[113.748306609899899,-1.618393313844347,0.0],[113.748220781469598,-1.618174655653019,0.0],[113.748177806891903,-1.618020495622545,0.0],[113.748195384901194,-1.617841147633909,0.0],[113.748163068280107,-1.617661867690543,0.0],[113.748180767067097,-1.617572181547599,0.0],[113.748187783806301,-1.617489682933003,0.0],[113.748155665214597,-1.617457448404145,0.0],[113.748020343101302,-1.6175365354878,0.0],[113.747927797480202,-1.617622737216573,0.0],[113.747767552140303,-1.617719790709655,0.0],[113.747728382984405,-1.617744949488904,0.0],[113.747667893169293,-1.617816761604195,0.0],[113.747650281296103,-1.617971004340442,0.0],[113.747671949688794,-1.618182577219545,0.0],[113.747650735309307,-1.618308133018992,0.0],[113.747636643922903,-1.618430092624531,0.0],[113.747668917156901,-1.618577094356673,0.0],[113.747722747807202,-1.618853180008066,0.0],[113.747744421203606,-1.619068339330717,0.0],[113.747766244487806,-1.619394679367071,0.0],[113.747741674202402,-1.619674458466745,0.0],[113.7477207162393,-1.619990097461149,0.0],[113.7477173844497,-1.620162253128954,0.0],[113.747767632252604,-1.620423997660186,0.0],[113.747814485543302,-1.620811273650962,0.0],[113.747925489370999,-1.621198461946386,0.0],[113.747983824133897,-1.621290435236543,0.0],[113.748149728579506,-1.620985357673263,0.0]]],[[[113.747257805399201,-1.615810419332958,0.0],[113.747207848062899,-1.615763863074501,0.0],[113.747271901882499,-1.615692046196026,0.0],[113.747378780395593,-1.615663208808625,0.0],[113.747457171787801,-1.615652342622035,0.0],[113.747574727520103,-1.615612731247569,0.0],[113.747571076819298,-1.615548179538951,0.0],[113.747531830499199,-1.615515954635248,0.0],[113.747435600317701,-1.61551249917244,0.0],[113.747261031768701,-1.615559361120388,0.0],[113.747179090926394,-1.615580991577451,0.0],[113.747125723984496,-1.615649207419345,0.0],[113.747118731185196,-1.615749638479535,0.0],[113.747118904778901,-1.615878751651293,0.0],[113.747158271686502,-1.616000638483886,0.0],[113.747226135372998,-1.616111727047984,0.0],[113.747265458899903,-1.616201335570675,0.0],[113.747329763531297,-1.616316015440273,0.0],[113.747376234183704,-1.616419960141312,0.0],[113.747390687606895,-1.616566986243878,0.0],[113.747390875781306,-1.616706858813439,0.0],[113.7473827516434,-1.616910139569983,0.0],[113.747248695968096,-1.616986798210611,0.0],[113.747234585123607,-1.617094411933907,0.0],[113.747423530029096,-1.617137192235436,0.0],[113.747437640857896,-1.617029578527474,0.0],[113.747462491668998,-1.616957815011444,0.0],[113.747522967049804,-1.616875243505902,0.0],[113.747540656275007,-1.61677838437996,0.0],[113.747551106716699,-1.616599046028472,0.0],[113.747536019877799,-1.616467754316505,0.0],[113.747479563276201,-1.616401886968159,0.0],[113.747458078543403,-1.616326600103104,0.0],[113.747450916966997,-1.616301504480753,0.0],[113.7474221693723,-1.616125805990643,0.0],[113.7473863808152,-1.616014673769492,0.0],[113.747411207562905,-1.615924977891103,0.0],[113.747478873491204,-1.615889020915547,0.0],[113.747557144310903,-1.615788492819388,0.0],[113.747539247636396,-1.615731133474168,0.0],[113.747492931371497,-1.615741955991355,0.0],[113.747439535523597,-1.615788652974527,0.0],[113.747350495819106,-1.615831812015124,0.0],[113.747257805399201,-1.615810419332958,0.0]]],[[[113.7490708425061,-1.615466605869007,0.0],[113.749056503295193,-1.61540445978906,0.0],[113.748951865824594,-1.615332872764012,0.0],[113.748775995418796,-1.61529485653788,0.0],[113.748566939110702,-1.615314269146587,0.0],[113.748367418645699,-1.615357578619794,0.0],[113.748134654363895,-1.615415279279797,0.0],[113.747963619296797,-1.615439422055251,0.0],[113.747885847032805,-1.615458033088848,0.0],[113.747854025287495,-1.615549881497469,0.0],[113.747840736844907,-1.615588236478271,0.0],[113.748016044164004,-1.615554118055198,0.0],[113.748291613864893,-1.615525050919603,0.0],[113.748438889557704,-1.61550094047066,0.0],[113.748538678734405,-1.615500804556715,0.0],[113.748581619181195,-1.615629859319195,0.0],[113.748543726468199,-1.615720768409602,0.0],[113.748558039957999,-1.615763786661957,0.0],[113.748629272915494,-1.615730215818412,0.0],[113.748833442294497,-1.615610388394016,0.0],[113.7490708425061,-1.615466605869007,0.0]]],[[[113.751784400937694,-1.615317472122365,0.0],[113.751524193562702,-1.615285548663909,0.0],[113.751256790772999,-1.615203424371329,0.0],[113.750711336853897,-1.615071468333601,0.0],[113.750543713287897,-1.61498203492513,0.0],[113.750319096388907,-1.614914197969744,0.0],[113.750297766107906,-1.614953678244346,0.0],[113.750223102886693,-1.615086479513249,0.0],[113.750112699394904,-1.615144013529999,0.0],[113.750002276588205,-1.61518720167827,0.0],[113.749898938130997,-1.61519810189954,0.0],[113.749752924600401,-1.61527720329484,0.0],[113.749663889947399,-1.615323948784662,0.0],[113.749571329990303,-1.615399390889823,0.0],[113.749546991417205,-1.61543502470837,0.0],[113.749534205783803,-1.615468037710225,0.0],[113.749504280637893,-1.615476686026358,0.0],[113.749447260229402,-1.615478198306168,0.0],[113.7494386663478,-1.615448083611917,0.0],[113.749414424133306,-1.615442378277626,0.0],[113.749353155994996,-1.615465415201355,0.0],[113.749296164528602,-1.615488446299062,0.0],[113.749240612127096,-1.61552151757283,0.0],[113.749259177200898,-1.615545880323926,0.0],[113.749277746135306,-1.615573112250518,0.0],[113.749283513993106,-1.615621880479597,0.0],[113.7492479001139,-1.615640578684543,0.0],[113.749192314897897,-1.615649261964451,0.0],[113.749158062882501,-1.615620616812793,0.0],[113.749139495876193,-1.615594819471476,0.0],[113.748962880946806,-1.615709827382065,0.0],[113.748964333526203,-1.615729909679744,0.0],[113.749034257341094,-1.615782894282646,0.0],[113.749079902257193,-1.615802916364818,0.0],[113.749136967087793,-1.615834399611516,0.0],[113.749183958420502,-1.615795601624899,0.0],[113.749230945890403,-1.615753934463692,0.0],[113.749280840452698,-1.615753866477141,0.0],[113.749316494866704,-1.615765294619611,0.0],[113.749359277074305,-1.615776713047998,0.0],[113.7493877863199,-1.615775239608277,0.0],[113.749409086696602,-1.615713523184128,0.0],[113.749447532383797,-1.615680475211798,0.0],[113.749488838838104,-1.615654596295503,0.0],[113.749503023003697,-1.61560149711739,0.0],[113.749508648029405,-1.615544105831162,0.0],[113.749549940969899,-1.615508184804673,0.0],[113.749614054422295,-1.615480840228438,0.0],[113.749637582240695,-1.615423054448741,0.0],[113.749696061509098,-1.615395634468149,0.0],[113.749849222140597,-1.615330869221876,0.0],[113.750006043151799,-1.615337828490117,0.0],[113.750041788263701,-1.615416682226916,0.0],[113.750058676985603,-1.615526523791168,0.0],[113.749992311833594,-1.615646163396144,0.0],[113.750003014974595,-1.615735931325311,0.0],[113.750202593079095,-1.615735659298415,0.0],[113.750395033707093,-1.615728224033952,0.0],[113.750544746205406,-1.615749538787274,0.0],[113.750701649242004,-1.615817467866504,0.0],[113.750830012157707,-1.615863916996082,0.0],[113.750990425953205,-1.615892390043743,0.0],[113.751147299987494,-1.615938800254938,0.0],[113.751311316282894,-1.615995960113563,0.0],[113.751468151651594,-1.616013678562902,0.0],[113.751706980638602,-1.6160492175016,0.0],[113.751960118291393,-1.616124188035548,0.0],[113.752141944303801,-1.616174150526661,0.0],[113.7522988279092,-1.616227733488339,0.0],[113.752569702771595,-1.616241709725718,0.0],[113.752669385311606,-1.616162671421277,0.0],[113.752925927202696,-1.616119283724637,0.0],[113.753018617258405,-1.616140676019515,0.0],[113.753200467305803,-1.616208570660759,0.0],[113.753428676862896,-1.616297920765959,0.0],[113.753631948876702,-1.616394477786184,0.0],[113.753767453876804,-1.616451676189383,0.0],[113.753913679542194,-1.616530378708796,0.0],[113.754010459655305,-1.616666237559699,0.0],[113.754042831173805,-1.616656165591872,0.0],[113.754164830152106,-1.616618207228165,0.0],[113.754235962727094,-1.616510516215352,0.0],[113.754239842674394,-1.616488874515305,0.0],[113.753959748902801,-1.616336646802545,0.0],[113.7536780231286,-1.616204332302468,0.0],[113.753282185330505,-1.616021962942375,0.0],[113.7529363095625,-1.61588973573318,0.0],[113.752672432147506,-1.61577891531888,0.0],[113.752394284669194,-1.615657354883325,0.0],[113.752144595147499,-1.615496304387519,0.0],[113.751966241355007,-1.615378194147999,0.0],[113.751784400937694,-1.615317472122365,0.0]]],[[[113.749077310546099,-1.613592597614786,0.0],[113.748948933255903,-1.613535388643636,0.0],[113.748834840448893,-1.613499679088806,0.0],[113.748792035168194,-1.613471045496232,0.0],[113.748781271215705,-1.613417262960993,0.0],[113.748745492558598,-1.613313303751292,0.0],[113.748667787194904,-1.613201091490125,0.0],[113.748641528051294,-1.613276884050781,0.0],[113.748586777293497,-1.613434912849866,0.0],[113.748602739806898,-1.61344987977916,0.0],[113.748619887614694,-1.613480461073781,0.0],[113.748614270175494,-1.613543590747866,0.0],[113.748604853820297,-1.613608638379672,0.0],[113.748566962278503,-1.613700503798521,0.0],[113.748519554166904,-1.61378281822551,0.0],[113.748485381881295,-1.613813469344298,0.0],[113.748462301995602,-1.613794189889963,0.0],[113.748392991084103,-1.6139942442867,0.0],[113.748407728901498,-1.614020156228335,0.0],[113.748453385332695,-1.614048785938681,0.0],[113.748504720866194,-1.614060192816288,0.0],[113.748578824210199,-1.614040964085622,0.0],[113.748626286280398,-1.6139988181432,0.0],[113.748679471143902,-1.613971966725361,0.0],[113.748711727253706,-1.613929841479163,0.0],[113.748707892352002,-1.613904980444604,0.0],[113.748694517747097,-1.613853353348898,0.0],[113.748686837667904,-1.61379598013731,0.0],[113.748709574639804,-1.613742391115989,0.0],[113.748741833322597,-1.613702178661718,0.0],[113.748766489028199,-1.613661976553681,0.0],[113.748794964210603,-1.613635158770279,0.0],[113.748844370704106,-1.613625527605193,0.0],[113.748897586392502,-1.613621629622041,0.0],[113.7489450895673,-1.613610088257287,0.0],[113.748979287533999,-1.613598564996072,0.0],[113.749017346097403,-1.613631030610777,0.0],[113.7490649315111,-1.613680698352146,0.0],[113.749101048209198,-1.613682561993631,0.0],[113.749144778161394,-1.613692066426169,0.0],[113.749184750321703,-1.613734093365716,0.0],[113.749213312882006,-1.613772310253384,0.0],[113.749258948717596,-1.613785637661114,0.0],[113.749285592542293,-1.613810467641113,0.0],[113.749295157954506,-1.61385636152886,0.0],[113.749342679109304,-1.613858209638425,0.0],[113.749361647981601,-1.613829492006063,0.0],[113.749401478757093,-1.613766315804268,0.0],[113.749393850078405,-1.613747198310917,0.0],[113.749298430998607,-1.61371065046728,0.0],[113.749195005789403,-1.613656994056252,0.0],[113.749077310546099,-1.613592597614786,0.0]]],[[[113.748943452328405,-1.612992642412244,0.0],[113.748914854480503,-1.612928124700853,0.0],[113.748905299388696,-1.612889881928311,0.0],[113.748907636786399,-1.612861186923516,0.0],[113.748914518700602,-1.612827076570035,0.0],[113.748885158811703,-1.612823744193548,0.0],[113.748797481839205,-1.612953528243769,0.0],[113.748916268836098,-1.613096687253028,0.0],[113.748969809133797,-1.613157584553637,0.0],[113.748998392545005,-1.613211342841411,0.0],[113.749002057610099,-1.613286653892462,0.0],[113.749016370999698,-1.613329672155232,0.0],[113.7490556557389,-1.613390588832398,0.0],[113.749123432358004,-1.613437120828611,0.0],[113.749198331946502,-1.613480056647922,0.0],[113.749300599695104,-1.613556429003617,0.0],[113.749357628412795,-1.613561133368646,0.0],[113.749424196185203,-1.613592125579321,0.0],[113.749497907807907,-1.613635062983458,0.0],[113.749524120139498,-1.61369241093155,0.0],[113.749557473114507,-1.6137593130945,0.0],[113.7496003073135,-1.613809465459189,0.0],[113.7496597633736,-1.613852422241711,0.0],[113.7497311183606,-1.613909708723394,0.0],[113.749766805497202,-1.613945524898762,0.0],[113.749809642919701,-1.613998068222673,0.0],[113.749852493202695,-1.614060175458572,0.0],[113.749897680843702,-1.614093587704951,0.0],[113.749952237187202,-1.614026565890184,0.0],[113.749964026824699,-1.613959602304996,0.0],[113.750001951671905,-1.61389260314055,0.0],[113.750089783857206,-1.613835099969127,0.0],[113.750134855768295,-1.613782436981598,0.0],[113.750175175823003,-1.613729780466001,0.0],[113.750194099675497,-1.613667589148811,0.0],[113.750217785025697,-1.61361256430021,0.0],[113.750198719758998,-1.613569552561432,0.0],[113.750110720470303,-1.613502724821423,0.0],[113.750025116391996,-1.613450239706997,0.0],[113.749977581778097,-1.613438349486582,0.0],[113.749892074094603,-1.613457593729756,0.0],[113.749825503136194,-1.613424210559899,0.0],[113.749761295253194,-1.613381260233234,0.0],[113.749758816513804,-1.61330475212584,0.0],[113.7497516309014,-1.613261724195824,0.0],[113.749673161035503,-1.613214011293377,0.0],[113.749599475148898,-1.613190201713457,0.0],[113.749497310246198,-1.61319034071802,0.0],[113.749459327518807,-1.613214302239318,0.0],[113.749388052883404,-1.613216790196435,0.0],[113.749342839578802,-1.61316425004875,0.0],[113.749318996784794,-1.613102116884827,0.0],[113.749271433252304,-1.613068707803198,0.0],[113.749202454248504,-1.613011418000196,0.0],[113.749131102530001,-1.61295652240048,0.0],[113.749081182339495,-1.61293746241947,0.0],[113.749036068595998,-1.612959042647282,0.0],[113.749007621676299,-1.613006901044738,0.0],[113.748983884866703,-1.613023670227956,0.0],[113.748943452328405,-1.612992642412244,0.0]]]]}}
]
}
