{
"type": "FeatureCollection",
"name": "Perhutanan Sosial Dampingan BNF",
"crs": { "type": "name", "properties": { "name": "urn:ogc:def:crs:ESRI::54034" } },
"features": [
{"type":"Feature","properties":{"ID":3,"NAMOBJ":"KTH Katimpun Hapakat","WADMKD":"Petuk Katimpun","WADMKC":"Jekan Raya","SKEMA":"Community Forest (HKm)","LUAS":20182969.547024999,"SK":"Sudah","KETERANGAN":"SK. 5918/MENLHK-PSKL/PKPS/PSL.0/9/2018"},"geometry":{"type":"MultiPolygon","coordinates":[[[[12678079.195996407419443,-230971.829274434770923],[12678181.227717628702521,-230992.999572445522062],[12678194.738242229446769,-230992.974330554017797],[12680118.246447475627065,-233709.834767164342338],[12680118.24905039742589,-233709.838940952293342],[12680126.770189519971609,-233721.873872373631457],[12680127.499405862763524,-233722.903705901670037],[12680127.6468709371984,-233723.112097378558246],[12680127.921878807246685,-233723.500657550204778],[12680128.419435802847147,-233724.203345274348976],[12680130.72631829790771,-233727.461785012448672],[12680135.482242403551936,-233734.179205056570936],[12680141.568856159225106,-233742.776222372980556],[12680149.078362813219428,-233753.382919869589387],[12680153.422626085579395,-233759.518790676345816],[12680164.965548,-233775.822612463874975],[12680168.927883706986904,-233781.418970340018859],[12680179.652189232409,-233796.566550778923556],[12680184.320815594866872,-233803.160642621282022],[12680191.341575104743242,-233813.076971733244136],[12680199.432833008468151,-233824.505603458121186],[12680206.425761358812451,-233834.382578490389278],[12680212.859563799574971,-233843.469911790249171],[12680222.802794924005866,-233857.514414099830901],[12680224.881622109562159,-233860.450773996126372],[12680237.884778732433915,-233878.816934823378688],[12680237.550304280593991,-233878.85529392855824],[12680291.478174805641174,-233954.514336127438582],[12680291.488786671310663,-233954.529242507705931],[12680292.055320903658867,-233955.329417035012739],[12680292.10087188705802,-233955.392123212455772],[12680292.249137856066227,-233955.595843754010275],[12680333.139112878590822,-234012.963239917240571],[12680333.051014253869653,-234013.090043495409191],[12680333.046409098431468,-234013.083882190374425],[12678896.746818134561181,-237392.394892867421731],[12678889.485789638012648,-237388.537296704103937],[12678754.902027482166886,-237337.24693077718257],[12678573.733314950019121,-237355.430971379944822],[12678448.193276958540082,-237424.744876397104235],[12678369.144184036180377,-237470.963372793019516],[12678276.26611004024744,-237466.136584958934691],[12678215.974515559151769,-237424.272850370791275],[12678210.065901048481464,-237397.463856989401393],[12678210.012841660529375,-237397.223073984874645],[12678207.313419736921787,-237355.654463365091942],[12678209.39695218577981,-237340.539587192848558],[12678220.902131862938404,-237257.071810932422522],[12678214.10772574134171,-237158.515237883053487],[12678210.710722897201777,-237148.503898097173078],[12678174.190840072929859,-237027.132654694345547],[12678137.622302781790495,-236987.575884519756073],[12678137.477440623566508,-236987.284917017212138],[12678133.282945018261671,-236978.86504445533501],[12678040.603593474254012,-236876.642498261557193],[12677943.194947632029653,-236816.152012945443857],[12677836.403498059138656,-236802.021590575546725],[12677650.714925725013018,-236759.903198395040818],[12677581.154154665768147,-236708.745112834381871],[12677553.373154738917947,-236666.947478402376873],[12677497.858307681977749,-236560.163066774606705],[12677437.680640712380409,-236462.644859825028107],[12677279.859064575284719,-236420.58342646775418],[12677052.250464087352157,-236438.672560948383762],[12676931.451533600687981,-236461.616533028020058],[12676819.941301498562098,-236484.579383210977539],[12676708.487933047115803,-236479.714905071334215],[12676634.283463563770056,-236428.547395970323123],[12676629.790333636105061,-236354.332141685328679],[12676629.979345234110951,-236261.574854959500954],[12676646.684846505522728,-236220.11419181356905],[12676646.730898056179285,-236220.000209165882552],[12676670.929287366569042,-236192.310273026261711],[12676756.708514448255301,-236060.82172274478944],[12676781.41927732899785,-235976.254148824053118],[12676793.228297166526318,-235935.840430246666074],[12676802.025345159694552,-235816.728423205029685],[12676806.817209500819445,-235751.845598972256994],[12676814.488897698000073,-235696.203224047232652],[12676806.923628631979227,-235751.872032678278629],[12676804.821475349366665,-235781.501835545175709],[12676834.0592060405761,-235782.557096938835457],[12676866.749601868912578,-235781.554802329104859],[12676899.304445972666144,-235778.419327434152365],[12676905.178922258317471,-235777.463043352472596],[12676931.584182089194655,-235773.164385844604112],[12676940.483945082873106,-235771.331317483214661],[12676962.738858750090003,-235766.536183103511576],[12677016.18879422172904,-235766.536580595537089],[12677047.867157118394971,-235765.533093398844358],[12677080.421901103109121,-235762.397618203714956],[12677112.702037665992975,-235757.142775506799808],[12677144.568210821598768,-235749.790626340691233],[12677157.708921419456601,-235746.110576651233714],[12677203.231482461094856,-235732.689107211132068],[12677224.821651972830296,-235737.522203726432053],[12677257.080064201727509,-235742.907824324967805],[12677261.757800782099366,-235743.510035967454314],[12677365.174071952700615,-235756.328597351588542],[12677393.03786457143724,-235758.993333989696112],[12677425.724055718630552,-235760.12819477004814],[12677458.415052218362689,-235759.125800663343398],[12677490.96989630907774,-235755.990225978632225],[12677523.249632449820638,-235750.73518433974823],[12677555.116306144744158,-235743.383034903992666],[12677586.433164348825812,-235733.965378601278644],[12677617.066357223317027,-235722.52246192356688],[12677646.884037164971232,-235709.103276300273137],[12677675.759562375023961,-235693.765259951440385],[12677703.568493567407131,-235676.574397303222213],[12677730.191997734829783,-235657.603529611194972],[12677755.515947081148624,-235636.934640619787388],[12677779.432320684194565,-235614.6562727833807],[12677783.594079619273543,-235610.236473228782415],[12677801.838003110140562,-235590.863129811681574],[12677822.637587565928698,-235565.657766045245808],[12677841.742274664342403,-235539.147605221922277],[12677859.069371778517962,-235511.44682860840112],[12677868.794558802619576,-235493.470388647168875],[12677856.53913926333189,-235499.448391123994952],[12677875.236970884725451,-235490.290289196942467],[12677917.702009113505483,-235474.614974854193861],[12677965.262851934880018,-235443.000799374771304],[12677996.687030309811234,-235406.222593741491437],[12678002.314530096948147,-235390.109027854923625],[12678007.727890189737082,-235374.608505277195945],[12678003.481236193329096,-235360.197629058267921],[12677997.536180896684527,-235337.645944479416357],[12677954.2217918317765,-235285.324454921472352],[12677940.045622063800693,-235276.784653796610655],[12677925.222427986562252,-235267.855500514502637],[12677925.666024580597878,-235231.589238835294964],[12677924.429640483111143,-235210.698692902486073],[12677922.369734488427639,-235175.896812066319399],[12677920.445480361580849,-235155.571108085190644],[12677919.161843350157142,-235142.28086797564174],[12677913.899452278390527,-235110.04533861373784],[12677906.537110386416316,-235078.222309922683053],[12677897.106052618473768,-235046.948124984657625],[12677885.647124728187919,-235016.357437587023014],[12677872.209181362763047,-234986.580032227357151],[12677856.84998725168407,-234957.7446003240766],[12677839.635215857997537,-234929.973870875081047],[12677820.638149257749319,-234903.386597903096117],[12677799.940679132938385,-234878.097461120516527],[12677777.631504708901048,-234854.214183964213589],[12677753.805632427334785,-234831.839223041431978],[12677728.565777219831944,-234811.068476165179163],[12677702.019159153103828,-234791.990288640576182],[12677674.280006054788828,-234774.686943860724568],[12677645.467251110821962,-234759.232675785315223],[12677615.704032145440578,-234745.693271435186034],[12677023.468543671071529,-234027.359519155870657],[12676937.802843691781163,-234035.194607699871995],[12676493.138456277549267,-234076.822441285650712],[12676170.787194460630417,-234034.239307871990604],[12676067.623405944555998,-234044.302004549041158],[12676067.892807528376579,-234038.883537750167307],[12676063.501791916787624,-233913.65117113981978],[12676031.226761061698198,-233797.638121779862558],[12675901.508345508947968,-233639.68731385585852],[12675720.685520188882947,-233490.909775626932969],[12675558.242770781740546,-233439.565697004436515],[12675353.909626426175237,-233434.515996554779122],[12675201.267949,-233430.299366393242963],[12675035.738944631069899,-233283.534318817401072],[12675015.858789443969727,-233103.782960879994789],[12675016.038991179317236,-232994.723939275834709],[12675016.268247814849019,-232856.446773047355236],[12674986.887757310643792,-232801.307817534339847],[12674982.416551953181624,-232751.511030146677513],[12674891.329482911154628,-232573.407293115451466],[12674898.764506183564663,-232565.714049567526672],[12674905.772651579231024,-232561.168461945082527],[12674929.970039773732424,-232545.395596951799234],[12674966.489622268825769,-232524.464087289117742],[12674998.763051319867373,-232503.37426807943848],[12675014.050765432417393,-232482.337314766074996],[12675017.086664017289877,-232476.219585543061839],[12675030.081010762602091,-232450.867393772437936],[12675030.194838205352426,-232449.80744169303216],[12675030.248197922483087,-232449.700512341602007],[12675031.40889728628099,-232438.515860929561313],[12675033.026708383113146,-232423.654269668448251],[12675035.239986069500446,-232403.323577426170232],[12675032.407014645636082,-232371.911380307923537],[12675030.187129564583302,-232345.603169017645996],[12675022.543773068115115,-232289.93457480717916],[12674997.099288808181882,-232255.138675985392183],[12674982.626386860385537,-232235.293718410481233],[12674918.931983025744557,-232219.494986431906],[12674918.916365530341864,-232219.496377710514935],[12674918.822560539469123,-232219.473123531235615],[12674895.234454404562712,-232221.592931080434937],[12674885.497253937646747,-232222.458503428322729],[12674861.17642755433917,-232224.610509032325353],[12674811.958629820495844,-232227.731935744144721],[12674804.650548657402396,-232228.19841064864886],[12674776.14013216458261,-232229.985007536917692],[12674759.15361631475389,-232229.985007536917692],[12674707.453039182350039,-232229.905903572624084],[12674663.604752453044057,-232229.984908166516107],[12674663.573917925357819,-232229.985007536917692],[12674648.745117573067546,-232229.985007536917692],[12674596.200495548546314,-232221.95595469919499],[12674596.069548979401588,-232221.936178713483969],[12674580.057924471795559,-232219.486141896282788],[12674575.832794575020671,-232216.276667162950616],[12674532.391062954440713,-232182.562769244017545],[12674529.287388499826193,-232181.904397475533187],[12674504.193596802651882,-232176.546493459318299],[12674458.608165388926864,-232166.847509145038202],[12674421.238631401211023,-232166.847509145038202],[12674395.877840818837285,-232166.847509145038202],[12674395.866027588024735,-232166.847509145038202],[12674381.625085316598415,-232143.22214540024288],[12674338.874727670103312,-232072.300321900926065],[12674228.470333544537425,-231885.628111568075838],[12674208.899724872782826,-231892.939379318093415],[12674141.651042133569717,-231923.205943640612531],[12674134.359079016372561,-231926.487968901259592],[12674062.17507136054337,-231964.833380213036435],[12673992.656747849658132,-232007.811538772948552],[12673936.018543219193816,-232047.74835493430146],[12673823.984124291688204,-232130.550696884078206],[12673816.187496233731508,-232136.313165638392093],[12673813.934774376451969,-232137.977828002563911],[12673812.254993909969926,-232145.819062306720298],[12673812.255094027146697,-232213.949261301138904],[12673825.029895011335611,-232304.727905411564279],[12673825.525449758395553,-232309.712049424997531],[12673826.728596646338701,-232319.468266955576837],[12673836.070855010300875,-232372.568061957746977],[12673838.618707230314612,-232387.730073424900183],[12673854.339305952191353,-232435.11210865015164],[12673864.184427231550217,-232464.904255427245516],[12673870.042985709384084,-232482.337513518985361],[12673880.633441377431154,-232496.300833915476687],[12673917.603528188541532,-232545.395795704622287],[12673976.20533100888133,-232587.522453853016486],[12673986.855253271758556,-232591.333448676479748],[12674009.276252837851644,-232599.33952876587864],[12674034.807133842259645,-232608.55949404896819],[12674129.838818743824959,-232624.349247442296473],[12674129.822700697928667,-232624.353719391307095],[12674034.701015040278435,-232608.546276953420602],[12673976.099212232977152,-232587.548689288174501],[12673917.497509518638253,-232545.448365957534406],[12673869.936866907402873,-232482.350531864736695],[12673838.512488322332501,-232387.769625378103228],[12673835.964736195281148,-232372.620632268168265],[12673826.622678067535162,-232319.534352522168774],[12673824.92377619817853,-232304.807009355019545],[12673812.184314791113138,-232214.177629309095209],[12673812.184314791113138,-232145.757746772724204],[12673814.441241342574358,-232135.676656621799339],[12673821.579332215711474,-232103.790086081833579],[12673827.471728559583426,-232077.469611651002197],[12673828.725432047620416,-232064.531828253500862],[12676996.31034092977643,-230406.456699688773369],[12677075.679992690682411,-230513.164142701134551],[12677393.69439953379333,-230829.59778812516015],[12677426.079653780907393,-230836.317206138046458],[12678079.195996407419443,-230971.829274434770923]]]]}},
{"type":"Feature","properties":{"ID":5,"NAMOBJ":"KTH Petuk Barunai","WADMKD":"Petuk Barunai","WADMKC":"Rakumpit","SKEMA":"Community Forest (HKm)","LUAS":4001224.2546040001,"SK":"Sudah","KETERANGAN":"SK.7843/MENLHK-PSKL/PKPS/PSL.0/10/2022"},"geometry":{"type":"MultiPolygon","coordinates":[[[[12660877.948909902945161,-190795.475142212875653],[12660219.229586660861969,-190796.913731602602638],[12660218.863806363195181,-190492.789015192276565],[12660218.234676184132695,-189968.341122146870475],[12660218.002180203795433,-189774.091500240727328],[12660216.904826605692506,-188854.024199165578466],[12661236.011370960623026,-188854.076960827485891],[12662216.606068708002567,-188854.261080714990385],[12662353.636775095015764,-189983.218996031850111],[12662191.901520883664489,-190792.599469939043047],[12661245.163544293493032,-190794.672287747816881],[12660877.948909902945161,-190795.475142212875653]]]]}},
{"type":"Feature","properties":{"ID":6,"NAMOBJ":"LPHD Tambak","WADMKD":"Tambak","WADMKC":"Banama Tingang","SKEMA":"Village Forest (HD)","LUAS":5887454.2799540004,"SK":"Sudah","KETERANGAN":"SK. 6602/MENLHK-PSKL/PKPS/PSL.0/12/2016"},"geometry":{"type":"MultiPolygon","coordinates":[[[[12670647.852280769497156,-190447.08028610740439],[12670643.777876095846295,-190413.242526437301422],[12670637.203569602221251,-190358.643175201577833],[12670636.979260820895433,-190358.698548570740968],[12670496.278771543875337,-189053.599898409418529],[12670401.453044429421425,-188640.665320580330444],[12672781.041522763669491,-188671.699076676712139],[12672782.217056579887867,-188674.997630865487736],[12672794.510179275646806,-188709.492851850867737],[12672795.784119522199035,-188712.444241657038219],[12673024.457842031493783,-189347.119669819163391],[12673032.874708727002144,-189370.480486782791559],[12673041.291464101523161,-189393.841190711857053],[12673062.464319935068488,-189452.606183755735401],[12673054.196844002231956,-189529.117786543094553],[12673034.012839199975133,-189715.910148459603079],[12673025.67923947609961,-189789.611425047187367],[12673022.547376925125718,-189817.310338567564031],[12673021.599825417622924,-189826.874371046840679],[12673021.466575991362333,-189828.219803541520378],[12673019.999385099858046,-189843.029397213365883],[12673010.765989933162928,-189925.832549915125128],[12673009.455759527161717,-189937.583001021906966],[12673006.835298726335168,-189961.083790801785653],[12673012.211696160957217,-190498.987100515281782],[12673015.492170244455338,-190827.33148794824956],[12673019.670436006039381,-191085.975360224256292],[12670738.310053713619709,-191125.415541800815845],[12670705.187384501099586,-190923.245560976269189],[12670698.32776615768671,-190866.277557615481783],[12670647.852280769497156,-190447.08028610740439]]]]}},
{"type":"Feature","properties":{"ID":7,"NAMOBJ":"LDPH Oroi Lestari Desa Goha","WADMKD":"Goha","WADMKC":"Banama Tingang","SKEMA":"Village Forest (HD)","LUAS":4170691.985969,"SK":"Sudah","KETERANGAN":"SK.10255/MENLHK-PSKL/PKPS/PSL.0/12/2022"},"geometry":{"type":"MultiPolygon","coordinates":[[[[12692720.185628270730376,-178364.078193430235842],[12692362.831715054810047,-178671.10288095701253],[12692171.179555013775826,-178945.908647512522293],[12691496.544365096837282,-179719.112289557757322],[12690830.193583337590098,-180021.973882495396538],[12690760.835974568501115,-180324.695113630499691],[12690903.203307760879397,-180688.433450621902011],[12689699.459690043702722,-180886.451959238824202],[12689531.22080191411078,-180370.383922512672143],[12689483.014500051736832,-179961.441495613893494],[12689460.792059810832143,-179526.953333030483918],[12689693.242272617295384,-179199.356294561672257],[12689977.828891946002841,-178917.24046282080235],[12690000.212093643844128,-178675.180539092281833],[12692720.185628270730376,-178364.078193430235842]]]]}},
{"type":"Feature","properties":{"ID":8,"NAMOBJ":"LDPH Palangka Bulau Lembayung Nyahu Desa Kasali Baru","WADMKD":"Kasali Baru","WADMKC":"Banama Tinggang","SKEMA":"Village Forest (HD)","LUAS":3157780.4325299999,"SK":"Sudah","KETERANGAN":"SK. 10254/MENLHK-PSKL/PKPS/PSL.0/12/2022"},"geometry":{"type":"MultiPolygon","coordinates":[[[[12670807.159957379102707,-185945.792374530603411],[12672921.454356042668223,-186092.129232429550029],[12672925.982824230566621,-186091.782066873041913],[12673407.279682721942663,-186054.883970573166152],[12673432.174847116693854,-186096.601765002298634],[12673444.09840096347034,-186111.7786178936949],[12673599.740320833399892,-186366.770370446232846],[12673597.278861181810498,-186994.74034740778734],[12673565.715942511335015,-187113.169127254222985],[12672612.975037721917033,-187103.451739571988583],[12670431.142006039619446,-187081.182210240367567],[12670687.646422747522593,-186332.303998675080948],[12670811.426855286583304,-185970.097532023035455],[12670807.159957379102707,-185945.792374530603411]]]]}},
{"type":"Feature","properties":{"ID":9,"NAMOBJ":"LDPH Habangkalan Penyang Karuhei Tatau Desa Pahawan","WADMKD":"Pahawan","WADMKC":"Banama Tinggang","SKEMA":"Village Forest (HD)","LUAS":5230714.8283310002,"SK":"Sudah","KETERANGAN":"SK. 10253/MENLHK-PSKL/PSL.0/12/2022"},"geometry":{"type":"MultiPolygon","coordinates":[[[[12671558.77170891687274,-182932.564153617073316],[12671561.444218549877405,-184072.605085106828483],[12672812.228735474869609,-184071.24662605280173],[12672816.591056451201439,-184933.389256805938203],[12673109.762651320546865,-184934.708654544956516],[12673132.021380765363574,-184964.272398568777135],[12673167.681636588647962,-184994.873695236630738],[12673195.663575541228056,-185019.566904878825881],[12673277.124738704413176,-185264.319940412911819],[12673280.609220555052161,-185609.486768055561697],[12673225.695877309888601,-185760.896751555032097],[12673411.269334562122822,-186060.003009605570696],[12672932.056840661913157,-186095.472595732775517],[12672917.990948751568794,-186092.322106334439013],[12670852.963153213262558,-185952.43168629478896],[12670813.012597262859344,-185950.004321782238549],[12671199.731152772903442,-184300.864733423572034],[12671241.449080942198634,-184115.161438987532165],[12671143.254157934337854,-184002.218647554807831],[12670926.596575463190675,-183874.51908660584013],[12670764.780432667583227,-183827.667162303085206],[12670486.19125103764236,-183828.608511925762286],[12670296.720010498538613,-183764.5203507928818],[12670263.472385115921497,-183687.836261085205479],[12670334.857722958549857,-183422.205599775887094],[12670536.894335299730301,-183372.272538998076925],[12670541.228992907330394,-183345.62922908514156],[12670542.072806265205145,-183228.544405507098418],[12670477.400315582752228,-183122.076085916836746],[12670154.396243566647172,-182853.171335917402757],[12671558.77170891687274,-182932.564153617073316]]]]}},
{"type":"Feature","properties":{"ID":11,"NAMOBJ":"LPHD Bahu Palawa","WADMKD":"Bahu Palawa","WADMKC":"Kahayan Tengah","SKEMA":"Village Forest (HD)","LUAS":3962393.2033859999,"SK":"Sudah","KETERANGAN":"SK. 10384/MENLHK-PSKL/PKPS/PSL.0/12/2019"},"geometry":{"type":"MultiPolygon","coordinates":[[[[12671497.123370207846165,-216752.648076490906533],[12674278.43862128816545,-216746.503317953116493],[12674342.784737873822451,-217170.831785592250526],[12674425.942846516147256,-218104.139354439044837],[12671390.916227031499147,-218111.407076469768072],[12671497.123370207846165,-216752.648076490906533]]]]}},
{"type":"Feature","properties":{"ID":19,"NAMOBJ":"LPHD Penda Barania","WADMKD":"Penda Barania","WADMKC":"Kahayan Tengah","SKEMA":"Village Forest (HD)","LUAS":5126570.2652310003,"SK":"Sudah","KETERANGAN":"SK. 10882/MENLHK-PSKL/PKPS/PSL.0/12/2019"},"geometry":{"type":"MultiPolygon","coordinates":[[[[12683018.388657530769706,-233818.778502212488092],[12683000.764221796765924,-233839.095207589765778],[12682979.605837495997548,-233862.657986057951348],[12682963.845557946711779,-233880.208848323731218],[12682958.29928695037961,-233886.385297233442543],[12682915.834240801632404,-233928.485478887450881],[12682867.302616365253925,-233972.998547341616359],[12682847.040910558775067,-233991.582581578782992],[12682827.650391099974513,-234008.991216412483482],[12682802.338565291836858,-234031.715933868836146],[12682788.43921366520226,-234044.194570774125168],[12682740.87851782515645,-234112.587381741264835],[12682711.252727773040533,-234150.057196319889044],[12682703.509121352806687,-234159.85109872565954],[12682675.195231510326266,-234212.47894970420748],[12682661.044186521321535,-234238.781874468375463],[12682639.811774771660566,-234307.174609765323112],[12682619.428396770730615,-234370.271908115391852],[12682624.524380415678024,-234454.366280655260198],[12682625.3736368175596,-234522.574727685860125],[12682651.701920902356505,-234623.63537840556819],[12682655.948314195498824,-234638.467853775859112],[12682712.002130597829819,-234796.250263422291027],[12682748.52193670347333,-234854.051879758364521],[12682770.603938806802034,-234901.236168498639017],[12682781.576144421473145,-234944.095464711426757],[12682781.64471722394228,-234944.363427823613165],[12682784.830235773697495,-234955.429806753643788],[12682785.89144448004663,-234959.116978903999552],[12682783.521897800266743,-235010.505440930632176],[12682782.592046095058322,-235030.672280728700571],[12682780.795460823923349,-235069.635530214145547],[12682780.795460823923349,-235132.732554383575916],[12682764.658810082823038,-235190.507650220941287],[12682764.464000968262553,-235190.700804395339219],[12682722.193763930350542,-235232.607519184384728],[12682690.769830150529742,-235279.923532524524489],[12682685.072498608380556,-235307.057920424966142],[12682679.728717783465981,-235332.508726016996661],[12682679.534910544753075,-235333.012053547776304],[12682670.533950470387936,-235356.393632516497746],[12682653.400433691218495,-235400.900813821266638],[12682616.031371183693409,-235443.000742674805224],[12682611.063516270369291,-235447.38703764762613],[12682587.617516444995999,-235468.088867745187599],[12682568.470452709123492,-235484.994912981492234],[12682510.718012198805809,-235527.094600590033224],[12682501.739538667723536,-235535.018547141808085],[12682491.684049071744084,-235543.593227084289538],[12682330.963973892852664,-235442.627252882928587],[12682247.302478492259979,-235498.770162873930531],[12682196.777344616129994,-235583.7233512972889],[12682143.778357682749629,-235648.310280014935415],[12682106.496235705912113,-235715.941232417040737],[12682079.723341573029757,-235783.516135290672537],[12682067.399494698271155,-235835.287347103789216],[12682048.791885213926435,-235892.139096722123213],[12682035.2129110917449,-235945.178590976749547],[12682027.917699582874775,-235993.137629545177333],[12682008.720096798613667,-236076.47065431959345],[12682256.941410565748811,-236086.133175574126653],[12682319.625415835529566,-236152.871564506465802],[12682399.459747130051255,-236210.751960553898243],[12682418.14427837356925,-236223.13408670964418],[12682432.08437293022871,-236232.304545835591853],[12682436.900388069450855,-236235.472785701305838],[12682463.157427679747343,-236252.745946227747481],[12682537.04629628919065,-236279.03839851601515],[12682600.743976842612028,-236279.03839851601515],[12682653.400322370231152,-236273.848351713997545],[12682700.961352167651057,-236258.067708971881075],[12682701.028366500511765,-236258.007044790399959],[12682748.522048020735383,-236215.177905548218405],[12682761.092467557638884,-236201.19165820843773],[12682780.795460823923349,-236179.269448349863524],[12682786.886195449158549,-236170.083074507012498],[12682794.460150962695479,-236158.660190622904338],[12682812.219617253169417,-236131.874560907715932],[12682828.356379311531782,-236047.675356580526568],[12682833.99048138037324,-236038.532291643146891],[12682839.609110036864877,-236029.414199121063575],[12682844.493141373619437,-236021.488507009082241],[12682892.05405986495316,-235963.581638755043969],[12682928.573865968734026,-235921.587583470565733],[12682976.984040845185518,-235853.195478401466971],[12683018.599830608814955,-235779.481679873890243],[12683067.009671520441771,-235727.0020375707536],[12683093.337955610826612,-235695.387832874170272],[12683140.898874100297689,-235642.802637998043792],[12683183.363808929920197,-235600.703088743932312],[12683183.52143732085824,-235600.61590437052655],[12683193.444122774526477,-235595.124946325056953],[12683208.209317393600941,-235586.954366847756319],[12683212.419865818694234,-235584.624367061740486],[12683230.924838727340102,-235574.384235323232133],[12683278.485757214948535,-235527.094600590033224],[12683278.650844020769,-235527.045870139991166],[12683331.991581784561276,-235511.287370379490312],[12683379.552500260993838,-235511.287370379490312],[12683432.208957120776176,-235521.90453143362538],[12683512.042954459786415,-235527.094600590033224],[12683574.891378611326218,-235579.811435607116437],[12683578.460838086903095,-235586.70408469621907],[12683582.670495942234993,-235594.832563745818334],[12683602.068919086828828,-235632.290901108965045],[12683628.397203179076314,-235674.390774250117829],[12683658.972214525565505,-235716.490305754909059],[12683672.560873445123434,-235785.435736459767213],[12683674.704107603058219,-235794.991862592112739],[12683675.793257499113679,-235799.84931950547616],[12683675.958121668547392,-235800.58403209008975],[12683674.729488445445895,-235809.278701689734589],[12683672.158898761495948,-235827.469604381098179],[12683669.317468766123056,-235847.57877966191154],[12683652.17771808244288,-235968.877000910986681],[12683630.121430771425366,-236009.181616755959112],[12683623.371907407417893,-236021.515358403616119],[12683614.808432940393686,-236037.163865072419867],[12683567.247737100347877,-236100.260429528920213],[12683514.676773611456156,-236147.57808641862357],[12683514.590834962204099,-236147.655215064907679],[12683453.923493592068553,-236184.68867386697093],[12683445.797616040334105,-236189.649436938489089],[12683398.236920200288296,-236210.751960553898243],[12683339.635223293676972,-236237.070607541973004],[12683317.773077189922333,-236246.722180449694861],[12683292.151894506067038,-236258.033564653771464],[12683292.074304819107056,-236258.067708971881075],[12683249.60925866663456,-236294.845448714244412],[12683224.575731577351689,-236316.970520906557795],[12683196.103434089571238,-236342.1349859549955],[12683192.101832365617156,-236370.143258681782754],[12683184.21317664720118,-236425.359112599195214],[12683164.67927767150104,-236535.08633521955926],[12683170.485479673370719,-236630.542629943811335],[12683171.473774116486311,-236646.789545459556393],[12683185.911800755187869,-236702.851735052943695],[12683207.993580223992467,-236789.948461216117721],[12683211.390605809167027,-236804.596219234896125],[12683217.335845852270722,-236942.749401042645331],[12683241.965617144480348,-237085.276019422250101],[12683244.513497648760676,-237100.503429714299273],[12683270.511830776929855,-237143.47599956751219],[12683281.009704031050205,-237160.828187134582549],[12683286.129176093265414,-237169.290078257326968],[12683323.498572554439306,-237231.88578319910448],[12683357.470498153939843,-237261.8400172420952],[12683391.390771517530084,-237291.592917363828747],[12683398.907286174595356,-237298.186157573916717],[12683406.619611816480756,-237304.951002103945939],[12683406.995983008295298,-237305.281172389397398],[12682575.976280692964792,-237159.304408001917182],[12682575.76165671646595,-237159.266727896407247],[12680237.550299154594541,-233878.855322526796954],[12680325.476221587508917,-233868.777859102963703],[12680452.383335402235389,-233856.479878800164443],[12680813.84696152806282,-233821.452293928712606],[12682049.073746170848608,-233701.752752899075858],[12682049.231263257563114,-233704.061671985604335],[12682049.547967199236155,-233708.711334355728468],[12682112.396280031651258,-233765.723005172767444],[12682204.970013856887817,-233828.372526821593056],[12682255.927957920357585,-233834.115703320509056],[12682303.468727581202984,-233827.409621505677933],[12682336.611434293910861,-233822.734768046386307],[12682378.856179175898433,-233807.809513550717384],[12682401.970558242872357,-233799.643049888691166],[12682417.295021988451481,-233794.228833665401908],[12682521.750552974641323,-233777.774574619281339],[12682526.005406554788351,-233777.104275635210797],[12682526.066854909062386,-233777.082617444364587],[12682530.897675536572933,-233775.375819198583486],[12682530.90880748257041,-233775.371841166983359],[12682544.587746514007449,-233770.538969910528976],[12682589.582973370328546,-233754.641965196846286],[12682606.68910556845367,-233748.598444376373664],[12682646.081065855920315,-233729.154797095281538],[12682664.441323425620794,-233720.092608499515336],[12682676.873929433524609,-233712.609589621075429],[12682689.817937191575766,-233704.818935557530494],[12682721.344507532194257,-233685.843365867680404],[12682759.101852428168058,-233635.979320875107078],[12682761.583163874223828,-233632.702411470236257],[12682778.06000698544085,-233631.105560403695563],[12683070.443877814337611,-233602.769435209484072],[12683086.624722393229604,-233601.201203648233786],[12683079.609368089586496,-233629.039963740215171],[12683037.28436185605824,-233796.995115071651526],[12683018.388657530769706,-233818.778502212488092]]]]}},
{"type":"Feature","properties":{"ID":20,"NAMOBJ":"LPHD Bukit Liti","WADMKD":"Bukit Liti","WADMKC":"Kahayan Tengah","SKEMA":"Village Forest (HD)","LUAS":8943190.4801829997,"SK":"Sudah","KETERANGAN":"SK. 10878/MENLHK-PSKL/PKPS/PSL.0/12/2019"},"geometry":{"type":"MultiPolygon","coordinates":[[[[12698342.196727309376001,-217521.519986447849078],[12698301.546634141355753,-217536.750809081859188],[12698098.563780326396227,-217612.843238868139451],[12698079.879360383376479,-217616.426661194709595],[12697987.825711220502853,-217634.121424154087435],[12695645.905744822695851,-218084.273104182502721],[12695277.69571228325367,-218155.159166081604781],[12694937.043264968320727,-218220.739375217177439],[12694611.761256342753768,-218294.09131442187936],[12694611.845413874834776,-218294.012410013412591],[12694615.576731886714697,-218290.513983013341203],[12694615.583299731835723,-218290.508015452040127],[12694594.350665342062712,-218295.145251870970242],[12694459.331922875717282,-218325.27999211900169],[12694294.97247957251966,-218361.963017625821522],[12694294.733253996819258,-218362.046231907443143],[12693862.727023152634501,-218512.455380540894112],[12693639.31258999556303,-218590.239549529302167],[12693596.422971306368709,-218574.220100450504106],[12693545.04000941477716,-218535.014830660336884],[12693281.332373380661011,-218334.350682036572834],[12693262.64784212037921,-218320.017488820274593],[12693201.498264720663428,-218328.237912319600582],[12692937.365610856562853,-218363.649294834758621],[12692850.737005759030581,-218375.453124359861249],[12692738.204911759123206,-218390.207910235621966],[12692566.646103024482727,-218412.972371599578764],[12692516.537304045632482,-218419.506514351902297],[12692216.309973206371069,-218430.677889964106726],[12692012.052956491708755,-218430.677889964106726],[12691893.150938589125872,-218430.677889964106726],[12691857.480388870462775,-218427.305447243270464],[12691649.189599100500345,-218408.545660218951525],[12691192.053661124780774,-218375.453013851103606],[12691193.327490052208304,-218398.428330675960751],[12691209.039679583162069,-218694.997887566540157],[12691214.135329272598028,-218795.330017598113045],[12691274.010855108499527,-218998.733769726066384],[12691243.01171650364995,-219003.581620690703858],[12691106.428935196250677,-219024.813898020307533],[12688183.890995109453797,-219043.909352842048975],[12688346.72569533623755,-217955.461470628593815],[12688411.904370388016105,-217521.327255566749955],[12698342.196727309376001,-217521.519986447849078]]]]}},
{"type":"Feature","properties":{"ID":0,"NAMOBJ":"KT Hapakat Maju","WADMKD":"Pahawan","WADMKC":"Banama Tingang","SKEMA":"Community Forest (HKm)","LUAS":886185.33088300005,"SK":"Sudah","KETERANGAN":"SK. 10283/MENLHK-PSKL/PKPS/PSL.0/9/2023"},"geometry":{"type":"MultiPolygon","coordinates":[[[[12689699.459690043702722,-180886.451959238824202],[12690903.203307760879397,-180688.433450618176721],[12690945.58413845859468,-180744.252548674325226],[12690961.537091953679919,-180802.356430070038186],[12690951.102519288659096,-180897.49016504586325],[12690307.15920059941709,-181743.950692707614508],[12689995.112096413969994,-181733.850351318746107],[12689719.69653731584549,-181464.760192381072557],[12689671.59986237809062,-181131.915918208862422],[12689699.459690043702722,-180886.451959238824202]]]]}},
{"type":"Feature","properties":{"ID":4,"NAMOBJ":"KTH Panjehang","WADMKD":"Panjehang","WADMKC":"Rakumpit","SKEMA":"Community Forest (HKm)","LUAS":5955123.1704679998,"SK":"Sudah","KETERANGAN":"SK.7868/MENLHK-PSKL/PKPS/PSL.0/10/2022"},"geometry":{"type":"MultiPolygon","coordinates":[[[[12661790.604817355051637,-192798.478839450806845],[12661741.291253231465816,-193044.811021270026686],[12661743.55830505490303,-193256.480174704076489],[12661750.006415419280529,-193854.81009506326518],[12661753.420127291232347,-194171.656189392524539],[12661759.551323242485523,-194740.546867160446709],[12661762.170324966311455,-194991.007622729113791],[12661707.549425013363361,-194964.206924127764069],[12661578.24281956627965,-195045.028072017623344],[12661511.102583756670356,-195061.283612198400078],[12661432.427756294608116,-195060.503207478381228],[12661313.115637380629778,-194977.734644972078968],[12661246.345761513337493,-194923.971020722412504],[12661170.799568340182304,-194916.503290836553788],[12661054.440469117835164,-194933.472335326310713],[12660980.403943294659257,-194925.059896554448642],[12660909.976220289245248,-194896.1472130031907],[12660799.287465734407306,-194894.054342981457012],[12660673.457321152091026,-194928.415616852231324],[12660604.845599856227636,-194964.270253982511349],[12660529.902201700955629,-195081.356292519165436],[12660486.447959901764989,-195134.969889718166087],[12660422.504273915663362,-195189.123503589158645],[12660342.815307851880789,-195226.435272507515037],[12660285.632681729272008,-195249.025098540150793],[12660244.352902313694358,-195265.332544921227964],[12660150.898631323128939,-195354.905791711615166],[12660071.354633744806051,-195439.000540809589438],[12659991.456058626994491,-195497.163566328643356],[12659889.154129188507795,-195519.152809696621262],[12659817.966079365462065,-195513.354526232084027],[12659748.19836962223053,-195538.958287461835425],[12659709.180888120085001,-195575.28697552435915],[12659632.745363503694534,-195625.339957008807687],[12659602.349974259734154,-195550.943281660845969],[12659527.610227014869452,-195357.343378731311532],[12659400.253716444596648,-195298.16764392744517],[12659389.02874780446291,-195250.339176467939978],[12659302.095389157533646,-194879.921080177067779],[12659304.04433448985219,-194626.856218430504669],[12659307.591308623552322,-194166.449716320901643],[12659307.647501425817609,-194159.15738046343904],[12659311.873607791960239,-193610.86706955495174],[12659315.215049704536796,-193177.556221274746349],[12659322.660931704565883,-192803.75016385820345],[12659959.243680207058787,-192803.752907439862611],[12660680.044415252283216,-192803.753676573076518],[12661777.847238168120384,-192803.750078372366261],[12661777.128446878865361,-192073.445287393085891],[12661776.248467633500695,-191173.721500917570665],[12662115.602617837488651,-191174.149791287229164],[12661992.78756170719862,-191788.291189807001501],[12661899.357105046510696,-192255.223455687839305],[12661790.604817355051637,-192798.478839450806845]],[[12659478.789059035480022,-193244.925989990879316],[12659495.814472133293748,-193311.496695979702054],[12659840.511218104511499,-193303.181592658569571],[12659863.4392408169806,-193136.023591422301251],[12659534.715090410783887,-193141.252135885937605],[12659478.789059035480022,-193244.925989990879316]],[[12659743.744247959926724,-193991.303164942772128],[12659713.659480687230825,-194142.29853299172828],[12659800.446406181901693,-194141.273567511088913],[12659800.765320129692554,-194141.26980102644302],[12659860.24543484300375,-194140.567312076600501],[12659866.809525644406676,-194140.489785962825408],[12659868.755106506869197,-194015.473180788772879],[12659870.43706208281219,-193907.402172853500815],[12659910.079075174406171,-193883.560543077765033],[12659908.052485471591353,-193880.018073556682793],[12659874.27872933074832,-193820.981640898884507],[12659768.80339577421546,-193865.531796085211681],[12659743.744247959926724,-193991.303164942772128]],[[12659813.042868841439486,-194273.229451382678235],[12659852.726608600467443,-194277.928358464385383],[12659878.013188218697906,-194204.954232246702304],[12659855.668537855148315,-194207.849376043333905],[12659827.469856740906835,-194211.503009935346199],[12659816.129001742228866,-194212.972415767784696],[12659813.042868841439486,-194273.229451382678235]]]]}},
{"type":"Feature","properties":{"ID":10,"NAMOBJ":"LPHD Pamarunan","WADMKD":"Pamarunan","WADMKC":"Kahayan Tengah","SKEMA":"Village Forest (HD)","LUAS":6238348.1460790001,"SK":"Sudah","KETERANGAN":"SK. 10888/MENLHK-PSKL/PKPS/PSL.0/12/2019"},"geometry":{"type":"MultiPolygon","coordinates":[[[[12688729.989573944360018,-213354.571082486771047],[12689239.652170235291123,-213437.817480098252418],[12689595.158645128831267,-213391.093272138299653],[12689821.556885920464993,-213394.921781399461906],[12690187.704836213961244,-213519.386694382526912],[12694178.316443718969822,-213516.379410754452692],[12691739.761474518105388,-214889.438208294595825],[12690895.182501619681716,-214891.716420463926625],[12688658.425390249118209,-214897.731607723544585],[12688657.463255891576409,-214890.524986783158965],[12688583.003206975758076,-214332.827342270611553],[12688574.085513887926936,-214265.797304539795732],[12688569.756521534174681,-214234.152097078767838],[12688569.414214098826051,-214231.64997831126675],[12688551.578939240425825,-214111.50160298103583],[12688523.322156300768256,-213921.04772479692474],[12688436.088529761880636,-213333.092502399638761],[12688729.989573944360018,-213354.571082486771047]]]]}},
{"type":"Feature","properties":{"ID":10,"NAMOBJ":"LPHD Pamarunan","WADMKD":"Pamarunan","WADMKC":"Kahayan Tengah","SKEMA":"Village Forest (HD)","LUAS":4193103.1521910001,"SK":"Sudah","KETERANGAN":"SK. 10888/MENLHK-PSKL/PKPS/PSL.0/12/2019"},"geometry":{"type":"MultiPolygon","coordinates":[[[[12674278.43862128816545,-216746.503317953116493],[12671497.123370207846165,-216752.648076490906533],[12671624.117424536496401,-215128.155353475536685],[12674034.916993776336312,-215140.494594593998045],[12674278.43862128816545,-216746.503317953116493]]]]}},
{"type":"Feature","properties":{"ID":12,"NAMOBJ":"LPHD Balukon","WADMKD":"Balukon","WADMKC":"Kahayan Tengah","SKEMA":"Village Forest (HD)","LUAS":7599481.3032050002,"SK":"Sudah","KETERANGAN":"SK. 10385/MENLHK-PSKL/PKPS/PSL.0/12/2019"},"geometry":{"type":"MultiPolygon","coordinates":[[[[12674031.091499485075474,-215115.264213518414181],[12674034.916993776336312,-215140.494594593998045],[12671624.117424536496401,-215128.155353475536685],[12671928.680204262956977,-211210.512819725874579],[12671926.313774535432458,-211042.495629602868576],[12673286.729567958042026,-211040.281360034015961],[12673341.035111755132675,-211479.393533853784902],[12673653.983588721603155,-213211.347423115250422],[12673730.439262153580785,-213634.491511861677282],[12673856.521832499653101,-214255.466796874679858],[12674031.091499485075474,-215115.264213518414181]]]]}},
{"type":"Feature","properties":{"ID":12,"NAMOBJ":"LPHD Balukon","WADMKD":"Balukon","WADMKC":"Kahayan Tengah","SKEMA":"Village Forest (HD)","LUAS":7226892.951502,"SK":"Sudah","KETERANGAN":"SK. 10385/MENLHK-PSKL/PKPS/PSL.0/12/2019"},"geometry":{"type":"MultiPolygon","coordinates":[[[[12692017.342636054381728,-212032.340460311359493],[12694750.697999607771635,-213515.941115629218984],[12694178.316443718969822,-213516.379410754452692],[12690187.704836213961244,-213519.386694382526912],[12689821.556885920464993,-213394.921781399461906],[12689595.158645128831267,-213391.093272138299653],[12689239.652170235291123,-213437.817480098252418],[12688729.989573944360018,-213354.571082486771047],[12688436.088529761880636,-213333.092502399638761],[12688413.567817535251379,-213181.29896022810135],[12688413.142911043018103,-213178.137173691677162],[12688405.074808308854699,-213121.224454649112886],[12688251.353166870772839,-212046.850946675695013],[12688251.356617774814367,-212046.851057188934647],[12688860.819475280120969,-212072.008126849890687],[12689519.312334600836039,-212043.119552552845562],[12692017.342636054381728,-212032.340460311359493]]]]}},
{"type":"Feature","properties":{"ID":13,"NAMOBJ":"LPHD Bukit Bamba","WADMKD":"Bukit Bamba","WADMKC":"Kahayan Tengah","SKEMA":"Village Forest (HD)","LUAS":7036536.6621270003,"SK":"Sudah","KETERANGAN":"SK. 10387/MENLHK-PSKL/PKPS/PSL.0/12/2019"},"geometry":{"type":"MultiPolygon","coordinates":[[[[12689519.312334600836039,-212043.119552552845562],[12688860.819475280120969,-212072.008126849890687],[12688251.356617774814367,-212046.851057188934647],[12688238.408825173974037,-211956.352020463062217],[12688237.827403470873833,-211952.288529927202035],[12688231.6729940995574,-211909.273257579829078],[12688220.356143342331052,-211830.176339413854294],[12688197.377017457038164,-211669.568223972368287],[12688191.151697574183345,-211626.057674878917169],[12688185.922464488074183,-211589.508739817480091],[12688181.106560684740543,-211555.849193265632493],[12688146.462710639461875,-211313.712960311910138],[12688139.016438575461507,-211256.474892731173895],[12688116.042099429294467,-211079.874962900619721],[12688101.87435651384294,-210970.969051339343423],[12688101.23749771155417,-210965.699383955536177],[12688100.943168977275491,-210963.639170860289596],[12688100.785429256036878,-210962.535682615358382],[12688040.724556466564536,-210542.159474375424907],[12688040.721550846472383,-210542.138145012024324],[12688040.718545215204358,-210542.116705135355005],[12687987.982606241479516,-210173.008302466158057],[12687891.822381073608994,-209499.968877971521579],[12687891.367418317124248,-209496.781834208406508],[12690327.599595023319125,-209486.562141161499312],[12690917.887002313509583,-211435.548636420135153],[12692017.342636054381728,-212032.340460311359493],[12689519.312334600836039,-212043.119552552845562]]]]}},
{"type":"Feature","properties":{"ID":13,"NAMOBJ":"LPHD Bukit Bamba","WADMKD":"Bukit Bamba","WADMKC":"Kahayan Tengah","SKEMA":"Village Forest (HD)","LUAS":3497416.9324750002,"SK":"Sudah","KETERANGAN":"SK. 10387/MENLHK-PSKL/PKPS/PSL.0/12/2019"},"geometry":{"type":"MultiPolygon","coordinates":[[[[12675415.473488733172417,-209540.891187254484976],[12674247.230202037841082,-209824.18483058855054],[12673455.98795940540731,-210016.057206758618122],[12673600.552236888557673,-211039.769456621521385],[12673286.733130179345608,-211040.281470547517529],[12673286.729567958042026,-211040.281360034015961],[12671926.313774535432458,-211042.495629602868576],[12671923.205845657736063,-210821.804575713380473],[12671923.206290947273374,-210821.790098285448039],[12671947.369188291952014,-210517.947109267784981],[12671902.698235118761659,-209364.896330285147997],[12671902.375297272577882,-209341.948780453007203],[12673076.555475035682321,-209340.827379561640555],[12673080.683869674801826,-209374.202066528203432],[12673094.094640044495463,-209482.615745645656716],[12673107.388191001489758,-209590.080369510338642],[12673107.394981494173408,-209590.078490749554476],[12673107.398877674713731,-209590.111313813191373],[12673107.403664410114288,-209590.110098144679796],[12673107.538027035072446,-209590.074512193707051],[12673200.440598636865616,-209565.472573333972832],[12673293.482319589704275,-209540.82355182946776],[12673386.524151874706149,-209516.184694652009057],[12673421.185033807530999,-209507.002963420614833],[12673421.828683104366064,-209506.832438130542869],[12673421.995439697057009,-209506.788452994602267],[12673422.233886042609811,-209506.72534869244555],[12673422.61637981981039,-209506.624006051948527],[12673423.293870236724615,-209506.444639527791878],[12673423.48745483532548,-209506.393470888899174],[12673479.720384290441871,-209491.505717290652683],[12673573.421116633340716,-209466.698428405623417],[12673666.048061169683933,-209442.175382138491841],[12673758.303643887862563,-209417.750691580265993],[12673851.643033172935247,-209393.03898928660783],[12673946.195470944046974,-209368.005904819787247],[12674040.022996187210083,-209343.165003649890423],[12674052.378346472978592,-209339.889986992842751],[12676253.162119111046195,-209337.757921726821223],[12675415.473488733172417,-209540.891187254484976]]]]}},
{"type":"Feature","properties":{"ID":13,"NAMOBJ":"LPHD Bukit Bamba","WADMKD":"Bukit Bamba","WADMKC":"Kahayan Tengah","SKEMA":"Village Forest (HD)","LUAS":1599165.4361449999,"SK":"Sudah","KETERANGAN":"SK. 10387/MENLHK-PSKL/PKPS/PSL.0/12/2019"},"geometry":{"type":"MultiPolygon","coordinates":[[[[12682420.084911063313484,-209331.649729219730943],[12683337.942833080887794,-209449.922625857609091],[12683418.932883329689503,-209423.37427109881537],[12683429.660965301096439,-209436.30745348308119],[12683429.660965301096439,-209553.77617719839327],[12683429.660853981971741,-209556.790926544927061],[12683429.660853981971741,-209568.381338245002553],[12683427.510940650478005,-209572.622034496045671],[12683413.256034575402737,-209600.740460903587518],[12683400.123451605439186,-209626.644376709999051],[12683400.11855355091393,-209626.654102057334967],[12683400.113544173538685,-209626.663937926961808],[12683376.155029403045774,-209673.922174978302792],[12683231.055973092094064,-209766.112489552295301],[12683230.924838727340102,-209766.19592858638498],[12683151.090396115556359,-209779.238609036692651],[12683072.209738900884986,-209765.884054488240508],[12683072.105543857440352,-209765.866482557030395],[12683059.266844339668751,-209770.128835536685074],[12683015.488896116614342,-209784.663250739395153],[12683006.709350518882275,-209787.57809075008845],[12682953.203637260943651,-209805.337118656811072],[12682913.28636029548943,-209897.729503833426861],[12682833.452362956479192,-210016.404887360404246],[12682814.645268943160772,-210110.579118281311821],[12682807.123856231570244,-210148.241327169147553],[12682856.383176190778613,-210333.144202950730687],[12682859.780535729601979,-210346.621611492184456],[12682977.833297245204449,-210558.268447579757776],[12683123.063487922772765,-210690.552438900078414],[12683281.88278279080987,-210770.125695744063705],[12683294.622185321524739,-210772.66830756564741],[12683348.128232525661588,-210783.392322652827716],[12683407.355433642864227,-210784.884271079296013],[12683571.283625230193138,-210789.013652707915753],[12683632.643930433318019,-210790.559090203751111],[12683632.769610142335296,-210790.542291970981751],[12683637.514492116868496,-210789.903517032449599],[12683811.846158029511571,-210766.436935852922034],[12683923.104423101991415,-210751.444399468717165],[12684081.923606667667627,-210672.424482434464153],[12684227.153908660635352,-210672.753705907060066],[12684307.837607668712735,-210751.984595400106627],[12684312.933146040886641,-210769.071716986538377],[12684341.809644589200616,-210871.041399832320167],[12684344.513038422912359,-210879.470351916563231],[12684344.596305407583714,-210879.730282363045262],[12684346.056037882342935,-210884.281717405625386],[12684342.239449143409729,-210906.999437314836541],[12684335.305358067154884,-210948.273552302678581],[12684310.154945503920317,-211097.97680012814817],[12684293.460584115236998,-211102.413737047318136],[12683822.655725866556168,-211227.542212644213578],[12683515.466585401445627,-211034.249696660786867],[12683013.922185603529215,-211024.16900060660555],[12682345.257841782644391,-211025.292491648142459],[12682358.656033055856824,-209331.711507394560613],[12682420.084911063313484,-209331.649729219730943]]]]}},
{"type":"Feature","properties":{"ID":14,"NAMOBJ":"LPHD Parahangan","WADMKD":"Parahangan","WADMKC":"Kahayan Tengah","SKEMA":"Village Forest (HD)","LUAS":13874606.313967999,"SK":"Sudah","KETERANGAN":"SK. 10388/MENLHK-PSKL/PKPS/PSL.0/12/2019"},"geometry":{"type":"MultiPolygon","coordinates":[[[[12673005.554122699424624,-207339.030654154455988],[12671874.140889538452029,-207341.231150763109326],[12671828.155698446556926,-204199.171481586672598],[12671828.173064293339849,-202826.048876003100304],[12671798.738409807905555,-202190.606528021889972],[12671775.450706291943789,-200601.570588147180388],[12673973.845006069168448,-200901.231950896733906],[12674901.071687754243612,-201005.178893584321486],[12674882.747831650078297,-201694.955664486857131],[12674882.346970163285732,-201710.044811689964263],[12674879.939018249511719,-201800.364821275608847],[12674876.988272516056895,-201908.692083475296386],[12674865.560992829501629,-201935.166501966887154],[12674857.564245879650116,-201953.680743954144418],[12674828.636095089837909,-202020.656818155228393],[12674806.344923658296466,-202072.136486634262837],[12674733.941057054325938,-202239.232983945868909],[12674714.239622253924608,-202284.694926102878526],[12674673.233084063977003,-202379.320736348279752],[12674632.369480105116963,-202473.616049884964013],[12674591.705360677093267,-202567.451559635373997],[12674551.358279161155224,-202660.555278452316998],[12674510.528071051463485,-202754.774203389970353],[12674469.839683962985873,-202848.665616546350066],[12674429.192707734182477,-202942.686735660478007],[12674388.461907928809524,-203036.676092281006277],[12674347.316331695765257,-203131.24540879559936],[12674306.901790572330356,-203224.13435193154146],[12674266.029726333916187,-203318.074949833244318],[12674224.990571532398462,-203412.399999066197779],[12674184.01720654964447,-203506.274419463443337],[12674141.740401657298207,-203599.269951693539042],[12674099.549980694428086,-203692.075459641928319],[12674057.222080150619149,-203785.183966987300664],[12674014.88939288072288,-203878.302488637622446],[12673972.574628034606576,-203971.382064868317684],[12673930.251959513872862,-204064.478839082992636],[12673888.112411554902792,-204157.172730849299114],[12673845.885589113458991,-204250.058771420852281],[12673803.561139471828938,-204343.15950624863035],[12673760.916757620871067,-204436.964420270029223],[12673718.14959036372602,-204531.039286542189075],[12673675.534262895584106,-204624.78012309136102],[12673633.422322167083621,-204717.413524840667378],[12673590.799536298960447,-204811.170741784531856],[12673561.210593013092875,-204876.257671176019358],[12673548.110849287360907,-204905.069820102798985],[12673463.334043925628066,-205091.530689422477735],[12673463.32324593514204,-205091.571691553515848],[12673461.752193957567215,-205097.499428129551234],[12673435.646660169586539,-205195.570751825929619],[12673408.03764533996582,-205300.023875693877926],[12673394.179815892130136,-205352.452940979128471],[12673129.77142365463078,-206350.084941151173552],[12673113.422486633062363,-206412.163978137105005],[12673107.393868297338486,-206435.06578158546472],[12673032.738787621259689,-206718.659281906438991],[12673031.9346156232059,-206721.720160015305737],[12673021.273436680436134,-206762.293699599453248],[12673000.333906497806311,-206842.50279700520332],[12672995.794520307332277,-206859.891526242456166],[12673005.554122699424624,-207339.030654154455988]]]]}},
{"type":"Feature","properties":{"ID":14,"NAMOBJ":"LPHD Parahangan","WADMKD":"Parahangan","WADMKC":"Kahayan Tengah","SKEMA":"Village Forest (HD)","LUAS":1837574.9336010001,"SK":"Sudah","KETERANGAN":"SK. 10388/MENLHK-PSKL/PKPS/PSL.0/12/2019"},"geometry":{"type":"MultiPolygon","coordinates":[[[[12688131.809392107650638,-206502.888807679206366],[12687462.561622828245163,-206503.599985179374926],[12687387.612881351262331,-205943.988380867958767],[12687378.270393084734678,-205876.32309447726584],[12687376.698450550436974,-205865.983856065140571],[12687368.078871069476008,-205809.290166218794184],[12687311.585565321147442,-205432.898006766045],[12687870.653755389153957,-205152.846438333101105],[12688466.634598044678569,-204726.829886001039995],[12688511.702739162370563,-204806.374259324860759],[12688609.670013640075922,-204979.284285062924027],[12688689.134096311405301,-205192.292351297539426],[12688593.777152571827173,-205200.181555060145911],[12688601.723583098500967,-205421.078692539042095],[12688681.187665769830346,-206028.544233750173589],[12688753.661663657054305,-206502.227031316811917],[12688131.809392107650638,-206502.888807679206366]]]]}},
{"type":"Feature","properties":{"ID":15,"NAMOBJ":"LPHD Sigi","WADMKD":"Sigi","WADMKC":"Kahayan Tengah","SKEMA":"Village Forest (HD)","LUAS":8225117.1026999997,"SK":"Sudah","KETERANGAN":"SK. 10024/MENLHK-PSKL/PKPS/PSL.0/12/2019"},"geometry":{"type":"MultiPolygon","coordinates":[[[[12675383.597152544185519,-222441.034499527479056],[12675379.302001301199198,-222505.667257780733053],[12674873.441410897299647,-222502.146255498635583],[12674194.219749208539724,-222497.41861750165117],[12674217.057499343529344,-222539.796399473969359],[12674095.388635484501719,-222539.795846934197471],[12675377.580222748219967,-224781.99663810437778],[12673100.979527922347188,-224794.213354461768176],[12671059.785047078505158,-222364.272253838920733],[12671090.353156602010131,-221971.364507900230819],[12671105.686748551204801,-221971.38307328344672],[12671134.121754,-221971.417220315313898],[12671170.7601153627038,-221971.461313087464077],[12671210.833462260663509,-221971.509605176164769],[12671231.472318489104509,-221971.53435901060584],[12671248.267312705516815,-221971.554582011885941],[12671293.365844057872891,-221971.608841542765731],[12671337.413185447454453,-221971.661774971347768],[12671383.043044727295637,-221971.716697546391515],[12671433.437044249847531,-221971.777256042289082],[12671482.505339957773685,-221971.836267420643708],[12671549.564423842355609,-221971.916938411683077],[12671609.745410367846489,-221971.989210778498091],[12671679.580357074737549,-221972.07319701029337],[12671726.53703336790204,-221972.129666701803217],[12671781.02558639831841,-221972.195087564381538],[12671833.667460396885872,-221972.258408760564635],[12671874.668432608246803,-221972.307695419702213],[12671889.747436868026853,-221972.32581876864424],[12671929.161215784028172,-221972.373116275324719],[12671997.541884671896696,-221972.455334382102592],[12672078.618096206337214,-221972.552692109864438],[12672152.418688461184502,-221972.641319688060321],[12672219.082588164135814,-221972.721327628329163],[12672264.845474231988192,-221972.776360710180597],[12672302.15286573395133,-221972.821116536855698],[12672342.748857634142041,-221972.869629633030854],[12672418.533163217827678,-221972.960135855828412],[12672498.684866387397051,-221973.056056972622173],[12672573.810939809307456,-221973.146010647527874],[12672657.92884511500597,-221973.246352096088231],[12672728.557165835052729,-221973.330559347756207],[12672799.582674514502287,-221973.415208633930888],[12672860.556589754298329,-221973.487923029751983],[12672927.347727634012699,-221973.567488935572328],[12674453.816022500395775,-221975.385680386360036],[12674521.005016235634685,-221975.465577818482416],[12674607.769876394420862,-221975.568792473553913],[12674685.804060202091932,-221975.661619368445827],[12674759.207909800112247,-221975.748920847167028],[12674840.416257562115788,-221975.845062978158239],[12674924.530266674235463,-221975.944630868412787],[12675008.517482904717326,-221976.044419774058042],[12675088.137746814638376,-221976.138904286868637],[12675092.363323362544179,-221976.143987665825989],[12675162.07114321924746,-221976.226426779787289],[12675241.029612768441439,-221976.319695701211458],[12675312.054898800328374,-221976.403681937779766],[12675371.83613702096045,-221976.474407185887685],[12675434.262103706598282,-221976.548116155114258],[12675440.570801891386509,-221976.555520208145026],[12675441.79275593906641,-222440.932390204747207],[12675429.328089913353324,-222440.954381283052498],[12675383.597152544185519,-222441.034499527479056]]]]}},
{"type":"Feature","properties":{"ID":15,"NAMOBJ":"LPHD Sigi","WADMKD":"Sigi","WADMKC":"Kahayan Tengah","SKEMA":"Village Forest (HD)","LUAS":4410453.5899369996,"SK":"Sudah","KETERANGAN":"SK. 10024/MENLHK-PSKL/PKPS/PSL.0/12/2019"},"geometry":{"type":"MultiPolygon","coordinates":[[[[12680293.644524522125721,-224776.972238112328341],[12680293.653986681252718,-224313.338773397234036],[12680293.695842806249857,-223246.903270806738874],[12680293.753506300970912,-222341.336875817010878],[12680293.769202349707484,-222139.425529480620753],[12680690.498620517551899,-221983.319616552296793],[12681979.19015283882618,-221984.161910026334226],[12681951.878472367301583,-222113.129129717242904],[12681917.388465851545334,-222249.251213318872033],[12681898.372425163164735,-222324.301737851521466],[12681878.838526196777821,-222390.643763372296235],[12681832.127309380099177,-222548.752951209433377],[12681778.621150858700275,-222693.846619941730751],[12681778.621150858700275,-222706.103810205910122],[12681778.621150858700275,-222865.576945664099185],[12681831.277719026431441,-223024.159915508615086],[12681950.179959580302238,-223182.848173326987308],[12682042.753693403676152,-223275.563373723067343],[12682114.944049216806889,-223348.491960936720716],[12682118.155059928074479,-223358.090410817560041],[12682124.206721404567361,-223376.179914787440794],[12682126.468065546825528,-223382.939318647637265],[12682138.724452804774046,-223419.576041325344704],[12682142.121589709073305,-223430.931664602743695],[12682121.738545663654804,-223612.041047435603105],[12682058.04097643122077,-223763.562301382451551],[12682033.663343777880073,-223817.70913070772076],[12682018.266856333240867,-223851.907428227277705],[12681998.589911820366979,-223895.613083445903612],[12681955.275609269738197,-223989.487364545464516],[12681944.234830854460597,-224012.962364362378139],[12681906.772259978577495,-224052.497338225453859],[12681899.262424493208528,-224060.422234102705261],[12681851.661097025498748,-224110.656809955660719],[12681831.785447234287858,-224139.579342850192916],[12681794.099458135664463,-224194.419050070311641],[12681777.771783145144582,-224218.178468369907932],[12681776.77346995100379,-224222.037036333116703],[12681763.333756504580379,-224273.98110860955785],[12681736.15610470995307,-224302.725589321082225],[12681732.352762974798679,-224314.132875276700361],[12681726.368449799716473,-224332.081720615475206],[12681720.019453952088952,-224351.1245813248388],[12681712.01190902851522,-224388.517198442219524],[12681703.882580572739244,-224426.476817989867413],[12681692.841802159324288,-224501.855213802249637],[12681692.841802159324288,-224571.80604478874011],[12681742.10134475491941,-224652.374654842802556],[12681769.27888523042202,-224684.623129402374616],[12681828.729838524013758,-224743.850778113293927],[12681851.656755575910211,-224766.426710856001591],[12681855.058122612535954,-224769.776053209614474],[12681883.085142124444246,-224797.677402070898097],[12681926.399555994197726,-224851.503899709699908],[12681974.809508232399821,-224894.475443600240396],[12682024.068939508870244,-224937.578811580082402],[12682030.014068234711885,-224944.771343174739741],[12682032.667924899607897,-224972.448668891302077],[12682020.054202070459723,-224969.490964946831809],[12681278.94146385230124,-224795.711270230385708],[12681189.779783748090267,-224774.803989615291357],[12680293.728793371468782,-224776.97201709554065],[12680293.644524522125721,-224776.972238112328341]],[[12681012.552252598106861,-223027.242524306348059],[12681025.29198907315731,-223027.242413798318012],[12681071.153838170692325,-223027.242524306348059],[12681167.124820221215487,-223027.242413798318012],[12681215.534995097666979,-223027.242413798318012],[12681287.038620967417955,-223023.158716874342645],[12681306.410104805603623,-223022.052093996258918],[12681368.409049918875098,-223017.230537851515692],[12681387.093915136530995,-223005.427222884871298],[12681419.367105299606919,-222987.35293262617779],[12681425.312234027311206,-222984.296844989235979],[12681446.139108885079622,-222980.645673867344158],[12681461.832374103367329,-222977.894476594316075],[12681519.584591956809163,-222962.112553578888765],[12681519.666857065632939,-222962.060504490858875],[12681524.181530339643359,-222959.202225065790117],[12681565.200647627934813,-222933.232491815782851],[12681579.885024284943938,-222923.935595178249059],[12681596.870820108801126,-222886.865363087912556],[12681561.922288617119193,-222884.696981812099693],[12681557.803133498877287,-222884.441488106385805],[12681556.107069743797183,-222884.51563874585554],[12681528.342096298933029,-222885.730007405567449],[12681528.339090678840876,-222885.730117911996786],[12681528.335973728448153,-222885.730117911996786],[12681505.995821718126535,-222886.707116118021077],[12681469.486702283844352,-222918.419495957234176],[12681469.481247626245022,-222918.424358297663275],[12681469.475681660696864,-222918.429110126773594],[12681458.709639737382531,-222920.670978580281371],[12681426.136220904067159,-222927.453495216992451],[12681413.422087907791138,-222930.100816059217323],[12681344.628757666796446,-222926.438593105267501],[12681298.009379431605339,-222936.351901164132869],[12681297.917206894606352,-222936.371571526600746],[12681271.588922806084156,-222955.736595733731519],[12681257.594838295131922,-222965.125654118513921],[12681239.966061098501086,-222976.953393846109975],[12681228.309017978608608,-222984.774348325736355],[12681228.274731572717428,-222984.797444414201891],[12681189.206599690020084,-222984.797444414201891],[12681140.796647448092699,-222984.797444414201891],[12681061.087995860725641,-222974.222529916733038],[12681060.962427474558353,-222974.205843269068282],[12681028.688903339207172,-222974.205953775497619],[12680990.122154431417584,-222970.720654376666062],[12680970.087317762896419,-222968.910208232759032],[12680921.677142875269055,-222952.996669874060899],[12680889.403730072081089,-222942.378545078274328],[12680809.569510098546743,-222878.724263764597708],[12680766.255318867042661,-222820.259954616281902],[12680718.694400375708938,-222783.13698954944266],[12680680.475970163941383,-222701.355401959328447],[12680665.188464492559433,-222655.827742802008288],[12680661.79121627099812,-222641.916247392800869],[12680649.051813747733831,-222581.502505090349587],[12680638.010924013331532,-222485.836064129485749],[12680638.011035334318876,-222443.443461752030998],[12680643.955941408872604,-222406.294009681703756],[12680647.66944831609726,-222390.838478389574448],[12680650.787395928055048,-222377.860423818405252],[12680654.14746343716979,-222363.875088192202384],[12680670.284225499257445,-222321.429635075270198],[12680680.332034068182111,-222307.666195256664651],[12680688.771387301385403,-222296.105952640617033],[12680697.462099945172668,-222284.201145303959493],[12680728.885922404006124,-222252.373949440865545],[12680751.817069590091705,-222234.879531849554041],[12680825.706272156909108,-222178.101372666744282],[12680879.142299408093095,-222142.599985243432457],[12680879.144748438149691,-222142.598327627085382],[12680879.147308783605695,-222142.596559497440467],[12680879.166901007294655,-222142.583740554284304],[12680911.105910081416368,-222121.364194605179364],[12680921.677142875269055,-222114.340961752197472],[12680921.801041476428509,-222114.312782184773823],[12680932.599032077938318,-222111.844914856017567],[12680991.319952150806785,-222098.427349922218127],[12681044.825776718556881,-222098.427349922218127],[12681066.630481982603669,-222089.141572681663092],[12681078.63294948451221,-222084.030681930715218],[12681082.132611630484462,-222082.540369190101046],[12681082.194839226081967,-222082.513515713770175],[12681078.924829190596938,-222080.636866503511555],[12681066.907667519524693,-222073.740053424524376],[12681066.501685339957476,-222073.4962724634388],[12681055.017410067841411,-222066.599790640204446],[12681053.526396805420518,-222066.654602684488054],[12681014.061856204643846,-222068.10214890021598],[12680974.9348363019526,-222069.538091746886494],[12680966.690292181447148,-222069.840663047041744],[12680956.498436197638512,-222070.209428728325292],[12680910.636253142729402,-222071.895893522305414],[12680878.800214610993862,-222078.241713086958043],[12680830.855689164251089,-222087.798788346670335],[12680830.802255801856518,-222087.809286614501616],[12680777.296097280457616,-222125.064337769581471],[12680768.364600570872426,-222131.399215209094109],[12680762.375389335677028,-222135.647146861127112],[12680739.927034778520465,-222151.569596145214746],[12680686.420876255258918,-222215.224459058896173],[12680661.79121627099812,-222255.298434094904223],[12680654.14746343716979,-222268.287548055552179],[12680616.778400933369994,-222332.047795507183764],[12680584.504876798018813,-222422.207705581502523],[12680584.504876798018813,-222469.948674578336067],[12680585.354244515299797,-222528.254957680474035],[12680586.972829919308424,-222534.355323636031244],[12680588.954539492726326,-222541.82455030750134],[12680597.244613286107779,-222573.07130922601209],[12680599.792271155864,-222586.903354681096971],[12680613.381375346332788,-222646.843348281021463],[12680616.778289616107941,-222661.018072880164254],[12680643.955941408872604,-222730.073716596321901],[12680671.133481899276376,-222772.677212562295608],[12680681.325226550921798,-222788.432740414340515],[12680728.885922404006124,-222856.724396986421198],[12680782.392080925405025,-222905.22930371601251],[12680857.130539892241359,-222963.588051218393957],[12680921.677142875269055,-223006.138670729153091],[12680970.087317762896419,-223027.242524306348059],[12681012.552252598106861,-223027.242524306348059]]]]}},
{"type":"Feature","properties":{"ID":15,"NAMOBJ":"LPHD Sigi","WADMKD":"Sigi","WADMKC":"Kahayan Tengah","SKEMA":"Village Forest (HD)","LUAS":111350.66212199999,"SK":"Sudah","KETERANGAN":"SK. 10024/MENLHK-PSKL/PKPS/PSL.0/12/2019"},"geometry":{"type":"MultiPolygon","coordinates":[[[[12683552.127210665494204,-222182.134033507987624],[12683551.960231425240636,-222182.185088241269113],[12683528.931568359956145,-222176.384850636823103],[12683287.827911516651511,-222115.658329032448819],[12683247.910745868459344,-222077.323058911017142],[12683137.550495134666562,-221971.221068254322745],[12683861.666973499581218,-221944.089313015283551],[12683857.466443832963705,-221959.368620952096535],[12683843.270425764843822,-222011.007222204119898],[12683758.359703054651618,-222095.693931345682358],[12683742.554895710200071,-222111.457473387767095],[12683724.486072558909655,-222129.478473765339004],[12683724.368185225874186,-222129.596164901857264],[12683637.842216700315475,-222155.988704372313805],[12683637.832086618989706,-222155.991798596922308],[12683637.821845231577754,-222155.99500332842581],[12683552.127210665494204,-222182.134033507987624]]]]}},
{"type":"Feature","properties":{"ID":15,"NAMOBJ":"LPHD Sigi","WADMKD":"Sigi","WADMKC":"Kahayan Tengah","SKEMA":"Village Forest (HD)","LUAS":0.77328,"SK":"Sudah","KETERANGAN":"SK. 10024/MENLHK-PSKL/PKPS/PSL.0/12/2019"},"geometry":{"type":"MultiPolygon","coordinates":[[[[12680293.644524522125721,-224776.972238112328341],[12680293.644524522125721,-224778.113438966393005],[12680292.289321035146713,-224776.975553303986089],[12680293.644524522125721,-224776.972238112328341]]]]}},
{"type":"Feature","properties":{"ID":16,"NAMOBJ":"LPHD Tuwung","WADMKD":"Tuwung","WADMKC":"Kahayan Tengah","SKEMA":"Village Forest (HD)","LUAS":8098739.3145430004,"SK":"Sudah","KETERANGAN":"SK. 10389/MENLHK-PSKL/PKPS/PSL.0/12/2019"},"geometry":{"type":"MultiPolygon","coordinates":[[[[12678489.920900253579021,-228878.017173971224111],[12676532.29307059571147,-228881.250632269540802],[12673100.979527922347188,-224794.213354461768176],[12675381.485867073759437,-224788.77798106559203],[12676007.74616782553494,-225883.844102885923348],[12676054.162165351212025,-225937.603756134398282],[12676118.866285419091582,-226057.279531845735619],[12676900.312524182721972,-226994.46907707475475],[12677016.922696409747005,-227258.68024742405396],[12678489.920900253579021,-228878.017173971224111]]]]}},
{"type":"Feature","properties":{"ID":16,"NAMOBJ":"LPHD Tuwung","WADMKD":"Tuwung","WADMKC":"Kahayan Tengah","SKEMA":"Village Forest (HD)","LUAS":4577543.5948860003,"SK":"Sudah","KETERANGAN":"SK. 10389/MENLHK-PSKL/PKPS/PSL.0/12/2019"},"geometry":{"type":"MultiPolygon","coordinates":[[[[12681189.779783748090267,-224774.803989615291357],[12681278.94146385230124,-224795.711270230385708],[12682020.054202070459723,-224969.490964946831809],[12682032.667924899607897,-224972.448668891302077],[12682034.260795494541526,-224989.060432926751673],[12682025.767786264419556,-225072.079006179206772],[12681991.79563801176846,-225130.147428905765992],[12681974.139587536454201,-225165.346889794396702],[12681965.009608183056116,-225183.548379628919065],[12681950.197102777659893,-225213.078859213826945],[12681950.179959580302238,-225213.113337166374549],[12681916.932501219213009,-225210.840223395091016],[12681865.322781546041369,-225207.311316429375438],[12681825.332924267277122,-225204.576949442736804],[12681708.978675538673997,-225179.442187331034802],[12681618.1033431943506,-225087.913459611852886],[12681510.242215022444725,-224996.358496104134247],[12681488.16054685972631,-224981.051039771002252],[12681481.366161746904254,-224969.85375747497892],[12681432.955875553190708,-224921.454486756789265],[12681375.20343504473567,-224870.526262784318533],[12681314.053968952968717,-224824.524625237449072],[12681243.56212592869997,-224802.973205482645426],[12681139.947279730811715,-224792.276285798987374],[12681092.383021665737033,-224801.781834825960686],[12681059.264026006683707,-224808.400400974642253],[12681010.004594730213284,-224851.503899709699908],[12680987.427332196384668,-224878.304481265251525],[12680960.865277180448174,-224909.835287229419919],[12680955.649179808795452,-224916.027184110484086],[12680934.416879365220666,-224969.85375747497892],[12680934.416768046095967,-225061.224299149296712],[12680977.73095927760005,-225152.726297691086074],[12681026.141245471313596,-225244.228802996978629],[12681132.303638219833374,-225373.301372551533859],[12681180.713701777160168,-225432.528908899810631],[12681225.726517114788294,-225490.544284730567597],[12681235.068782743066549,-225502.374071967584314],[12681365.011913018301129,-225610.000225715601118],[12681430.408217685297132,-225647.702223499101819],[12681500.89994939416647,-225669.253875217167661],[12681565.446886328980327,-225696.206503624445759],[12681635.938729370012879,-225717.65283744269982],[12681636.057952538132668,-225717.664551075606141],[12681647.81952466443181,-225718.81038731141598],[12681690.294032974168658,-225722.948614211287349],[12681690.415371213108301,-225722.948614211287349],[12681754.515471721068025,-225722.948614211287349],[12681531.677896166220307,-226685.659329550690018],[12681527.059361815452576,-226702.162200269929599],[12681517.020904090255499,-226728.839517493877793],[12681507.45366176776588,-226755.268414827965898],[12681506.228479461744428,-226758.653192879573908],[12681497.716545917093754,-226783.739888423355296],[12681411.801610069349408,-227013.124781419086503],[12681417.149398408830166,-227012.870067007141188],[12681408.326215568929911,-227030.344690343714319],[12681370.957153061404824,-227111.017636192467762],[12681359.916040688753128,-227180.967466470086947],[12681332.738500213250518,-227256.318423657736275],[12681332.738500213250518,-227288.803470760176424],[12681332.738388895988464,-227331.590117455518339],[12681341.231509445235133,-227368.369705020857509],[12681344.628868982195854,-227383.123662443133071],[12681348.737114790827036,-227399.428334374097176],[12681349.743220340460539,-227403.420435503416229],[12681356.518903788179159,-227430.310261042875936],[12681359.916040688753128,-227444.563626202056184],[12681372.65566585958004,-227500.154546414734796],[12681376.052802762016654,-227514.487027554190718],[12681388.79242791980505,-227575.030973622691818],[12681393.038709906861186,-227589.626892311061965],[12681399.83320633880794,-227614.866853534273105],[12681410.874096073210239,-227656.072541875677416],[12681414.27145561017096,-227670.484021575481165],[12681457.585646841675043,-227772.734274150396232],[12681476.270178090780973,-227993.279759474069579],[12681465.229399671778083,-228057.801818842650391],[12681460.133527345955372,-228122.455797530070413],[12681456.577314889058471,-228156.232817846990656],[12681456.005577996373177,-228161.661791846097913],[12681455.037988977506757,-228170.854105631064158],[12681452.890969956293702,-228180.367876411153702],[12681447.619435474276543,-228203.727301073871786],[12681438.051970515400171,-228246.125308282818878],[12681410.874096073210239,-228299.924484947259771],[12681378.600794589146972,-228364.473066264094086],[12681378.600794589146972,-228418.272097123757703],[12681391.340197106823325,-228473.546565025404561],[12681394.737667966634035,-228487.536405712045962],[12681427.860114529728889,-228547.447830929653719],[12681471.174639718607068,-228579.721914413326886],[12681541.666371440514922,-228617.397215840261197],[12681601.11732473038137,-228649.671397290716413],[12681664.787286734208465,-228692.18809158334625],[12681619.830576408654451,-228700.738459801446879],[12680707.098471656441689,-228874.328881021559937],[12680126.549293424934149,-228875.29733832841157],[12680252.346217954531312,-228758.393209892325103],[12680251.769916944205761,-228629.135522711119847],[12680293.769202349707484,-228590.885822890530108],[12680293.728793371468782,-224776.97201709554065],[12681189.779783748090267,-224774.803989615291357]],[[12680686.420876255258918,-227644.664581035933224],[12680734.831051133573055,-227687.082278765999945],[12680734.908529488369823,-227687.066587093373528],[12680750.951226586475968,-227683.823824985622196],[12680750.959686867892742,-227683.822167413251009],[12680761.15933520719409,-227681.760259117174428],[12680761.164121948182583,-227681.721029926760821],[12680764.09583205729723,-227657.316936145536602],[12680765.913568023592234,-227642.186290270794416],[12680766.255318867042661,-227639.342560139775742],[12680772.20022495649755,-227596.898551074118586],[12680782.392080925405025,-227565.072057524841512],[12680803.624381370842457,-227533.245668888936052],[12680821.98063144274056,-227518.920924573845696],[12680830.802255801856518,-227512.036803237628192],[12680830.9943932518363,-227511.782531548087718],[12680846.938683923333883,-227490.696213288261788],[12680861.380829375237226,-227485.828473424044205],[12680878.362951654940844,-227480.104873113770736],[12680926.773015215992928,-227512.036803237628192],[12680948.005426965653896,-227554.45442154497141],[12680991.319840835407376,-227591.602939419040922],[12680994.74291518330574,-227592.573171693453332],[12681012.47499686665833,-227597.598709560144925],[12681028.689014656469226,-227602.194052064733114],[12681071.154060808941722,-227628.724928516516229],[12681119.564235685393214,-227676.174795952654677],[12681126.358732130378485,-227709.344897130562458],[12681129.755646396428347,-227724.309669792477507],[12681156.933298194780946,-227756.136135322973132],[12681173.070060262456536,-227761.431742161570583],[12681225.369404193013906,-227766.659830466349376],[12681226.575884832069278,-227766.779949081712402],[12681229.973244370892644,-227754.76598736512824],[12681229.995730912312865,-227754.687308010907145],[12681232.761908933520317,-227744.981899634323781],[12681238.466253602877259,-227724.968277999258135],[12681230.679232580587268,-227704.2842218602309],[12681224.877372030168772,-227688.873781867441721],[12681205.343584386631846,-227644.664581035933224],[12681201.946447495371103,-227630.595553630002541],[12681199.398344341665506,-227617.712241617438849],[12681183.261582279577851,-227596.89866157702636],[12681173.070060262456536,-227576.243101043743081],[12681156.933298194780946,-227570.367780459491769],[12681135.700997760519385,-227538.541282244346803],[12681119.564235685393214,-227512.036803237628192],[12681117.865722900256515,-227500.075645936012734],[12681114.468252040445805,-227480.104873113770736],[12681113.618995642289519,-227447.356306125584524],[12681098.331601299345493,-227432.36521039789659],[12681056.078062169253826,-227418.464575987309217],[12681033.784998301416636,-227411.129922251449898],[12681007.456714227795601,-227395.216770355211338],[12680942.909777276217937,-227374.007888538297266],[12680873.266967998817563,-227347.477085265738424],[12680825.749352803453803,-227347.476974761142628],[12680825.706272156909108,-227347.477085265738424],[12680782.392080925405025,-227379.303506557072978],[12680782.280761437490582,-227379.35831700800918],[12680750.118556793779135,-227395.216770355211338],[12680733.741789903491735,-227409.043368254468078],[12680725.70352079346776,-227415.830028159107314],[12680718.694289058446884,-227421.747566636302508],[12680686.420876255258918,-227469.487342653534142],[12680675.380097838118672,-227501.419164147344418],[12680675.379986509680748,-227533.245668888936052],[12680675.379986509680748,-227570.36766995571088],[12680676.229465544223785,-227607.252630602772115],[12680683.023850670084357,-227630.727385844860692],[12680686.420876255258918,-227644.664581035933224]]]]}},
{"type":"Feature","properties":{"ID":16,"NAMOBJ":"LPHD Tuwung","WADMKD":"Tuwung","WADMKC":"Kahayan Tengah","SKEMA":"Village Forest (HD)","LUAS":248580.56599199999,"SK":"Sudah","KETERANGAN":"SK. 10389/MENLHK-PSKL/PKPS/PSL.0/12/2019"},"geometry":{"type":"MultiPolygon","coordinates":[[[[12681145.892408458516002,-224910.62607132823905],[12681152.849320029839873,-224913.071910396625753],[12681237.616997202858329,-224942.874389931210317],[12681246.109895111992955,-224948.828917912265752],[12681314.053968952968717,-224996.700844898354262],[12681394.737556645646691,-225050.527615560713457],[12681439.750371983274817,-225098.821097595355241],[12681465.229399671778083,-225125.87923315478838],[12681480.353265691548586,-225149.156833794841077],[12681493.948158515617251,-225170.080979121557903],[12681524.680352980270982,-225217.381309871503618],[12681566.939903344959021,-225252.079387174686417],[12681572.806329190731049,-225256.896132925874554],[12681590.076657636091113,-225271.076071170682553],[12681665.664261668920517,-225319.501328867481789],[12681742.10134475491941,-225367.900494285247987],[12681774.870129292830825,-225367.900383775588125],[12681790.848038448020816,-225559.614004661387298],[12681783.224100477993488,-225592.739958210178884],[12681789.797961698845029,-225591.964426888094749],[12681846.172489538788795,-225585.482585063640727],[12681774.3748688865453,-225593.876181206956971],[12681698.787042204290628,-225593.876070701662684],[12681624.89783963561058,-225593.876070701662684],[12681601.11732473038137,-225593.876070701662684],[12681530.625704342499375,-225577.751914262713399],[12681449.092637611553073,-225529.353135956509504],[12681378.600794589146972,-225464.803546445124084],[12681311.459000311791897,-225393.05114337024861],[12681303.013190539553761,-225384.024558741308283],[12681237.616997202858329,-225303.350847738940502],[12681186.658941822126508,-225252.554232473135926],[12681173.070060262456536,-225238.827699901594315],[12681107.673866916447878,-225168.877013138611801],[12681064.359564378857613,-225120.478126565518323],[12681026.141134154051542,-225072.079227190377424],[12680998.963371027261019,-225018.252573376696091],[12680998.963482344523072,-224980.576746299833758],[12681026.141134154051542,-224937.578811580082402],[12681048.22291362285614,-224916.027184110484086],[12681048.299278797581792,-224916.01768055773573],[12681081.405361404642463,-224911.889491475361865],[12681091.537216171622276,-224910.626181833387818],[12681092.23774972371757,-224910.62607132823905],[12681141.119473973289132,-224910.626181833387818],[12681145.209018103778362,-224910.626181833387818],[12681145.892408458516002,-224910.62607132823905]]]]}},
{"type":"Feature","properties":{"ID":16,"NAMOBJ":"LPHD Tuwung","WADMKD":"Tuwung","WADMKC":"Kahayan Tengah","SKEMA":"Village Forest (HD)","LUAS":16247.576038,"SK":"Sudah","KETERANGAN":"SK. 10389/MENLHK-PSKL/PKPS/PSL.0/12/2019"},"geometry":{"type":"MultiPolygon","coordinates":[[[[12681890.7077442612499,-228649.220208780170651],[12681876.77098929323256,-228651.870872220199089],[12681888.18090314604342,-228644.270285035920097],[12681920.454315949231386,-228617.397215840261197],[12681920.550718637183309,-228617.356439793948084],[12681935.96646435931325,-228610.852936762938043],[12681958.672746174037457,-228601.27321768872207],[12681998.014946643263102,-228571.839206916774856],[12682001.9872713573277,-228568.867306540021673],[12682018.215315412729979,-228563.488624215155141],[12682028.025568166747689,-228560.237590036995243],[12682034.260684175416827,-228558.170829557930119],[12682064.788607368245721,-228552.741867493576137],[12682094.561005184426904,-228547.447941432561493],[12682099.115308182314038,-228547.128805218322668],[12682099.124659022316337,-228547.128142193076201],[12682170.148720540106297,-228542.152247147780145],[12682224.503801506012678,-228563.598133900406538],[12682243.115418484434485,-228582.195109114021761],[12681890.7077442612499,-228649.220208780170651]]]]}},
{"type":"Feature","properties":{"ID":17,"NAMOBJ":"LPHD Petuk Liti","WADMKD":"Petuk Liti","WADMKC":"Kahayan Tengah","SKEMA":"Village Forest (HD)","LUAS":12339021.652455,"SK":"Sudah","KETERANGAN":"SK. 10874/MENLHK-PSKL/PKPS/PSL.0/12/2019"},"geometry":{"type":"MultiPolygon","coordinates":[[[[12694652.211197068914771,-220908.086669056210667],[12694402.169030385091901,-220908.441512925055576],[12694380.327033108100295,-220828.936356326157693],[12694369.910979676991701,-220791.109051461273339],[12694346.779680036008358,-220707.106130445405142],[12694331.567648988217115,-220680.776928087376291],[12694281.383486699312925,-220593.917741255369037],[12694168.07694298774004,-220398.515365755243693],[12694090.715574191883206,-220265.101835972775007],[12694072.599217614158988,-220248.645907862286549],[12694048.250528041273355,-220226.529142621322535],[12694037.652021955698729,-220217.036951299320208],[12694028.716517744585872,-220209.034424175421009],[12693928.380698466673493,-220118.203203288983786],[12693590.053047403693199,-219811.925093425408704],[12693390.361910920590162,-219557.381464644015068],[12693356.070721015334129,-219513.671142076491378],[12693307.066656660288572,-219168.026667650294257],[12693284.739640349522233,-219010.551152178173652],[12694352.571521824225783,-219003.550125352398027],[12695294.011921362951398,-218997.372618511202745],[12696341.279196709394455,-218990.495141339255497],[12697293.532503677532077,-218984.236519745754777],[12698245.527772068977356,-218977.97480367551907],[12698838.05782182700932,-218974.074906628637109],[12699388.122157515957952,-218970.452831590024289],[12699733.404382456094027,-218968.178425698250066],[12700523.658887257799506,-219917.393767877976643],[12700402.715603835880756,-220055.165149948326871],[12700224.787205180153251,-220596.657812431425555],[12700244.665192682296038,-220900.058644007571274],[12700227.220983196049929,-220900.083950528671267],[12699666.55869803763926,-220900.896411522990093],[12699179.953039940446615,-220901.600242324493593],[12698428.847262343391776,-220902.68400251318235],[12697677.772988172248006,-220903.764668443269329],[12697043.04706278629601,-220904.675482283928432],[12696344.849212791770697,-220905.674813704215921],[12695911.097158368676901,-220906.294436751486501],[12695318.695793939754367,-220907.13883476893534],[12694652.211197068914771,-220908.086669056210667]]]]}},
{"type":"Feature","properties":{"ID":17,"NAMOBJ":"LPHD Petuk Liti","WADMKD":"Petuk Liti","WADMKC":"Kahayan Tengah","SKEMA":"Village Forest (HD)","LUAS":8372533.8708300004,"SK":"Sudah","KETERANGAN":"SK. 10874/MENLHK-PSKL/PKPS/PSL.0/12/2019"},"geometry":{"type":"MultiPolygon","coordinates":[[[[12675435.460346698760986,-220027.225734436506173],[12675440.570801891386509,-221976.555520208145026],[12675434.262103706598282,-221976.548116155114258],[12675371.83613702096045,-221976.474407185887685],[12675312.054898800328374,-221976.403681937779766],[12675241.029612768441439,-221976.319695701211458],[12675162.07114321924746,-221976.226426779787289],[12675092.363323362544179,-221976.143987665825989],[12675088.137746814638376,-221976.138904286868637],[12675008.517482904717326,-221976.044419774058042],[12674924.530266674235463,-221975.944630868412787],[12674840.416257562115788,-221975.845062978158239],[12674759.207909800112247,-221975.748920847167028],[12674685.804060202091932,-221975.661619368445827],[12674607.769876394420862,-221975.568792473553913],[12674521.005016235634685,-221975.465577818482416],[12674453.816022500395775,-221975.385680386360036],[12672927.347727634012699,-221973.567488935572328],[12672860.556589754298329,-221973.487923029751983],[12672799.582674514502287,-221973.415208633930888],[12672728.557165835052729,-221973.330559347756207],[12672657.92884511500597,-221973.246352096088231],[12672573.810939809307456,-221973.146010647527874],[12672498.684866387397051,-221973.056056972622173],[12672418.533163217827678,-221972.960135855828412],[12672342.748857634142041,-221972.869629633030854],[12672302.15286573395133,-221972.821116536855698],[12672264.845474231988192,-221972.776360710180597],[12672219.082588164135814,-221972.721327628329163],[12672152.418688461184502,-221972.641319688060321],[12672078.618096206337214,-221972.552692109864438],[12671997.541884671896696,-221972.455334382102592],[12671929.161215784028172,-221972.373116275324719],[12671889.747436868026853,-221972.32581876864424],[12671874.668432608246803,-221972.307695419702213],[12671833.667460396885872,-221972.258408760564635],[12671781.02558639831841,-221972.195087564381538],[12671726.53703336790204,-221972.129666701803217],[12671679.580357074737549,-221972.07319701029337],[12671609.745410367846489,-221971.989210778498091],[12671549.564423842355609,-221971.916938411683077],[12671482.505339957773685,-221971.836267420643708],[12671433.437044249847531,-221971.777256042289082],[12671383.043044727295637,-221971.716697546391515],[12671337.413185447454453,-221971.661774971347768],[12671293.365844057872891,-221971.608841542765731],[12671248.267312705516815,-221971.554582011885941],[12671231.472318489104509,-221971.53435901060584],[12671210.833462260663509,-221971.509605176164769],[12671170.7601153627038,-221971.461313087464077],[12671134.121754,-221971.417220315313898],[12671105.686748551204801,-221971.38307328344672],[12671090.353156602010131,-221971.364507900230819],[12671091.773704634979367,-221953.597882076428505],[12671094.324256805703044,-221920.870981943124207],[12671096.909540655091405,-221887.698064726835582],[12671099.043423973023891,-221860.316880111931823],[12671104.054470857605338,-221796.019289624877274],[12671106.847699517384171,-221760.178789548110217],[12671109.481852628290653,-221726.380697894579498],[12671112.338088123127818,-221689.731594631477492],[12671115.184638816863298,-221653.207800656964537],[12671117.934564197435975,-221617.923682900960557],[12671121.067094672471285,-221577.729779108980438],[12671125.749637736007571,-221517.648320687265368],[12671129.573573559522629,-221468.584872459381586],[12671134.127987885847688,-221410.147524809784954],[12671136.157453523948789,-221384.116131824615877],[12671138.869530277326703,-221349.309802083502291],[12671142.484742060303688,-221302.924264425673755],[12671145.845032209530473,-221259.810433645034209],[12671149.384546741843224,-221214.396134247072041],[12671151.767451757565141,-221183.822144460660638],[12671153.806490872055292,-221157.659656520147109],[12671156.367841046303511,-221124.796911591780372],[12671158.776126902550459,-221093.897569414053578],[12671162.697578605264425,-221043.583713445259491],[12671165.060891397297382,-221013.261766134848585],[12671169.297488575801253,-220958.904813282802934],[12671171.993980597704649,-220924.308370854298119],[12671174.437109470367432,-220892.962981734221103],[12671177.177795326337218,-220857.799616594769759],[12671179.113752596080303,-220832.960426728648599],[12671182.697572274133563,-220786.979112617875217],[12671185.313023712486029,-220753.42263781739166],[12671187.526166504248977,-220725.028140346781584],[12671191.336855323985219,-220676.137540433817776],[12671193.457936896011233,-220648.924703827709891],[12671195.549073537811637,-220622.095329500589287],[12671197.535458533093333,-220596.61018304497702],[12671199.266810560598969,-220574.396763577737147],[12671200.694928316399455,-220556.074364957603393],[12671202.600272720679641,-220531.628989228891442],[12671204.261716116219759,-220510.313779766875086],[12671206.756497228518128,-220478.305819124449044],[12671208.480168219655752,-220456.19239633216057],[12671212.556131372228265,-220403.898597285005962],[12671214.312864257022738,-220381.359926488075871],[12671216.330863993614912,-220355.470394163596211],[12671218.151048989966512,-220332.117264897358837],[12671221.695795532315969,-220286.640080971526913],[12671224.87585942260921,-220245.841625724482583],[12671227.822931624948978,-220208.031552736647427],[12671230.55281949415803,-220173.009842042258242],[12671233.514697186648846,-220135.010230898129521],[12671235.673516072332859,-220107.313947784627089],[12671238.247334023937583,-220074.292989648587536],[12671239.342717807739973,-220060.2404018418747],[12671240.634135216474533,-220043.672399233444594],[12671241.787627784535289,-220028.873981486249249],[12671242.815106686204672,-220015.692646089184564],[12671243.516642116010189,-220006.691879233112559],[12671243.706664487719536,-220000.440916678402573],[12671330.493788540363312,-220000.996447291894583],[12671473.296769041568041,-220001.910470308212098],[12671608.228793615475297,-220002.773990538087673],[12671798.610837679356337,-220003.992245842266129],[12671957.509503353387117,-220005.008821534458548],[12672112.246823815628886,-220005.998764469783055],[12672298.531642699614167,-220007.190276485023787],[12672473.138824351131916,-220008.306863143778173],[12672671.519285151734948,-220009.575289661355782],[12672893.930729696527123,-220010.997213682421716],[12673108.245351076126099,-220012.367087780963629],[12673349.978074368089437,-220013.911898196674883],[12673556.26010393537581,-220015.229832874378189],[12673754.574440950527787,-220016.496712211373961],[12674016.595141433179379,-220018.170155494357459],[12674230.907870389521122,-220019.538703429105226],[12674492.895397659391165,-220021.211262598924804],[12674774.591038901358843,-220023.009249882627046],[12675060.350398162379861,-220024.832764809252694],[12675221.547700002789497,-220025.861275404837215],[12675345.883444894105196,-220026.65440106173628],[12675435.460346698760986,-220027.225734436506173]]]]}},
{"type":"Feature","properties":{"ID":17,"NAMOBJ":"LPHD Petuk Liti","WADMKD":"Petuk Liti","WADMKC":"Kahayan Tengah","SKEMA":"Village Forest (HD)","LUAS":3698145.2004510001,"SK":"Sudah","KETERANGAN":"SK. 10874/MENLHK-PSKL/PKPS/PSL.0/12/2019"},"geometry":{"type":"MultiPolygon","coordinates":[[[[12683850.162660725414753,-220362.882796110934578],[12683915.146749313920736,-220365.762222716788528],[12683974.122145734727383,-220362.661556772858603],[12684022.108304671943188,-220363.574362421903061],[12684131.013609673827887,-220330.430121286190115],[12684152.219527386128902,-220317.716482011921471],[12684170.250724552199244,-220314.37147945392644],[12684185.129353733733296,-220297.985950040369062],[12684222.885140148922801,-220275.350018366618315],[12684289.703885262832046,-220186.366434050578391],[12684523.270322011783719,-220200.479460953589296],[12684582.382975382730365,-220204.05123053007992],[12684526.957000913098454,-220288.629799172107596],[12684408.05498300679028,-220512.965334403386805],[12684248.386543057858944,-220829.674113624729216],[12684212.772766286507249,-220895.076794905471615],[12684133.095395473763347,-221041.399065847595921],[12684075.978477941825986,-221146.290080346661853],[12684043.70495380461216,-221196.086617515218677],[12683936.693415991961956,-221363.997938102140324],[12683896.776139015331864,-221614.850333365728147],[12683884.97627299465239,-221832.769486996578053],[12683883.187368774786592,-221865.807814956729999],[12683863.790504109114408,-221936.36500926935696],[12683861.666973499581218,-221944.089313015283551],[12683137.550495134666562,-221971.221068254322745],[12682957.449919244274497,-221798.069108226132812],[12682772.302451591938734,-221678.821544809237821],[12682561.717589754611254,-221572.768502710765461],[12682561.67606758326292,-221572.747506102517946],[12682384.87600327283144,-221581.678908618050627],[12682310.391575394198298,-221585.441278787679039],[12682310.28315020725131,-221585.446804207953392],[12682231.954860296100378,-221621.297173232713249],[12682138.000764794647694,-221664.299306751345284],[12682137.875307722017169,-221664.356992129207356],[12682109.113913526758552,-221696.273579604283441],[12682044.297138135880232,-221768.201804621930933],[12682018.97328982129693,-221796.303848518844461],[12681979.19015283882618,-221984.161910026334226],[12680434.994117744266987,-221982.386816863057902],[12680382.1512007471174,-221982.325816334720002],[12682543.478336472064257,-221134.798833397770068],[12682016.094345146790147,-220069.080154026916716],[12682051.251934643834829,-220069.303161855496],[12682102.027092102915049,-220069.625186048855539],[12682129.020844105631113,-220069.796365001733648],[12682158.77576475776732,-220069.9850044339546],[12682194.458893571048975,-220070.211327543394873],[12682235.354446230456233,-220070.470692946313648],[12682276.240314090624452,-220070.729947835148778],[12682306.962489794939756,-220070.924665276834276],[12682417.981529280543327,-220071.628609712410253],[12682619.552740640938282,-220083.872932617377955],[12682821.789642557501793,-220096.157480120717082],[12683031.266986787319183,-220108.881632840406382],[12683294.762670515105128,-220124.886474289814942],[12683571.856697969138622,-220141.716929265676299],[12683586.955294469371438,-220199.60190695876372],[12683614.032202126458287,-220247.480588069331134],[12683657.075330404564738,-220279.355203628045274],[12683749.129424838349223,-220326.119489745935425],[12683793.152609901502728,-220347.008928395371186],[12683850.162660725414753,-220362.882796110934578]]]]}},
{"type":"Feature","properties":{"ID":18,"NAMOBJ":"LPHD Tahawa","WADMKD":"Tahawa","WADMKC":"Kahayan Tengah","SKEMA":"Village Forest (HD)","LUAS":5305066.9979419997,"SK":"Sudah","KETERANGAN":"SK. 10869/MENLHK-PSKL/PKPS/PSL.0/12/2019"},"geometry":{"type":"MultiPolygon","coordinates":[[[[12688959.312066430225968,-207890.375474160071462],[12689014.936968829482794,-208127.047696441761218],[12689682.435574946925044,-208103.380542204191443],[12689905.242648962885141,-208091.889619534282247],[12690161.751142213121057,-208938.921508591214661],[12690327.599595023319125,-209486.562141161499312],[12687891.367418317124248,-209496.781834208406508],[12687884.15269079990685,-209446.282025864755269],[12687883.68370178155601,-209442.999827426072443],[12687868.316936636343598,-209335.443616352335084],[12687851.330806855112314,-209221.194633691629861],[12687851.326242752373219,-209221.163799844944151],[12687851.32156733609736,-209221.132855483243475],[12687850.013006715103984,-209212.326973985938821],[12687847.49907866306603,-209195.410684438276803],[12687768.027982858940959,-208660.641692247008905],[12687766.380120439454913,-208649.553190351056401],[12687764.277406578883529,-208635.40350775414845],[12687763.922186082229018,-208633.002218117791926],[12687736.377625238150358,-208446.779841075476725],[12687734.127524374052882,-208431.567200871126261],[12687732.853472799062729,-208422.292254113475792],[12687665.626741752028465,-207968.713075530278729],[12687662.934257227927446,-207950.546519204275683],[12687603.759821549057961,-207551.29541163839167],[12687603.509686650708318,-207549.841456398018636],[12687601.474877683445811,-207538.009558178571751],[12687600.787257185205817,-207534.010296851367457],[12687579.422931840643287,-207374.933635968947783],[12687520.103669490665197,-206933.247876308741979],[12687511.796786457300186,-206871.221828648616793],[12687493.424840338528156,-206734.042691610840848],[12687485.324788907542825,-206673.561057004495524],[12687462.561622828245163,-206503.599985179374926],[12688131.809392107650638,-206502.888807679206366],[12688753.661663657054305,-206502.227031316811917],[12688776.544609507545829,-206651.786333426687634],[12688848.062372960150242,-207156.689845491753658],[12688887.794414300471544,-207535.366666115733096],[12688959.312066430225968,-207890.375474160071462]]]]}},
{"type":"Feature","properties":{"ID":18,"NAMOBJ":"LPHD Tahawa","WADMKD":"Tahawa","WADMKC":"Kahayan Tengah","SKEMA":"Village Forest (HD)","LUAS":3636049.035476,"SK":"Sudah","KETERANGAN":"SK. 10869/MENLHK-PSKL/PKPS/PSL.0/12/2019"},"geometry":{"type":"MultiPolygon","coordinates":[[[[12681758.430132940411568,-207393.702118409622926],[12681816.5399090051651,-207448.262387950060656],[12681879.646260421723127,-207500.183286498620873],[12681946.017278548330069,-207547.870946965558687],[12681943.322011023759842,-207547.896255249361275],[12681564.069196317344904,-207551.432120562996715],[12681279.146403033286333,-207554.088716459169518],[12680338.048088284209371,-208051.040724047838012],[12680023.129590295255184,-208207.72858855582308],[12679626.130444994196296,-208402.608133217785507],[12679249.147100748494267,-208587.663172084285179],[12676143.838030185550451,-209335.496663797472138],[12674163.915800828486681,-209338.389407366339583],[12674188.9013492166996,-209331.619447969191242],[12674218.991118900477886,-209323.466497118992265],[12674312.93853523209691,-209298.010902911686571],[12674402.900379840284586,-209273.635263367672451],[12674499.518350759521127,-209247.456227836344624],[12674601.51216253824532,-209219.820482984621776],[12674695.13441464677453,-209194.453066817863146],[12674801.360370822250843,-209165.670604562415974],[12674899.445087345317006,-209139.09414049886982],[12674987.212602159008384,-209115.313055410340894],[12675102.628316253423691,-209084.040663892315933],[12675207.539032643660903,-209055.614598545565968],[12675306.518757874146104,-209028.795648214698303],[12675423.478139346465468,-208997.104941022669664],[12675517.175198160111904,-208971.717382323549828],[12675614.857049452140927,-208945.249971132638166],[12675719.134914537891746,-208916.995516729308292],[12675816.073819547891617,-208890.729457910609199],[12675916.93796113319695,-208863.400012769037858],[12676004.732081290334463,-208839.611821409343975],[12676133.885065833106637,-208804.617213642486604],[12676242.674041956663132,-208775.14054454601137],[12676355.367437914013863,-208744.605792344169458],[12676465.329832790419459,-208714.811049635813106],[12676574.896041605621576,-208685.123723863973282],[12676672.105898261070251,-208658.784362142381724],[12676787.071325020864606,-208627.634128833131399],[12676887.290704099461436,-208600.479262423177715],[12676947.869657795876265,-208584.065215324168094],[12677064.448660569265485,-208552.477769118966535],[12677153.554346978664398,-208528.334341973386472],[12677240.606745379045606,-208504.747249324951554],[12677341.935534508898854,-208477.291873034584569],[12677443.43553302064538,-208449.790186715952586],[12677533.175183918327093,-208425.47489460936049],[12677622.571636840701103,-208401.252764530625427],[12677751.320865582674742,-208366.367821528867353],[12677859.791356641799212,-208336.977400088740978],[12677982.672155801206827,-208303.682551289704861],[12678075.855029869824648,-208278.434374763863161],[12678117.21411688067019,-208267.228041250171373],[12678179.644758984446526,-208250.312333794601727],[12678279.979465065523982,-208223.12647102837218],[12678335.722700081765652,-208208.438765305676498],[12678431.233821306377649,-208185.656634194398066],[12678469.670103769749403,-208171.729276919591939],[12678568.965753730386496,-208144.824998587340815],[12678669.728705890476704,-208117.522968804696575],[12678800.640872336924076,-208082.052129310497548],[12678851.834145808592439,-208059.897052736079786],[12678947.824720082804561,-208018.354882204264868],[12679031.040492232888937,-207982.341390055342345],[12679139.794291397556663,-207935.275709275971167],[12679231.840370839461684,-207895.44076873085578],[12679340.754470068961382,-207848.305884080968099],[12679433.099664967507124,-207808.341511393839028],[12679531.607284259051085,-207765.710370109823998],[12679613.096713740378618,-207730.444144024921115],[12679715.69743936881423,-207686.041628558101365],[12679810.421309160068631,-207645.048093893332407],[12679897.418270448222756,-207607.398447948042303],[12679999.868492135778069,-207563.061220191215398],[12680100.732188435271382,-207519.410732253163587],[12680189.30376392044127,-207481.079727938515134],[12680280.628493057563901,-207441.55745808838401],[12680392.108172597363591,-207394.215578528237529],[12680400.244068903848529,-207409.998785024712561],[12680500.254946580156684,-207364.409249415883096],[12680595.28683740273118,-207321.089273083023727],[12681626.053892547264695,-207318.682883746019797],[12681681.751152608543634,-207318.55280565758585],[12681689.651385553181171,-207318.534349379653577],[12681701.186088550835848,-207332.624889129278017],[12681756.96839670278132,-207392.329723270639079],[12681758.430132940411568,-207393.702118409622926]]]]}},
{"type":"Feature","properties":{"ID":18,"NAMOBJ":"LPHD Tahawa","WADMKD":"Tahawa","WADMKC":"Kahayan Tengah","SKEMA":"Village Forest (HD)","LUAS":1021254.064443,"SK":"Sudah","KETERANGAN":"SK. 10869/MENLHK-PSKL/PKPS/PSL.0/12/2019"},"geometry":{"type":"MultiPolygon","coordinates":[[[[12683298.019544864073396,-209277.607744736975292],[12683418.932883329689503,-209423.37427109881537],[12683337.942833080887794,-209449.922625857609091],[12682420.084911063313484,-209331.649729219730943],[12682358.656033055856824,-209331.711507394560613],[12682359.832902707159519,-209183.006413886119844],[12682370.491076039150357,-207835.814884136110777],[12683174.832171827554703,-208499.586926604388282],[12683212.662208342924714,-208558.869017106975662],[12683210.946997633203864,-208563.957834457978606],[12683166.3779017906636,-208696.190783682715846],[12683140.04950638115406,-208906.956597366632195],[12683189.309048976749182,-209092.677462176827248],[12683192.706185879185796,-209105.654430481838062],[12683226.299179932102561,-209160.549642693891656],[12683229.846932107582688,-209166.346960094757378],[12683229.908491780981421,-209166.448413425910985],[12683286.129176093265414,-209258.320239005697658],[12683298.019544864073396,-209277.607744736975292]]]]}},
{"type":"Feature","properties":{"ID":22,"NAMOBJ":"KTH Tumbang Rungan","WADMKD":"Tumbang Rungan","WADMKC":"Pahandut","SKEMA":"Community Forest (HKm)","LUAS":4824082.977465,"SK":"Sudah","KETERANGAN":"SK. Nomor 11009 Tanggal 30 Agustus Tahun 2024"},"geometry":{"type":"MultiPolygon","coordinates":[[[[12682746.476065559312701,-237665.813069250812987],[12682711.274358393624425,-237665.813069250812987],[12682711.152922440320253,-237665.813069250812987],[12682697.703966775909066,-237667.478275363129796],[12682664.547349005937576,-237671.584001595940208],[12682605.839527502655983,-237678.853887461067643],[12682552.539159461855888,-237703.119565232656896],[12682546.357639450579882,-237705.933630772458855],[12682473.241087831556797,-237736.651143686351134],[12682455.374887198209763,-237750.187831397139234],[12682440.226328875869513,-237757.756828829238657],[12682373.9807691257447,-237810.341213753039483],[12682372.58250379934907,-237812.916780731262406],[12682368.040218863636255,-237816.358289876836352],[12682364.789880214259028,-237821.026467575808056],[12682363.059943607077003,-237822.595478478644509],[12682344.590868070721626,-237847.725786301511107],[12682322.166965244337916,-237879.467617538204649],[12682310.342227833345532,-237920.43489214204601],[12682308.298640094697475,-237946.573132191144396],[12682307.760137258097529,-237953.459523806144716],[12682307.13894185051322,-237958.884924586833222],[12682294.146397117525339,-238007.585332044458482],[12682294.146397117525339,-238020.863130448531592],[12682294.146397117525339,-238089.084952388599049],[12682293.516291739419103,-238111.981503871356836],[12682292.343378696590662,-238189.910387881478528],[12682304.410086989402771,-238274.417359270853922],[12682321.716160573065281,-238332.498723799042637],[12682338.984491920098662,-238370.768301983363926],[12682362.863323498517275,-238407.704480282234726],[12682386.724435240030289,-238435.395056670327904],[12682411.93836141563952,-238478.932390467904042],[12682414.542576745152473,-238485.139643807080574],[12682458.44492400623858,-238589.788730158208637],[12682506.207592777907848,-238666.302225093415473],[12682557.897958470508456,-238721.675539370800834],[12682570.192822163924575,-238732.310354665823979],[12682618.841382665559649,-238774.389412343967706],[12682693.003504756838083,-238823.11522816948127],[12682707.697053711861372,-238831.771916464786045],[12682728.755628107115626,-238844.178646442189347],[12682755.231466952711344,-238856.014775312651182],[12682783.009563626721501,-238857.281881416798569],[12682834.592208728194237,-238857.182408965949435],[12682997.307463204488158,-238872.717997539468342],[12683020.294796777889132,-238875.634895169991069],[12683038.319474825635552,-238877.921966258872999],[12683064.797816470265388,-238891.078661373991054],[12683084.662754623219371,-238904.247975861217128],[12683112.481697034090757,-238926.647554080846021],[12683140.348993575200438,-238974.141499053599546],[12683168.227002095431089,-239026.918396675726399],[12683184.170149933546782,-239063.869241063017398],[12683197.50898233614862,-239121.957395308010746],[12683200.68493770994246,-239168.182195176399546],[12683202.953076811507344,-239201.193172804109054],[12683202.738436536863446,-239208.750480011542095],[12683190.432360282167792,-239266.54185808551847],[12683135.218249874189496,-239361.333584331237944],[12683015.008779255673289,-239441.00907536741579],[12682864.888824820518494,-239470.674717368907295],[12682659.838577698916197,-239455.275224007753422],[12682525.920060239732265,-239403.197346331144217],[12682525.708823766559362,-239403.115165061812149],[12682479.855492454022169,-239366.825918099813862],[12682462.790889173746109,-239353.320460835180711],[12682448.719336524605751,-239342.183652504900238],[12682444.47258242405951,-239326.930325044959318],[12682435.979574775323272,-239294.526241363055306],[12682431.946559948846698,-239286.637032674625516],[12682431.931142691522837,-239286.415232520492282],[12682429.463480219244957,-239250.903851620387286],[12682397.045489326119423,-239204.457869936304633],[12682382.622643414884806,-239189.997029020596528],[12682382.461462987586856,-239189.835249966650736],[12682368.884864412248135,-239163.277248282247456],[12682352.826787920668721,-239160.122556170827011],[12682352.776531664654613,-239160.072174113767687],[12682346.058611171320081,-239153.336380577180535],[12682174.331568296998739,-239092.694650479592383],[12682141.809761181473732,-239090.660287628445076],[12682141.692730171605945,-239090.652834658161737],[12682110.697932489216328,-239077.867908980639186],[12682024.918204857036471,-239038.429762126092101],[12681981.385871822014451,-239030.359881633659825],[12681970.285645479336381,-239028.302463518513832],[12681918.755959663540125,-239018.750335138349328],[12681845.773558227345347,-238992.478998172329739],[12681845.715893670916557,-238992.458229218929773],[12681840.63290342874825,-238999.299761904025218],[12681836.845763850957155,-238992.040465128637152],[12681832.870113238692284,-238988.085817231738474],[12681830.482840763404965,-238984.603290378116071],[12681826.512195754796267,-238983.343240693939151],[12681821.592588411644101,-238983.66968101169914],[12681819.216228153556585,-238985.892754455038812],[12681818.270969958975911,-238989.698839773074724],[12681817.964526917785406,-238995.246734902757453],[12681816.874706896021962,-239006.343220235343324],[12681813.709663728252053,-239011.262680054787779],[12681809.604868547990918,-239017.351660390151665],[12681806.444730877876282,-239024.75425193758565],[12681804.905407646670938,-239049.58815403888002],[12681802.282571468502283,-239061.215983083879109],[12681800.183421541005373,-239070.201385158521589],[12681799.665842119604349,-239076.013709114020457],[12681802.320213612169027,-239080.763437953544781],[12681808.675127729773521,-239083.92121207198943],[12681814.493841588497162,-239083.381517605070258],[12681820.30424614995718,-239078.615690423786873],[12681831.408476978540421,-239075.424427515768912],[12681832.993551416322589,-239074.364813743595732],[12681847.821650993078947,-239081.732622305222321],[12681856.830836486071348,-239089.639826882601483],[12681866.246677216142416,-239101.346555338910548],[12681728.434601048007607,-239101.067416759149637],[12681626.442924667149782,-239008.10053219171823],[12681598.69816530495882,-238947.750510166224558],[12681571.066332360729575,-238831.744390120351454],[12681538.752458021044731,-238734.280824813758954],[12681506.362999077886343,-238673.920968379301485],[12681418.258168563246727,-238604.172805919020902],[12681260.551320847123861,-238501.817462378996424],[12681139.897552855312824,-238450.555250855453778],[12681047.110881181433797,-238399.349170053843409],[12680982.21012688241899,-238338.924007588269887],[12680917.337804412469268,-238264.584757377131609],[12680852.446560766547918,-238199.521490596758667],[12680810.815656315535307,-238115.9532640860416],[12680800.063119195401669,-238108.144593419507146],[12680800.048502832651138,-238100.55474287524703],[12680800.553368009626865,-238087.873986686201533],[12680802.643007297068834,-238074.133808402140858],[12680807.906599720939994,-238059.859098782791989],[12680836.925985980778933,-238018.594432115525706],[12680861.212273694574833,-237992.131946971843718],[12680878.110991260036826,-237975.721791661781026],[12680894.484520893543959,-237961.425807973049814],[12680914.039311861619353,-237950.822049169742968],[12680942.059579646214843,-237940.202290563756833],[12680983.301748916506767,-237927.443713084794581],[12681027.718572113662958,-237914.679172251140699],[12681103.341930020600557,-237897.628347814839799],[12681149.873921073973179,-237884.33155959067517],[12681186.352657847106457,-237870.525480419921223],[12681212.252251606434584,-237857.796312406106154],[12681263.530556004494429,-237836.565528014383744],[12681333.304365525022149,-237804.204690254322486],[12681370.839184543117881,-237789.339976767514599],[12681405.746962675824761,-237783.989895940641873],[12681426.909253178164363,-237783.949550218210788],[12681450.192117586731911,-237786.018411130702589],[12681471.886603862047195,-237787.56178394149174],[12681516.859449505805969,-237789.060935447050724],[12681542.256080219522119,-237790.068882786523318],[12681571.355456026270986,-237790.541603430669056],[12681604.679961735382676,-237787.307983533624792],[12681625.303949624300003,-237782.513600338628748],[12681654.915098344907165,-237774.003833184338873],[12681687.156992105767131,-237758.092612586042378],[12681718.334894759580493,-237739.013654508453328],[12681751.101876335218549,-237720.988055868190713],[12681791.253624914214015,-237691.325491872034036],[12681839.827301574870944,-237639.457257633534027],[12681895.274873342365026,-237585.462805893272161],[12681944.385951615869999,-237537.820312969590304],[12682006.182931328192353,-237484.341878059785813],[12682098.612503243610263,-237403.332383447792381],[12682126.073745226487517,-237377.392312445299467],[12682144.020936526358128,-237356.225366650032811],[12682169.358000539243221,-237326.062690511753317],[12682185.17791042290628,-237299.088224285806064],[12682202.027573071420193,-237257.31885468334076],[12682208.316313121467829,-237226.136087114573456],[12682211.397662585601211,-237177.524996115040267],[12682211.856776556000113,-237141.070122178993188],[12682211.757765712216496,-237140.309115611162269],[12682213.463074749335647,-237132.222650475276168],[12682210.06557135283947,-237016.199413516122149],[12682140.423108864575624,-236928.444081646215636],[12682047.849375570192933,-236862.713412994489772],[12681922.231150029227138,-236849.575345471414039],[12681922.152962492778897,-236849.56719678681111],[12681849.113397067412734,-236882.366750973917078],[12681803.2508554328233,-236915.297870402486296],[12681795.478654706850648,-236919.157663317339029],[12681794.554920608177781,-236917.321824541024398],[12681793.554700896143913,-236913.031145092012594],[12681793.212117394432425,-236906.757950338593218],[12681793.197601137682796,-236899.163475995213958],[12681792.853716176003218,-236892.229740399605362],[12681792.511132661253214,-236885.956743643473601],[12681791.840982440859079,-236881.335246671835193],[12681788.195501454174519,-236877.04953504508012],[12681781.249125206843019,-236875.741869767050957],[12681777.28178389556706,-236876.07954334828537],[12681768.634303318336606,-236881.956335488357581],[12681750.002846002578735,-236893.632208538299892],[12681742.875066692009568,-236901.174511671240907],[12681729.013749394565821,-236915.069309767277446],[12681717.921131560578942,-236924.203983927844092],[12681710.395707098767161,-236931.350677118025487],[12681707.628909751772881,-236936.903408192330971],[12681709.228200105950236,-236943.240201329521369],[12681713.605099909007549,-236949.571628031582804],[12681714.00835133343935,-236953.097423601750052],[12681712.434189114719629,-236959.836582151910989],[12681710.839103456586599,-236961.189462032692973],[12681710.677122136577964,-236961.269855732214637],[12681703.400976724922657,-236964.88697591793607],[12681698.161010751500726,-236965.807280040491605],[12681690.221522746607661,-236963.84116223140154],[12681677.12275910936296,-236961.488876392511884],[12681667.597595997154713,-236960.318248728814069],[12681653.313205083832145,-236960.34547724906588],[12681645.381926273927093,-236962.738009636668721],[12681637.062112510204315,-236969.489887704141438],[12681631.123764719814062,-236976.63369717655587],[12681626.804829806089401,-236986.680026565794833],[12681624.069467660039663,-236994.927087096584728],[12681622.813862055540085,-237002.325988946802681],[12681620.292038945481181,-237011.629097687691683],[12681618.295203560963273,-237016.709103445522487],[12681590.925964580848813,-237040.27855936306878],[12681584.131458355113864,-237105.903923701640451],[12681577.13492595590651,-237138.373010742157931],[12681571.392097054049373,-237165.022151309298351],[12681571.051315549761057,-237165.259158413042314],[12681505.1466373950243,-237211.099407017958583],[12681481.10912817902863,-237229.114922507898882],[12681452.631448345258832,-237250.458372026769212],[12681452.489789754152298,-237250.564404087344883],[12681292.821346096694469,-237237.418217221216764],[12681213.83642503246665,-237237.418217221216764],[12681154.385471612215042,-237224.272029359592125],[12681015.192449521273375,-237217.742262131971074],[12681015.100146187469363,-237217.738585290178889],[12681008.295228308066726,-237218.274409996636678],[12680889.436469769105315,-237227.633355366357137],[12680889.431964730843902,-237227.633852235157974],[12680849.550318509340286,-237230.774071001273114],[12680849.486747350543737,-237230.779238449060358],[12680765.474498350173235,-237211.504853025107877],[12680760.146934317424893,-237208.125043141306378],[12680712.087433263659477,-237167.976144240616122],[12680679.174087835475802,-237133.208838711143471],[12680637.69094879925251,-237097.444605383236194],[12680617.097495093941689,-237077.140987625141861],[12680586.055044075474143,-237046.53515381825855],[12680560.037017730996013,-237025.083957683935296],[12680508.067940024659038,-236961.269756358320592],[12680429.083219185471535,-236928.444081646215636],[12680369.632165661081672,-236908.685412230581278],[12680336.509385773912072,-236908.685412230581278],[12680308.48221025429666,-236922.595513349457178],[12680303.262466929852962,-236925.189875228970777],[12680303.259163221344352,-236925.191465211770264],[12680270.26402623206377,-236941.590291895758128],[12680217.335474433377385,-236973.079679826536449],[12680170.895686592906713,-237000.708476042666007],[12680091.061614928767085,-237066.465526017127559],[12680024.816255388781428,-237138.729763634240953],[12680002.744346600025892,-237151.869995525688864],[12679989.8271862603724,-237159.560156033432577],[12679958.570695623755455,-237178.168443030910566],[12679892.325235977768898,-237237.418217221216764],[12679885.173830216750503,-237259.061576434789458],[12679881.48920539021492,-237263.392195685155457],[12679869.569561740383506,-237286.850816132937325],[12679862.270490664988756,-237320.410399171232712],[12679863.179207937791944,-237350.981105701765046],[12679860.051806913688779,-237368.695304908644175],[12679866.155039297416806,-237391.655352175410371],[12679867.022610506042838,-237399.440404147753725],[12679873.967284847050905,-237421.484617475944106],[12679874.434608,-237422.802812269743299],[12679875.339320803061128,-237426.206070215033833],[12679879.58567445538938,-237441.169791236636229],[12679882.665922693908215,-237446.023112588009099],[12679882.757625345140696,-237446.28247843158897],[12679896.60652874968946,-237469.232578041846864],[12679900.596495382487774,-237474.276000823854702],[12679925.448015853762627,-237513.43407158649643],[12679948.107982961460948,-237528.429385963070672],[12679952.408797578886151,-237533.000880666601006],[12679977.761979650706053,-237555.929205931635806],[12680010.936117032542825,-237577.923513710062252],[12680047.331360325217247,-237599.911558145860909],[12680094.323266245424747,-237628.312985110649606],[12680112.291881524026394,-237639.767105067963712],[12680130.251386608928442,-237646.625684222439304],[12680156.959685692563653,-237656.224991618189961],[12680186.432479530572891,-237667.657148129568668],[12680218.214758768677711,-237683.680172498541651],[12680245.397288726642728,-237700.63074989450979],[12680262.446174407377839,-237712.546157946955645],[12680280.418293604627252,-237725.838090048055165],[12680312.226001309230924,-237755.187322823971044],[12680338.046306308358908,-237781.790557339554653],[12680356.041251065209508,-237807.030281500541605],[12680373.103451648727059,-237825.838438842765754],[12680389.688918543979526,-237835.916319871495944],[12680382.783187804743648,-237820.184673190378817],[12680372.314067959785461,-237802.835320908227004],[12680356.04014983959496,-237782.022992409678409],[12680336.862781388685107,-237758.900421464728424],[12680314.338265927508473,-237734.359188175061718],[12680329.714979652315378,-237743.504253452789271],[12680329.497936680912971,-237743.258402882318478],[12680305.085207425057888,-237715.605179588601459],[12680277.058532470837235,-237684.386322375270538],[12680247.119616823270917,-237654.853931752615608],[12680230.346740130335093,-237638.308794894604944],[12680078.321953285485506,-237546.365369435225148],[12679987.574864864349365,-237477.663954178715358],[12679984.415728311985731,-237470.714043746847892],[12679965.836929949000478,-237438.389309763209894],[12679945.236268168315291,-237386.256068977789255],[12679941.884315768256783,-237362.487713412236189],[12679941.846673622727394,-237342.675630193989491],[12679941.817741239443421,-237327.486222428269684],[12679948.403313571587205,-237312.944731572410092],[12679961.589775387197733,-237291.786522828275338],[12679966.866682715713978,-237284.512049532931997],[12679976.121443128213286,-237282.513141914503649],[12679985.388817653059959,-237287.118330884783063],[12679996.631503470242023,-237287.097064851666801],[12680006.530985623598099,-237276.511847723275423],[12680034.905349813401699,-237243.437499456311343],[12680047.196909811347723,-237229.875630565249594],[12680061.730780011042953,-237221.923225141596049],[12680082.220918057486415,-237215.940611173427897],[12680096.216385526582599,-237213.56358461821219],[12680114.935841349884868,-237204.981743372365599],[12680123.789953242987394,-237200.969517052697483],[12680175.54699357971549,-237151.187295760784764],[12680229.933777827769518,-237096.951610538293608],[12680294.916223568841815,-237048.486364575132029],[12680346.452616898342967,-237023.821210629626876],[12680382.144272560253739,-237013.134218343970133],[12680398.406677789986134,-237009.93327805082663],[12680423.010821329429746,-237011.471490305557381],[12680446.829185219481587,-237016.973836138698971],[12680476.619134109467268,-237032.766869499842869],[12680486.14289565756917,-237037.592775007040473],[12680502.122684504836798,-237053.319523962301901],[12680581.107905911281705,-237125.583866422326537],[12680581.954253366217017,-237126.372200929035898],[12680584.648069003596902,-237129.911010912182974],[12680591.018900943920016,-237141.522075416432926],[12680600.152625860646367,-237159.256369561742758],[12680606.731690907850862,-237168.965114752150839],[12680666.427818799391389,-237234.046755262243096],[12680711.718420153483748,-237272.570774830150185],[12680739.56128934584558,-237298.363191790063865],[12680793.04466226324439,-237323.620973021636019],[12680836.460765182971954,-237340.972956986661302],[12680889.380006566643715,-237347.740422054834198],[12680924.831793690100312,-237350.314505294838455],[12681013.704684019088745,-237345.390228269796353],[12681063.422841891646385,-237338.427393927035155],[12681126.373813470825553,-237334.609148641378852],[12681167.111417893320322,-237334.53153758434928],[12681205.363039350137115,-237337.144078746612649],[12681234.839837674051523,-237339.15739495260641],[12681324.805951826274395,-237352.722236527479254],[12681379.305862713605165,-237356.316293802199652],[12681449.667430220171809,-237354.597224026918411],[12681504.149120707064867,-237348.681791420385707],[12681550.152520027011633,-237335.914326109836111],[12681598.780457431450486,-237312.047086557635339],[12681634.710580045357347,-237288.204090967628872],[12681687.536216633394361,-237246.365951938001672],[12681720.804058901965618,-237213.5465916605026],[12681746.134115086868405,-237179.685785250971094],[12681769.869686298072338,-237142.129747801518533],[12681800.471844417974353,-237098.748989643994719],[12681834.236643023788929,-237049.022487925365567],[12681857.990334505215287,-237020.976228669984266],[12681882.285231858491898,-236999.268743466062006],[12681916.636486977338791,-236979.655367112020031],[12681944.656154090538621,-236969.035449671529932],[12681971.10175909101963,-236965.286658800614532],[12682007.606424881145358,-236965.216997516195988],[12682032.482072370126843,-236970.452823313768022],[12682057.371635433286428,-236983.085067269013962],[12682073.272535970434546,-236998.375966162944678],[12682090.245736928656697,-237021.061292926577153],[12682104.047687761485577,-237045.337596342142206],[12682116.289692291989923,-237083.881532597995829],[12682128.495256017893553,-237145.332573767285794],[12682128.996116722002625,-237162.610939384088852],[12682127.791267929598689,-237176.133163288177457],[12682111.045321384444833,-237249.051534311496653],[12682110.522235807031393,-237250.7796481680125],[12682024.918204857036471,-237355.654165250336519],[12682006.359929472208023,-237367.930225011747098],[12682002.308894468471408,-237370.610141192126321],[12681925.550265664234757,-237421.385044825612567],[12681875.072757724672556,-237489.587923713639611],[12681845.583545511588454,-237517.483655244956026],[12681819.899392934516072,-237542.450239245343255],[12681747.197004960849881,-237592.337088261090685],[12681643.039403887465596,-237659.069168180751149],[12681634.240153420716524,-237664.706741159840021],[12681528.077507765963674,-237671.213834351772675],[12681488.364850731566548,-237673.824581705819583],[12681428.70956857316196,-237677.747261339158285],[12681316.613480629399419,-237704.036983596393839],[12681316.601667396724224,-237704.039567313302541],[12681196.850509854033589,-237750.116679819708224],[12681098.345536716282368,-237775.841451618849533],[12681071.153996670618653,-237782.942497203999665],[12680985.374869707971811,-237815.768308366910787],[12680932.884708663448691,-237832.237506802543066],[12680888.959936305880547,-237846.019341853418155],[12680859.726109981536865,-237855.191629614797421],[12680859.67835652641952,-237855.206535662029637],[12680856.456850154325366,-237857.801281088526594],[12680813.727516040205956,-237892.220534251915524],[12680806.537567134946585,-237898.012128771137213],[12680796.334244832396507,-237904.505698375491193],[12680773.757971432060003,-237923.076044068322517],[12680768.552243787795305,-237928.609862407669425],[12680753.515710869804025,-237940.72191513737198],[12680752.337892344221473,-237945.846214304241585],[12680744.976952016353607,-237953.670990820799489],[12680733.897248636931181,-237969.541748393181479],[12680725.460604086518288,-237984.350896569201723],[12680720.734413275495172,-238002.851175327756209],[12680713.514530852437019,-238030.138856816018233],[12680705.425875853747129,-238039.417862011119723],[12680676.322996124625206,-238018.283293499669526],[12680606.674627033993602,-238008.866456040530466],[12680599.881622478365898,-238008.626568251667777],[12680599.685603039339185,-238008.619413360895123],[12680594.696517918258905,-238006.478807390463771],[12680539.063238261267543,-238006.478807390463771],[12680537.939980817958713,-238006.438958586426452],[12680467.349757347255945,-238003.946272042783676],[12680404.735262444242835,-238014.237199621595209],[12680355.844630954787135,-238022.272446237271652],[12680258.141155079007149,-238105.557801625691354],[12680216.284297673031688,-238133.300895633467007],[12680058.325267642736435,-238156.17051104985876],[12679909.730921076610684,-238141.955134171439568],[12679770.368909811601043,-238155.586095617793035],[12679739.486237665638328,-238158.826962897583144],[12679640.295997394248843,-238169.235837571555749],[12679496.337039992213249,-238159.667563144525047],[12679494.476357026025653,-238158.826962897583144],[12679403.533249150961637,-238117.737515325017739],[12679292.17088258638978,-238066.493971476127626],[12679190.106925284489989,-238010.6309330391814],[12679157.662104349583387,-237978.099801498407032],[12679153.074268419295549,-237950.262873929459602],[12679153.114413363859057,-237930.617706201854162],[12679156.372961195185781,-237925.061727605352644],[12679157.796054314821959,-237922.976173586153891],[12679175.441607937216759,-237901.811679401085712],[12679177.751593891531229,-237899.661532240948873],[12679198.367472693324089,-237890.112322644388769],[12679226.125647075474262,-237880.549796456471086],[12679261.834321787580848,-237878.896914723562077],[12679305.484086288139224,-237879.606343132356415],[12679373.739696238189936,-237882.64687833035714],[12679416.594270542263985,-237882.565391950629419],[12679446.740217953920364,-237876.960619354562368],[12679459.426019301638007,-237870.596631947875721],[12679482.411550862714648,-237855.495315500214929],[12679503.017919022589922,-237841.191471358499257],[12679521.246825691312551,-237828.47690912373946],[12679537.091563366353512,-237814.18220512996777],[12679550.545024082064629,-237794.344237001583679],[12679564.758635759353638,-237757.070057125121821],[12679569.476417167112231,-237734.078755531198112],[12679570.224955134093761,-237710.30269650061382],[12679565.417973862960935,-237686.537167822563788],[12679555.060378869995475,-237665.159388647647575],[12679553.083265567198396,-237662.031798212992726],[12679553.165157234296203,-237621.780649368389277],[12679495.453450851142406,-237589.051790287427139],[12679495.174939062446356,-237588.894084056140855],[12679485.510520055890083,-237579.191026669752318],[12679459.83878138102591,-237560.699646303750342],[12679936.714628463611007,-236988.723059704527259],[12680141.07610453106463,-236746.328074983786792],[12680151.58556954562664,-236733.862862020498142],[12681495.43947053514421,-236618.181405781273497],[12682086.257772520184517,-236570.338308807055],[12682094.150708409026265,-236581.365983684663661],[12682308.880491467192769,-236881.372710746858502],[12682746.476065559312701,-237665.813069250812987]],[[12680623.712300151586533,-237770.454403352807276],[12680636.500616263598204,-237706.298332394653698],[12680643.955962281674147,-237668.895345180266304],[12680644.10763206332922,-237668.949205757380696],[12680799.378152389079332,-237724.114552124170586],[12680802.210523143410683,-237722.560446381539805],[12680826.555576637387276,-237709.203225482720882],[12680854.088899303227663,-237700.512495145288995],[12680854.124839538708329,-237700.500967789557762],[12680862.152326047420502,-237697.96723548459704],[12680952.252089820802212,-237669.527759783115471],[12680968.298353103920817,-237663.396895598736592],[12680969.205268364399672,-237663.050677408726187],[12680996.652394538745284,-237652.563962635875214],[12681034.647729078307748,-237638.047441861534026],[12681038.031417006626725,-237636.754688388609793],[12681077.064513297751546,-237626.636052514368203],[12681145.043313367292285,-237609.013502290647011],[12681145.060232305899262,-237608.977628349268343],[12681163.727830084040761,-237569.390781152877025],[12681181.563096085563302,-237531.243354965554317],[12681143.344912063330412,-237438.324816110252868],[12681077.198263024911284,-237438.195431303465739],[12681075.429883379489183,-237438.191853846248705],[12681075.259792970493436,-237438.19165509272716],[12681074.179183261469007,-237438.18946887270431],[12681049.072176780551672,-237438.140278791077435],[12680909.787051592022181,-237437.850405153731117],[12680755.214212290942669,-237454.500599335355218],[12680749.000055741518736,-237456.560023660800653],[12680667.128903638571501,-237483.692171729227994],[12680638.539698950946331,-237493.166575206239941],[12680598.208549533039331,-237506.532657028961694],[12680568.399879690259695,-237516.411113316193223],[12680552.113847997039557,-237521.808504363812972],[12680521.656952492892742,-237531.902004771749489],[12680512.778413252905011,-237537.033967816270888],[12680389.165933083742857,-237608.486622434749734],[12680396.226837538182735,-237633.084218478848925],[12680397.258192094042897,-237636.67807120209909],[12680411.247953185811639,-237685.413846952462336],[12680452.014089556410909,-237720.505000167846447],[12680503.645789572969079,-237765.658032222330803],[12680515.441394375637174,-237775.973618642514339],[12680544.587822863832116,-237801.46297034851159],[12680568.790617108345032,-237797.278046356601408],[12680584.504908742383122,-237794.560374774417141],[12680621.874542849138379,-237779.675686354428763],[12680622.793371448293328,-237775.06464742126991],[12680623.712300151586533,-237770.454403352807276]]]]}},
{"type":"Feature","properties":{"ID":0,"NAMOBJ":"KTH Bukit Sua","WADMKD":"Bukit Sua","WADMKC":"Rakumpit","SKEMA":"Community Forest (HKm)","LUAS":14641929.432418,"SK":"Sudah","KETERANGAN":"SK. 9898/MENLHK-PSKL/PKPS/PSL.0/9/2023"},"geometry":{"type":"MultiPolygon","coordinates":[[[[12661635.888215696439147,-184092.61223029892426],[12662217.783775391057134,-188775.995449877867941],[12660250.543658131733537,-188775.492730191937881],[12660210.731892824172974,-188679.75076407083543],[12660184.206404374912381,-188626.934029316878878],[12660174.132738843560219,-188517.936163828475401],[12660167.407644134014845,-188438.664092203689506],[12660193.754949986934662,-188365.951968878682237],[12660239.925995090976357,-188283.301586215413408],[12660302.637867646291852,-188207.234616711095441],[12660629.913543947041035,-188173.737337100581499],[12660679.479667618870735,-188153.846778688195627],[12660715.806582173332572,-188124.064799014129676],[12660669.003664130344987,-187760.757551243063062],[12660549.701961800456047,-187566.025361136795254],[12660473.522209115326405,-187470.334059196058661],[12660337.778264028951526,-187338.388966530212201],[12660291.401821352541447,-187275.689408697769977],[12659973.93821619451046,-187233.191650900582317],[12659838.408344512805343,-187253.202750361058861],[12659712.9600012563169,-187388.819643907656427],[12659656.995012851431966,-187560.676586315676104],[12659581.071192808449268,-187646.672535559337121],[12659512.062916796654463,-187947.38147545515676],[12659406.508234294131398,-188122.611774534307187],[12659307.477457746863365,-188235.067884820280597],[12659238.161467637866735,-188317.751301783457166],[12659135.810217225924134,-188420.30192566671758],[12658673.175864273682237,-188599.339851001888746],[12658630.296134758740664,-188672.075904749333858],[12658676.739025233313441,-188781.023673611256527],[12658101.295371603220701,-188777.078302447480382],[12658207.544905377551913,-188718.259400266950252],[12658115.185191255062819,-188497.98342272095033],[12658100.868233477696776,-188474.218719232914736],[12658100.796738266944885,-188423.477804660768015],[12658142.017537448555231,-188393.292355259560281],[12658165.803141580894589,-188378.98799583921209],[12658106.94618197157979,-188282.345651440729853],[12658135.723233211785555,-187301.83807023303234],[12658206.691426606848836,-186033.204008491215063],[12658219.65019740909338,-185841.583769352291711],[12658137.858960585668683,-184077.626307061640546],[12659566.17478252761066,-184082.265910074929707],[12661635.888215696439147,-184092.61223029892426]],[[12660382.237462822347879,-187213.897776311816415],[12660610.524163706228137,-187322.588690464879619],[12661136.430620325729251,-187470.499283101496985],[12661499.964277463033795,-187360.973528780625202],[12661542.898714043200016,-187327.878974155668402],[12661701.45809667930007,-187228.553279160725651],[12661694.766071431338787,-187172.405256495112553],[12661688.041338909417391,-187093.133577449800214],[12661621.720228658989072,-186954.485070182447089],[12661495.616486802697182,-186624.323781489249086],[12661409.379460392519832,-186429.544707541586831],[12661313.414781915023923,-186370.218430551642086],[12660966.217404382303357,-186340.975564903725171],[12660909.992607705295086,-186327.840844534832286],[12660774.352790033444762,-186268.569675127364462],[12660651.984333340078592,-186242.313905403629178],[12660572.74555273167789,-186321.707136784156319],[12660460.458030583336949,-186411.057020968059078],[12660354.685470962896943,-186431.025876956759021],[12660288.63439710624516,-186483.973310853762086],[12660116.940379850566387,-186649.385482266952749],[12660100.450782626867294,-186679.139471866656095],[12660117.163239896297455,-186807.949711333261803],[12660163.553312862291932,-186880.559941480547423],[12660382.237462822347879,-187213.897776311816415]]]]}},
{"type":"Feature","properties":{"ID":0,"NAMOBJ":"KTH Tumbang Tahai","WADMKD":"Tumbang Tahai","WADMKC":"Bukit Batu","SKEMA":"Community Forest (HKm)","LUAS":635695.11444499996,"SK":"Sudah","KETERANGAN":"SK. 9885/MENLHK-PSKL/PKPS/PSL.0/9/2023"},"geometry":{"type":"MultiPolygon","coordinates":[[[[12667899.230673581361771,-226517.805578110477654],[12667595.096696538850665,-226384.806893496308476],[12667305.261485444381833,-226258.06018861051416],[12667151.045362832024693,-225693.597015697625466],[12667151.044138319790363,-225693.591269385244232],[12666985.703970307484269,-225088.422120275150519],[12666989.345008216798306,-225090.111541111225961],[12667001.657723136246204,-225096.827452915516915],[12667007.617991304025054,-225101.572926166758407],[12667016.992539586499333,-225119.2927253144735],[12667021.770817412063479,-225128.795715721062152],[12667032.387802528217435,-225149.38569233607268],[12667065.853669723495841,-225226.476637617044616],[12667088.151186374947429,-225270.296670769603224],[12667110.430557936429977,-225303.548543340381002],[12667124.753034938126802,-225325.188861633272609],[12667134.82778281532228,-225337.853312783670845],[12667145.44142834469676,-225356.329614300309913],[12667156.584954651072621,-225375.333249353396241],[12667170.374099981039762,-225394.332351675868267],[12667187.028497679159045,-225408.784897917474154],[12667218.158770633861423,-225435.812266910186736],[12667266.505270766094327,-225474.699147070321487],[12667305.570619665086269,-225501.052198175690137],[12667321.174606658518314,-225510.025955121032894],[12667347.939263144508004,-225525.418014826340368],[12667398.903441095724702,-225548.447588991984958],[12667409.359680870547891,-225552.560403360927012],[12667462.436814080923796,-225573.437205917085521],[12667538.538825485855341,-225600.386312278627884],[12667599.41277582757175,-225617.454077583766775],[12667680.779531236737967,-225629.202303167083301],[12667744.945087607949972,-225637.677340222988278],[12667760.389776397496462,-225640.323406438226812],[12667794.561520487070084,-225646.177682761248434],[12667808.593342309817672,-225649.807804745942121],[12667837.52305156737566,-225659.43541831622133],[12667856.106838677078485,-225666.853685238020262],[12667859.763016043230891,-225668.707091612945078],[12667860.087512355297804,-225668.871414006745908],[12667880.413226863369346,-225679.176207208860433],[12667890.582039702683687,-225685.182428001076914],[12667901.88508683629334,-225694.613118073611986],[12667906.318719517439604,-225698.312636842514621],[12667907.867284953594208,-225700.140405508893309],[12667913.157632436603308,-225706.385428992914967],[12667926.050878498703241,-225727.287961846857797],[12667937.515450214967132,-225748.193144446006045],[12667944.045006262138486,-225760.863644092984032],[12667955.199775846675038,-225786.049490440665977],[12667964.93143704906106,-225814.250044673972297],[12667971.004026586189866,-225839.728613728744676],[12667979.330501860007644,-225874.060798396443715],[12667987.022567357867956,-225923.585981699521653],[12667991.079828834161162,-225948.70738068796345],[12667995.714393196627498,-225977.402975739882095],[12668000.38936653919518,-226003.815074836165877],[12668002.814127683639526,-226066.559804360935232],[12668000.278714956715703,-226129.643101756693795],[12668001.000510534271598,-226164.236356743582292],[12667998.424911478534341,-226204.202169374097139],[12667988.926353290677071,-226256.399068021855783],[12667977.117581706494093,-226310.91192797315307],[12667965.287659425288439,-226361.093285051640123],[12667963.331553326919675,-226369.391258168558124],[12667956.565888630226254,-226390.554729063907871],[12667945.901036133989692,-226423.914140269334894],[12667934.38726120442152,-226458.281024054158479],[12667920.231095522642136,-226493.973193603655091],[12667907.453510403633118,-226521.401426030817674],[12667899.230673581361771,-226517.805578110477654]]]]}},
{"type":"Feature","properties":{"ID":0,"NAMOBJ":"KTH Tumbang Tahai","WADMKD":"Tumbang Tahai","WADMKC":"Bukit Batu","SKEMA":"Community Forest (HKm)","LUAS":20989803.422826,"SK":"Sudah","KETERANGAN":"SK. 9885/MENLHK-PSKL/PKPS/PSL.0/9/2023"},"geometry":{"type":"MultiPolygon","coordinates":[[[[12671807.19011951610446,-223255.117841339175357],[12672085.5068802498281,-223586.224348100658972],[12672151.648468909785151,-223664.911010724608786],[12672544.145074758678675,-224131.84805849310942],[12672544.22611534036696,-224131.943094436719548],[12670646.250393303111196,-225479.523732885165373],[12669343.420617736876011,-226404.523955629148986],[12669339.768781837075949,-226344.570823884889251],[12669318.536370072513819,-226286.634620781376725],[12669270.975340276956558,-226239.606079552846495],[12669233.606611724942923,-226207.594693078455748],[12669186.04535929299891,-226171.579017236974323],[12669128.406242020428181,-226160.508778986783],[12669128.292918788269162,-226160.487230379774701],[12669069.691333200782537,-226176.321368397882907],[12669022.130748677998781,-226203.194910285819788],[12668979.665591210126877,-226250.012837190413848],[12668963.528829136863351,-226302.890437196474522],[12668947.392401030287147,-226344.781558015820337],[12668932.104672718793154,-226423.610471085557947],[12668942.296306066215038,-226476.540842270682333],[12668953.337084481492639,-226528.469908064318588],[12668953.337084481492639,-226564.251131222408731],[12668953.337084481492639,-226613.30592625317513],[12668973.433035559952259,-226667.192113739991328],[12668763.651677802205086,-226816.135068839881569],[12668758.939078478142619,-226789.149344135075808],[12668694.131319960579276,-226686.988267084816471],[12668610.702482305467129,-226607.978902346716495],[12668471.419646749272943,-226593.787686021067202],[12668369.110132904723287,-226667.78817974467529],[12668303.894054496660829,-226769.689580101927277],[12668270.83216573856771,-226835.400007095333422],[12668233.960033437237144,-226908.6834444522392],[12668158.76861546933651,-226991.214589024690213],[12668098.995392242446542,-227056.822608066140674],[12667978.092183841392398,-227140.060365298879333],[12667861.962800497189164,-227158.37901417579269],[12667750.514624368399382,-227158.155572907096939],[12667727.961184220388532,-227135.540265035349876],[12667713.439890598878264,-227120.979008361027809],[12667699.583508299663663,-227083.849179863347672],[12667699.676460077986121,-227037.471830806898652],[12667699.774421231821179,-226988.698165033594705],[12667699.80280770547688,-226974.537367383367382],[12667699.803475614637136,-226974.219775462319376],[12667707.413387324661016,-226954.203306054405402],[12667744.783117754384875,-226911.653604031598661],[12667759.759485436603427,-226895.592441786953714],[12667792.801559332758188,-226860.155839281680528],[12667804.234071046113968,-226847.895169697381789],[12667835.994634959846735,-226821.964112146873958],[12667881.92461159080267,-226755.902825892990222],[12667952.743066003546119,-226636.235797539004125],[12667967.382914869114757,-226611.497505194594851],[12667973.1376872677356,-226599.075259911391186],[12668019.565039372071624,-226498.855325793701923],[12668026.954315856099129,-226475.437223899993114],[12668030.562848476693034,-226464.001562440971611],[12668056.627416685223579,-226381.401996472210158],[12668060.965648557990789,-226367.063569058344001],[12668074.609410626813769,-226301.455411477334565],[12668082.062250535935163,-226257.170728816738119],[12668083.303462855517864,-226249.796025141462451],[12668084.982160780578852,-226239.820349985995563],[12668093.890614347532392,-226190.609972773643676],[12668096.939098611474037,-226118.47661048345617],[12668095.24403671734035,-226056.655395377078094],[12668093.526488298550248,-225982.152735840383684],[12668087.827041683718562,-225899.730202685750555],[12668085.4227633215487,-225877.681301832169993],[12668080.568342974409461,-225833.163238253153395],[12668074.96886126883328,-225807.809208432241576],[12668072.057077350094914,-225783.156666634080466],[12668058.199359219521284,-225748.392165635741549],[12668043.868644563481212,-225722.26038314512698],[12668028.744221951812506,-225696.130475519021275],[12668014.423080783337355,-225675.547190875251545],[12668005.573626540601254,-225667.775636673613917],[12668000.911120990291238,-225663.681500409147702],[12667988.203221881762147,-225658.155316930526169],[12667972.308913664892316,-225645.500944033468841],[12667963.554414944723248,-225631.24931644188473],[12667957.982540473341942,-225621.747567727346905],[12667950.034106191247702,-225614.627554710779805],[12667927.803269919008017,-225609.118056161853019],[12667887.30802215822041,-225597.298994918062817],[12667866.644898273050785,-225580.689717284403741],[12667854.730818461626768,-225575.162315727444366],[12667829.318805092945695,-225565.695152484986465],[12667735.638666855171323,-225546.834974099765532],[12667706.112619074061513,-225541.589030456059845],[12667634.024009274318814,-225528.781046042277012],[12667530.810803793370724,-225504.388818889274262],[12667484.764609631150961,-225494.957345444301609],[12667426.787415068596601,-225470.486543936451199],[12667361.645809410139918,-225433.346212211210513],[12667309.538268962875009,-225399.133733322436456],[12667242.769617622718215,-225339.009870501147816],[12667195.876838725060225,-225279.750036041456042],[12667175.95888751745224,-225254.578817200759659],[12667153.673393370583653,-225217.628180844971212],[12667145.171255936846137,-225196.506566256430233],[12667141.962248982861638,-225176.43210675008595],[12667143.045164989307523,-225169.55662679541274],[12667149.288295991718769,-225129.918791351141408],[12667157.669651765376329,-225081.289709772187052],[12667164.955401128157973,-225067.85501161692082],[12667174.019034070894122,-225051.141809895110782],[12667190.898853734135628,-225022.049682963406667],[12667201.97915056720376,-225004.592769087583292],[12667220.993966743350029,-224986.06515707159997],[12667244.249276287853718,-224972.28622447969974],[12667261.168837018311024,-224965.915861647721613],[12667292.915819961577654,-224966.917823253490496],[12667325.574509521946311,-224975.917133388895309],[12667331.027717420831323,-224977.42002045767731],[12667338.871734024956822,-224981.789443529618438],[12667357.507062055170536,-224992.169972341129323],[12667375.525234842672944,-225009.048386488866527],[12667398.854126563295722,-225037.542234026885126],[12667410.547237195074558,-225068.170286226435564],[12667443.505932800471783,-225157.943962881981861],[12667462.664685074239969,-225222.377187169273384],[12667488.13369401358068,-225264.606705165526364],[12667539.048223478719592,-225335.325815326417796],[12667577.221012700349092,-225380.703406692162389],[12667622.787642508745193,-225418.670114003267372],[12667685.268601018935442,-225447.096157469437458],[12667741.380303552374244,-225463.908225963910809],[12667793.246837306767702,-225473.329423940071138],[12667838.743558466434479,-225471.136761852132622],[12667875.765972072258592,-225463.674726558674593],[12667909.493885351344943,-225451.358930916234385],[12667910.66307396069169,-225450.93204579630401],[12667938.154869366437197,-225439.259284426632803],[12667940.075019268319011,-225438.26528184680501],[12667970.928218018263578,-225422.293168110627448],[12668000.527180066332221,-225405.332465025916463],[12668022.718831872567534,-225388.384689582075225],[12668036.428606398403645,-225361.940344128524885],[12668048.024089843034744,-225336.556412205944071],[12668057.468546759337187,-225291.096372244937811],[12668060.50088968873024,-225271.953932615695521],[12668060.773511124774814,-225270.233461211551912],[12668061.654827527701855,-225264.668367642094381],[12668060.7996711935848,-225257.098911859618966],[12668058.431015072390437,-225236.139746007655049],[12668050.524770874530077,-225202.68718179964344],[12668027.961200658231974,-225157.811355332290987],[12668005.387945633381605,-225107.651105558674317],[12667974.885514598339796,-225061.467855147173395],[12667969.219241196289659,-225055.050309201702476],[12667936.451681161299348,-225017.940503370191436],[12667885.225123172625899,-224969.638933025154984],[12667860.934431046247482,-224946.735042273154249],[12667797.33994366042316,-224886.0776161099202],[12667752.379337156191468,-224829.826726740808226],[12667750.945208162069321,-224828.032211828860454],[12667723.078933991491795,-224776.559938270511338],[12667704.483569649979472,-224731.676713928696699],[12667704.41021010838449,-224689.40364392491756],[12667703.845820285379887,-224682.161484848387772],[12667702.716261411085725,-224667.666667715384392],[12667697.297896526753902,-224598.134030381421326],[12667694.940706305205822,-224567.884163865324808],[12667699.726999124512076,-224531.32723475099192],[12667699.704178629443049,-224518.116714319388848],[12667694.400918094441295,-224510.86040362843778],[12667690.07058989815414,-224509.048757057345938],[12667686.692377308383584,-224507.635487063846085],[12667673.889411361888051,-224504.951058654318331],[12667665.646759664639831,-224494.990317168005276],[12667664.610486524179578,-224493.738055324414745],[12667657.308484520763159,-224477.898356731486274],[12667651.968599870800972,-224449.504983298364095],[12667653.925262559205294,-224433.649146905896487],[12667664.492821823805571,-224425.704596932424465],[12667710.040193349123001,-224406.152749886532547],[12667739.168719228357077,-224393.210088815510971],[12667770.225298687815666,-224377.964465910830768],[12667794.427380500361323,-224361.826499541202793],[12667814.479249058291316,-224345.522661080118269],[12667834.954465640708804,-224330.295267831650563],[12667852.797198904678226,-224322.338115605496569],[12667871.960181323811412,-224313.057644088985398],[12667929.461151102557778,-224247.733857017999981],[12667939.064126968383789,-224234.16825767501723],[12667963.766923859715462,-224199.271848850970855],[12667964.267416287213564,-224197.727625833038474],[12667973.71699389629066,-224168.569280390540371],[12667978.502396168187261,-224153.802354715007823],[12667979.51306583173573,-224126.323154876037734],[12667974.167281245812774,-224094.627337918820558],[12667972.855047082528472,-224091.854939945740625],[12667972.103974472731352,-224090.267618323647184],[12667971.757325587794185,-224089.535399361455347],[12667969.847417084500194,-224085.499575488560367],[12667957.174583610147238,-224058.724184236780275],[12667949.676881952211261,-224042.69647577664],[12667905.168455220758915,-223967.926343147002626],[12667884.627560136839747,-223939.536537627107464],[12667866.983977451920509,-223915.150066358997719],[12667833.068713463842869,-223883.503830668225419],[12667808.701656164601445,-223866.636363715602783],[12667780.120933502912521,-223860.34475405496778],[12667745.202012995257974,-223860.404980407998664],[12667702.348907090723515,-223861.53546777300653],[12667689.997675629332662,-223866.045592912938446],[12667684.900467470288277,-223867.906752995651914],[12667665.875743852928281,-223880.621474992483854],[12667661.064626783132553,-223885.443340073717991],[12667648.446451185271144,-223898.089546488772612],[12667629.443657502532005,-223923.486275349307107],[12667625.392741231247783,-223941.158007224614266],[12667624.717699840664864,-223944.102798425941728],[12667617.050013318657875,-223968.315217315685004],[12667613.667125312611461,-223978.997377075691475],[12667596.248741952702403,-224002.806440856977133],[12667580.393172914162278,-224012.34518286382081],[12667550.243958620354533,-224017.152789097483037],[12667520.819656867533922,-224012.564649735199055],[12667520.078825643286109,-224012.449169934378006],[12667519.645570186898112,-224011.874423119035782],[12667500.988089580088854,-223987.11787350664963],[12667477.130541581660509,-223958.624304859928088],[12667448.524660712108016,-223938.065136561053805],[12667411.972237998619676,-223911.178774768224685],[12667391.708751088008285,-223902.859251790243434],[12667386.015872329473495,-223900.521806680684676],[12667345.787680026143789,-223882.229794763639802],[12667308.730646055191755,-223869.61132453463506],[12667225.113233191892505,-223856.016412916622357],[12667170.048935744911432,-223832.860758558730595],[12667114.975955380126834,-223804.420540954481112],[12667072.600744059309363,-223775.958880579972174],[12667019.607768379151821,-223726.378194662771421],[12666993.081001648679376,-223684.149980266025523],[12666981.287369517609477,-223649.014329504338093],[12666979.254119019955397,-223642.956877171585802],[12666979.412192694842815,-223637.250285028159851],[12666980.250428454950452,-223607.022582831472391],[12666984.397413453087211,-223557.343610483716475],[12666989.884128503501415,-223512.882778710802086],[12666994.833393067121506,-223472.77813430124661],[12667009.431274499744177,-223346.988397502020234],[12667010.396748432889581,-223293.087640360143268],[12666997.813193196430802,-223242.359536245232448],[12666994.302399095147848,-223228.207399761362467],[12666971.73960810340941,-223183.32987543384661],[12666939.906686525791883,-223131.863108940742677],[12666925.31025224365294,-223113.703961285966216],[12666897.490175666287541,-223079.093333671306027],[12666840.544133551418781,-223038.238138069369597],[12666776.998626744374633,-223005.320362047466915],[12666730.684152597561479,-222993.509973833803087],[12666676.460651284083724,-222997.565934006706811],[12666640.091349119320512,-223000.270275766786654],[12666627.528276666998863,-223001.612832469778368],[12666616.952145801857114,-223004.93347498762887],[12666607.708286611363292,-223013.536269425996579],[12666599.124440675601363,-223021.477565105684334],[12666586.905902050435543,-223029.380293306981912],[12666578.645439233630896,-223034.723223850363865],[12666568.072981908917427,-223040.025376945122844],[12666555.524380991235375,-223049.954923523124307],[12666535.710290869697928,-223065.181207070214441],[12666520.530987748876214,-223083.70205068285577],[12666502.060635190457106,-223111.475908607855672],[12666480.96792939119041,-223152.465023095661309],[12666460.528557697311044,-223188.829169600416208],[12666439.570548472926021,-223246.701815740176244],[12666436.832311641424894,-223254.262624278431758],[12666421.668036643415689,-223281.3702072968008],[12666405.841076727956533,-223307.818609656154877],[12666384.709631750360131,-223326.34959559791605],[12666325.574825810268521,-223362.219960895512486],[12666311.365226767957211,-223348.487872163503198],[12666276.877112679183483,-223315.158511406276375],[12666221.322341566905379,-223261.470471772248857],[12666186.809403240680695,-223229.65073760561063],[12666136.336032923310995,-223188.112086582143093],[12666064.053281921893358,-223137.983788361714687],[12666027.780605079606175,-223115.356269742915174],[12665970.163974357768893,-223084.450407742580865],[12665956.992095608264208,-223078.452831954578869],[12665955.267868012189865,-223077.667786364647327],[12665938.075351903215051,-223041.577787229907699],[12665921.11059545725584,-223021.526630472479155],[12665838.720034698024392,-222964.916352705273312],[12665814.085254019126296,-222945.934790908067953],[12665804.552298106253147,-222940.402558231871808],[12665795.881511656567454,-222920.988024993130239],[12665794.754735765978694,-222918.464804093033308],[12665778.868999160826206,-222910.565386378904805],[12665761.65143615193665,-222897.384034183603944],[12665747.74818834848702,-222888.820685573708033],[12665735.821529429405928,-222875.630380707036238],[12665729.853468891233206,-222866.39304480937426],[12665725.202651876956224,-222853.850644857506268],[12665719.234591336920857,-222844.613197358557954],[12665706.64970026910305,-222833.405618321936345],[12665691.412844957783818,-222818.239100334816612],[12665675.521431054919958,-222807.037155589147005],[12665669.56806468591094,-222806.386928253457882],[12665665.604534216225147,-222809.035908446676331],[12665668.267964359372854,-222819.599892132420791],[12665676.223523087799549,-222830.815428563626483],[12665710.008543265983462,-222863.784732252097456],[12665719.285241702571511,-222874.337551539734704],[12665721.949005797505379,-222884.901641999807907],[12665721.97060177847743,-222897.451664867141517],[12665722.004108944907784,-222917.267674834292848],[12665730.432664198800921,-222920.858510042482521],[12665731.270009402185678,-222921.215228692133678],[12665737.269128078594804,-222920.87199196984875],[12665743.173068599775434,-222920.534170126717072],[12665744.955850247293711,-222920.88724202584126],[12665753.096867248415947,-222922.49899590696441],[12665759.054463753476739,-222925.7915709092631],[12665763.695039367303252,-222932.388987074489705],[12665760.903591811656952,-222940.477040369034512],[12665729.737696615979075,-222940.530194540217053],[12665698.320442011579871,-222920.794968150788918],[12665564.610037516802549,-222836.802845684345812],[12665558.564609928056598,-222833.00535946857417],[12665564.636197598651052,-222823.672100757772569],[12665567.845427190884948,-222818.738595132977935],[12665572.992840452119708,-222809.661603070911951],[12665590.791379878297448,-222778.274981336609926],[12665612.965331884101033,-222750.4944428561721],[12665631.742592273280025,-222720.688072014716454],[12665631.960778471082449,-222720.341519691050053],[12665644.626153541728854,-222701.296390805859119],[12665651.737910531461239,-222683.053656955627957],[12665652.513473423197865,-222674.766125846712384],[12665654.060146423056722,-222648.965761097264476],[12665654.020071411505342,-222625.548604277631966],[12665654.014171479269862,-222622.015669433108997],[12665650.772213950753212,-222582.389109485375229],[12665645.135774170979857,-222534.839900638704421],[12665643.504164386540651,-222508.685338615090586],[12665637.917373111471534,-222490.464024307468208],[12665622.799518343061209,-222467.503134585829685],[12665622.09809423238039,-222466.230746526736766],[12665609.26596256904304,-222442.953911648102803],[12665603.760323191061616,-222436.065179133496713],[12665605.057083943858743,-222422.09178275911836],[12665607.109147427603602,-222399.978591040126048],[12665613.438328396528959,-222388.342435217113234],[12665629.28376735560596,-222372.46244133147411],[12665650.414321785792708,-222353.40291062250617],[12665674.714030783623457,-222331.167599372158293],[12665685.286488108336926,-222325.865204938600073],[12665708.56762376613915,-222326.882652025611605],[12665726.552845977246761,-222324.738133920065593],[12665748.74494307115674,-222307.790627272479469],[12665781.515286089852452,-222288.711308971280232],[12665826.987294329330325,-222271.724126652552513],[12665846.91982838883996,-222272.595150901324814],[12665873.549343027174473,-222273.758800395502476],[12665897.888793079182506,-222274.774148113327101],[12665927.520817019045353,-222276.83755391248269],[12665943.403548005968332,-222283.151761164015625],[12665963.530334586277604,-222295.799845453118905],[12665997.425561059266329,-222315.822459303570213],[12666017.555241942405701,-222330.5842276950425],[12666028.167440306395292,-222348.532713534979848],[12666032.423852359876037,-222362.264766046078876],[12666039.890495892614126,-222397.128259499353589],[12666066.45967535674572,-222464.721982039394788],[12666087.673051474615932,-222494.277983232605038],[12666111.003056403249502,-222523.83000142176752],[12666172.474681086838245,-222581.588369678036543],[12666201.876273674890399,-222603.732150374766206],[12666264.625846127048135,-222635.330976718978491],[12666313.074648862704635,-222657.442040677124169],[12666333.731316221877933,-222670.881777178146876],[12666347.245725041255355,-222684.333558055193862],[12666356.006902923807502,-222702.549659406096907],[12666357.617028033360839,-222716.021550393168582],[12666355.242360660806298,-222731.615299727331148],[12666354.47781839594245,-222736.635556252178503],[12666342.630752904340625,-222769.946787647757446],[12666321.257410675287247,-222801.688914091646438],[12666296.684078365564346,-222818.376240389683517],[12666273.682688575237989,-222826.342187675822061],[12666248.293829668313265,-222830.348644074343611],[12666218.138047533109784,-222831.192812332854373],[12666186.392957026138902,-222831.246850593975978],[12666114.163305418565869,-222825.029024749383098],[12666055.403200894594193,-222806.106017664598767],[12665991.063652152195573,-222772.924749870260712],[12665909.222341760993004,-222715.20147230339353],[12665803.557658458128572,-222648.799336351628881],[12665783.149122251197696,-222635.825499162107008],[12665774.956453008577228,-222630.617155598796671],[12665761.453955376520753,-222624.298981912754243],[12665749.548224514350295,-222623.526753303012811],[12665740.821333039551973,-222625.126906459016027],[12665738.451007118448615,-222631.47215452673845],[12665738.471601221710443,-222643.361468449002132],[12665748.814295114949346,-222658.404232044907985],[12665769.503913035616279,-222690.867330359964399],[12665773.498835597187281,-222706.713592058251379],[12665779.074494929984212,-222718.593728990788804],[12665784.646369403228164,-222728.096069869527128],[12665802.937274942174554,-222750.258729853434488],[12666016.401638058945537,-222893.8915503397875],[12666100.03385641053319,-222915.942909248668002],[12666139.194717448204756,-222921.160195892909542],[12666189.986127542331815,-222921.073557904397603],[12666260.873266089707613,-222915.66840827075066],[12666312.702841771766543,-222903.954266486660345],[12666319.012987108901143,-222901.691290866263444],[12666357.117982756346464,-222888.025472474109847],[12666387.773589409887791,-222870.006535070948303],[12666407.853065202012658,-222855.176405459293164],[12666425.807451907545328,-222835.065554317494389],[12666436.712865825742483,-222811.620241601078305],[12666447.947117520496249,-222787.469334137946134],[12666452.11269286647439,-222748.358549265365582],[12666453.11824182420969,-222717.70789880034863],[12666447.771344043314457,-222684.954832786723273],[12666433.959489550441504,-222652.215905966586433],[12666402.131799969822168,-222603.654905403993325],[12666363.978825610131025,-222568.84350003983127],[12666299.34851036965847,-222520.338394577760482],[12666268.611529167741537,-222490.798863223084481],[12666245.315921975299716,-222481.3270103429968],[12666220.976917183026671,-222480.311663757456699],[12666198.751869523897767,-222478.23566232540179],[12666181.797911081463099,-222464.525388467474841],[12666161.649862488731742,-222439.195316141238436],[12666125.456556439399719,-222357.92279730446171],[12666112.76902879588306,-222318.796671556512592],[12666092.60495020262897,-222283.95471242396161],[12666066.111579306423664,-222260.748911307746312],[12666013.135301550850272,-222220.678252694866387],[12665946.417968498542905,-222189.086096593062393],[12665893.506478685885668,-222187.062251710478449],[12665855.41328289359808,-222187.126898935675854],[12665846.854038570076227,-222188.533445715147536],[12665809.925244651734829,-222194.602217550651403],[12665768.837999833747745,-222209.079879371565767],[12665749.646519621834159,-222215.842309612984536],[12665697.838428614661098,-222240.238066975754919],[12665654.528022242709994,-222283.643190324539319],[12665649.757759425789118,-222288.560355023713782],[12665617.557260876521468,-222321.752870960481232],[12665584.797938484698534,-222347.173465381347341],[12665576.356024904176593,-222360.926846038724761],[12665576.381183110177517,-222375.722978813486407],[12665581.684666292741895,-222383.112093607196584],[12665580.480634681880474,-222386.499494032294024],[12665580.292727380990982,-222387.319242051889887],[12665579.850455038249493,-222389.248600452527171],[12665577.31582155264914,-222392.211981742322678],[12665574.567899925634265,-222393.907836790021975],[12665572.02937026321888,-222394.546351730357856],[12665569.568318953737617,-222395.05292018171167],[12665559.167071007192135,-222383.590593069995521],[12665544.058567080646753,-222366.178295293648262],[12665528.949951833114028,-222348.765443340264028],[12665513.05876056663692,-222337.695527217903873],[12665486.843911040574312,-222322.679701511719031],[12665391.539621422067285,-222281.623766792472452],[12665375.030718304216862,-222271.444320333364885],[12665374.338422397151589,-222259.033163604763104],[12665368.85827517695725,-222160.773483763332479],[12665367.892467275261879,-222138.213697609608062],[12665405.565654627978802,-222129.411395342642209],[12665462.706060566008091,-222129.314369218074717],[12665512.70264950953424,-222128.436824317381252],[12665569.03431935980916,-222119.622034169442486],[12665599.971675639972091,-222111.643016519141383],[12665626.629688054323196,-222102.347404720319901],[12665777.735766742378473,-222008.16716194851324],[12665837.210653726011515,-221946.404570718790637],[12665912.453501299023628,-221857.764360072847921],[12665983.705545138567686,-221755.920351015374763],[12666039.1412044018507,-221687.130117034335854],[12666073.505531197413802,-221650.394256939616753],[12666073.510095298290253,-221650.389394571422599],[12666151.639791235327721,-221634.401149797136895],[12666739.316756473854184,-221514.109949824982323],[12666885.899367641657591,-221513.56635863147676],[12666954.755927354097366,-221513.310973542102147],[12667797.301649754866958,-221510.185462273773737],[12671126.400411482900381,-221497.796798388502793],[12671126.394845502451062,-221497.868960426596459],[12671081.113638877868652,-222077.64132235822035],[12671081.113416228443384,-222077.645190146140521],[12671058.69823489151895,-222364.640687408391386],[12671247.585814777761698,-222589.360275401471881],[12671807.19011951610446,-223255.117841339175357]]]]}},
{"type":"Feature","properties":{"ID":0,"NAMOBJ":"KTH Tumbang Tahai","WADMKD":"Tumbang Tahai","WADMKC":"Bukit Batu","SKEMA":"Community Forest (HKm)","LUAS":1054977.4323770001,"SK":"Sudah","KETERANGAN":"SK. 9885/MENLHK-PSKL/PKPS/PSL.0/9/2023"},"geometry":{"type":"MultiPolygon","coordinates":[[[[12666895.604423489421606,-223508.015264357090928],[12666895.236067291349173,-223509.365994905907428],[12666888.457155589014292,-223540.346267610962968],[12666886.181339915841818,-223563.138279381179018],[12666887.92816536873579,-223617.298539018520387],[12666889.288378218188882,-223639.093655757140368],[12666894.633494894951582,-223670.789772211079253],[12666907.798137877136469,-223721.495325454918202],[12666922.145884402096272,-223757.93196289849584],[12666950.002139823511243,-223803.85695470214705],[12666976.252388941124082,-223839.480133180215489],[12667004.082150327041745,-223870.344980968046002],[12667031.106069911271334,-223894.077366918732878],[12667060.498645616695285,-223910.672210484015523],[12667113.715930063277483,-223936.737394621130079],[12667144.158025940880179,-223948.442409208073514],[12667189.814824528992176,-223962.234679525718093],[12667232.820549448952079,-223972.729309246613411],[12667284.420139053836465,-223981.227297875506338],[12667320.145235316827893,-223988.431359680136666],[12667353.230501186102629,-223998.942784973274684],[12667382.352570530027151,-224012.103062067821156],[12667385.587292293086648,-224014.494543673470616],[12667386.638036964461207,-224015.271297248167684],[12667405.529288509860635,-224029.236837482516421],[12667428.720700673758984,-224054.957223110890482],[12667454.813877990469337,-224093.422149297577562],[12667464.52494508959353,-224107.737438016076339],[12667482.433245535939932,-224138.090704306960106],[12667491.077871905639768,-224165.157269653340336],[12667496.436792191118002,-224204.779290185804712],[12667496.465957904234529,-224205.486423625203315],[12667498.507891319692135,-224254.975591211114079],[12667499.254845101386309,-224304.513478964392561],[12667497.309870962053537,-224326.974649211741053],[12667497.024336462840438,-224338.894353632844286],[12667496.692827019840479,-224352.736101679358399],[12667502.678253404796124,-224371.880847482651006],[12667513.295238520950079,-224392.338964076072443],[12667534.543680286034942,-224441.841342106054071],[12667557.127844618633389,-224498.607201186881866],[12667597.650810930877924,-224602.899297235737322],[12667624.348675733432174,-224743.544343469489831],[12667632.368354482576251,-224791.748285676178057],[12667638.355228018015623,-224810.428637329139747],[12667641.677558219060302,-224820.795031026791548],[12667659.367115862667561,-224861.8229943109327],[12667659.606118811294436,-224862.376963254035218],[12667678.174321193248034,-224891.407563458546065],[12667679.870496282353997,-224893.862574821861926],[12667707.34670695848763,-224933.630306434381055],[12667735.181589024141431,-224967.268791606009472],[12667760.362169165164232,-224995.627275317849126],[12667779.571126541122794,-225012.767478757567005],[12667790.201581314206123,-225020.701615689264145],[12667806.059376731514931,-225032.53706915085786],[12667828.571406038478017,-225047.690254299697699],[12667863.011764051392674,-225076.693198538850993],[12667888.849351827055216,-225102.408796019270085],[12667919.326290702447295,-225134.060678296489641],[12667944.512214172631502,-225165.721616611845093],[12667953.799821928143501,-225182.218547081865836],[12667962.993698677048087,-225204.408648397657089],[12667963.097893720492721,-225204.66005015434348],[12667969.108700945973396,-225238.33583660973818],[12667971.151302272453904,-225272.018689262709813],[12667969.497094642370939,-225287.125883991509909],[12667952.711673909798265,-225316.48948249820387],[12667941.234634403139353,-225333.946808629436418],[12667928.96065866202116,-225349.42419393878663],[12667912.316057089716196,-225361.739001887472114],[12667887.733262620866299,-225372.878465466958005],[12667853.620740495622158,-225380.467365540767787],[12667817.915125140920281,-225384.492552306997823],[12667781.796737123280764,-225379.4033017361362],[12667717.88176092132926,-225362.869037977361586],[12667689.293691175058484,-225352.614396736229537],[12667671.818757504224777,-225343.925959015585249],[12667647.188429608941078,-225327.719895429123426],[12667620.160613846033812,-225302.00653975296882],[12667587.157947052270174,-225263.22515629362897],[12667574.02814706787467,-225243.036219649249688],[12667559.83313087746501,-225219.413298910891172],[12667547.074915358796716,-225198.182172812521458],[12667541.784567873924971,-225184.914458223909605],[12667526.503852695226669,-225144.649392345076194],[12667516.601761355996132,-225098.120045447984012],[12667516.280604628846049,-225096.611081517388811],[12667498.399466130882502,-225044.174715454108082],[12667491.090005725622177,-225024.371642895217519],[12667484.125079147517681,-225012.164003413054161],[12667475.170761954039335,-224997.318023085739696],[12667464.229837115854025,-224980.824059626233066],[12667450.312451735138893,-224964.00454279180849],[12667433.41326248459518,-224943.888065345876385],[12667409.243574641644955,-224926.425950213626493],[12667393.682890942320228,-224915.554327058867784],[12667369.847495527938008,-224900.073700362670934],[12667358.593874242156744,-224893.817930209945189],[12667344.697416933253407,-224889.21832009658101],[12667325.510946094989777,-224884.958185702300398],[12667299.712765421718359,-224881.700123779970454],[12667287.146687349304557,-224881.391810758039355],[12667258.71368564479053,-224884.412946839554934],[12667235.247314348816872,-224891.058694586157799],[12667211.123490134254098,-224900.017563090019394],[12667188.661220647394657,-224913.597479027957888],[12667174.455851750448346,-224921.547754189377883],[12667154.310586143285036,-224936.444242097262759],[12667126.252174524590373,-224964.565141809318447],[12667114.042207496240735,-224979.117730298603419],[12667076.099070372059941,-225032.529886237491155],[12667073.379869174212217,-225036.571877633337863],[12667070.60166865028441,-225047.871816250029951],[12667070.186112981289625,-225052.522586826147744],[12667068.709459934383631,-225055.061470344895497],[12667067.230914464220405,-225056.754980224737665],[12667065.326905895024538,-225057.181313739012694],[12667060.795200742781162,-225055.278173307684483],[12667054.522347433492541,-225047.581737052852986],[12667054.092988153919578,-225047.05484273089678],[12667051.116972899064422,-225039.450789453781908],[12667049.828227153047919,-225028.462146763835335],[12667049.744737531989813,-224980.376177187863505],[12667055.256610799580812,-224955.398855923645897],[12667066.726971130818129,-224933.978180672071176],[12667076.623496504500508,-224920.08995328869787],[12667087.719044100493193,-224911.351988144277129],[12667109.63707260787487,-224888.988466669892659],[12667128.78769856877625,-224872.442444905434968],[12667145.968748776242137,-224864.486421267618425],[12667175.050743108615279,-224854.528351474757073],[12667199.517320031300187,-224852.504535865155049],[12667238.53669398650527,-224852.436905900249258],[12667263.004384104162455,-224851.073476982390275],[12667274.899650931358337,-224845.768723935208982],[12667276.208656826987863,-224837.840215258212993],[12667272.891336001455784,-224831.901265083492035],[12667248.413738438859582,-224827.319886982266326],[12667219.31426695547998,-224827.370167438493809],[12667168.395062070339918,-224830.100230308715254],[12667151.208111928775907,-224834.753769073984586],[12667114.193379361182451,-224846.707034460210707],[12667078.518042914569378,-224868.566099075658713],[12667048.15888006798923,-224904.947255686973222],[12667031.00855403020978,-224930.737248119461583],[12667019.155699936673045,-224960.481266890419647],[12667011.301998538896441,-225008.052613474748796],[12667013.330573618412018,-225033.809328967239708],[12667014.010513065382838,-225044.376500071783084],[12667012.035705301910639,-225049.664118878688896],[12667003.442397208884358,-225052.32091272258549],[12666988.229252966120839,-225051.026220242900308],[12666974.907092897221446,-225048.903835132980021],[12666867.982161641120911,-224657.541722269204911],[12666878.76434488222003,-224593.115371690160828],[12666885.304142327979207,-224528.122651778772706],[12666875.423090364784002,-224372.826453883462818],[12666868.757613213732839,-224268.065346611925634],[12666854.03293889388442,-224204.421910974546336],[12666835.172300202772021,-224141.876781422470231],[12666812.256069835275412,-224080.69771740512806],[12666810.571360656991601,-224076.908102806803072],[12666813.592905599623919,-224077.355545421509305],[12666822.193894732743502,-224079.322126986138755],[12666830.801451722159982,-224085.252150449057808],[12666840.73103897459805,-224090.519132107467158],[12666855.288622748106718,-224095.117988702870207],[12666875.758162032812834,-224097.77435434437939],[12666901.773081755265594,-224101.150341077620396],[12666913.301884820684791,-224098.217155615944648],[12666916.23838167078793,-224097.470128762390232],[12666918.119792383164167,-224096.991523238481022],[12666922.744671937078238,-224094.341124959784793],[12666928.686795044690371,-224088.386348234053003],[12666934.623908763751388,-224079.789129324257374],[12666940.558907421305776,-224069.871241478918819],[12666940.543990602716804,-224061.284409353684168],[12666939.860043657943606,-224048.075070692400914],[12666935.874694559723139,-224038.173978193372022],[12666921.313771212473512,-224031.593840696907137],[12666909.399246115237474,-224025.669451349502197],[12666891.536030067130923,-224021.737171110347845],[12666855.809931926429272,-224013.872057844331721],[12666844.457124974578619,-224012.698363183677429],[12666843.241961406543851,-224012.572827253374271],[12666823.39480940438807,-224008.643751434166916],[12666798.92255518771708,-224007.364854090264998],[12666777.859794329851866,-224006.422671526524937],[12666746.890044078230858,-223944.766282596887322],[12666692.304420441389084,-223836.708836432721],[12666712.42241277359426,-223837.097268848854583],[12666729.887995602563024,-223840.634158685541479],[12666754.900594623759389,-223848.517292011209065],[12666767.215869903564453,-223856.81902581313625],[12666777.942949982360005,-223864.33052316706744],[12666789.863708982244134,-223873.821643810777459],[12666798.609524771571159,-223883.31828931599739],[12666808.55024398304522,-223895.190725488821045],[12666841.167745338752866,-223941.107395008089952],[12666865.822340877726674,-223971.581141442235094],[12666884.230465842410922,-223984.760206687176833],[12666904.091644102707505,-223996.615397215238772],[12666921.475629748776555,-224002.510613648191793],[12666931.222653042525053,-224005.816098671231885],[12666940.125206677243114,-224010.094376622349955],[12666953.623251540586352,-224014.034171587467426],[12666963.146967932581902,-224014.017927063337993],[12666970.28677743114531,-224012.420217109494843],[12666975.82837300375104,-224004.484489472844871],[12666977.400538176298141,-223995.76272526269895],[12666976.59313790500164,-223987.8377160919772],[12666971.820648696273565,-223981.505112473125337],[12666963.082513947039843,-223976.764141036110232],[12666955.139423005282879,-223972.814731164020486],[12666953.535865742713213,-223963.305823998642154],[12666955.106695069000125,-223953.791722516412847],[12666954.294062785804272,-223942.696154512930661],[12666950.807425022125244,-223935.761396544286981],[12666949.516118930652738,-223933.192660634143976],[12666918.525440607219934,-223910.259798190614674],[12666906.800715234130621,-223899.381263413146371],[12666890.490740042179823,-223875.630312955006957],[12666872.194268537685275,-223850.693839478393784],[12666863.046032777056098,-223838.027185997198103],[12666832.445640601217747,-223811.130311415035976],[12666817.343036595731974,-223797.285428381728707],[12666779.607732977718115,-223775.156267324608052],[12666755.78035257011652,-223764.100471116718836],[12666743.393498869612813,-223759.758093312790152],[12666722.031177267432213,-223752.268914129293989],[12666700.200200604274869,-223748.343147968058474],[12666682.738291317597032,-223747.184259570960421],[12666655.357258811593056,-223746.438667882030131],[12666643.495053865015507,-223748.31054836048861],[12666638.552023204043508,-223739.846474673977355],[12666564.882120030000806,-223631.814435371226864],[12666496.19354142434895,-223542.290200925344834],[12666484.960180288180709,-223528.583431775274221],[12666455.622262457385659,-223492.783713009237545],[12666418.876032495871186,-223453.422115437599132],[12666417.711296668276191,-223454.570949516346445],[12666395.638868039473891,-223432.322841399931349],[12666410.030697083100677,-223420.619893648603465],[12666431.032232210040092,-223403.542088820307981],[12666488.875954708084464,-223350.732498080993537],[12666498.861090393736959,-223339.168342425109586],[12666506.696758020669222,-223330.093475583387772],[12666527.27516776882112,-223297.89029253856279],[12666542.435212621465325,-223268.140589834889397],[12666557.114579917863011,-223234.179111943492899],[12666566.14982638694346,-223213.275742556346813],[12666583.380191126838326,-223187.365829587652115],[12666587.918018851429224,-223180.542213715292746],[12666594.409169688820839,-223168.003592349210521],[12666605.715445090085268,-223146.163995908369543],[12666610.659588949754834,-223136.908218787022633],[12666615.937023367732763,-223129.302981413260568],[12666624.186020275577903,-223118.720450175984297],[12666634.091339882463217,-223110.116555561631685],[12666634.491088172420859,-223109.762047422846081],[12666642.675742421299219,-223102.505570696986979],[12666651.926169468089938,-223097.535826047940645],[12666657.637972541153431,-223095.623382692865562],[12666658.866160480305552,-223095.212073658098234],[12666668.784059194847941,-223093.874158946855459],[12666680.688454212620854,-223093.853825562138809],[12666707.71014741808176,-223095.026531506038737],[12666712.498332671821117,-223095.731680072960444],[12666721.697218796238303,-223097.086170901078731],[12666741.217314137145877,-223102.997550212399801],[12666758.423411231487989,-223109.57341108226683],[12666772.659170355647802,-223119.456872282287804],[12666791.200099471956491,-223132.966084406652953],[12666814.044974042102695,-223149.440211810055189],[12666831.264763440936804,-223163.942552572872955],[12666850.154679151251912,-223188.019260302797193],[12666865.402666406705976,-223209.790779190225294],[12666880.999528938904405,-223241.799705531273503],[12666892.621840376406908,-223270.182546101801563],[12666900.599440360441804,-223294.278136732027633],[12666904.603825079277158,-223315.408258130337344],[12666906.091944040730596,-223334.508908904332202],[12666906.970700094476342,-223345.788508341705892],[12666908.693257903680205,-223386.077948680263944],[12666909.079759174957871,-223418.443230592936743],[12666905.837133724242449,-223455.768517314514611],[12666900.933176195248961,-223488.47304440086009],[12666895.604423489421606,-223508.015264357090928]]]]}},
{"type":"Feature","properties":{"ID":0,"NAMOBJ":"KTH Tumbang Tahai","WADMKD":"Tumbang Tahai","WADMKC":"Bukit Batu","SKEMA":"Community Forest (HKm)","LUAS":63228.448,"SK":"Sudah","KETERANGAN":"SK. 9885/MENLHK-PSKL/PKPS/PSL.0/9/2023"},"geometry":{"type":"MultiPolygon","coordinates":[[[[12667849.664111837744713,-224231.860874637844972],[12667801.057124093174934,-224271.047594389645383],[12667783.088599808514118,-224282.703854178311303],[12667770.689946239814162,-224291.957695085409796],[12667752.838084785267711,-224294.300218533346197],[12667738.287848100066185,-224293.995219730975805],[12667722.409681214019656,-224290.719908247323474],[12667699.243761224672198,-224279.861176706472179],[12667681.374422593042254,-224272.296321533620358],[12667673.76451088488102,-224269.667364107823232],[12667668.660178277641535,-224269.048636379447998],[12667660.45838083140552,-224268.402171426743735],[12667651.33185238391161,-224268.417863400100032],[12667641.280036319047213,-224268.831490458396729],[12667614.869598453864455,-224274.822065551852575],[12667611.703338174149394,-224279.583252047974383],[12667606.727468255907297,-224308.681353662250331],[12667602.378327073529363,-224317.803800677298568],[12667600.40207214653492,-224318.795157171116443],[12667596.827714614570141,-224320.587577433412662],[12667592.061014020815492,-224317.425425396213541],[12667590.453003972768784,-224305.53876111889258],[12667593.983724270015955,-224282.150104502070462],[12667599.902915550395846,-224263.116961238265503],[12667601.846999142318964,-224240.127449947438436],[12667601.008986007422209,-224214.368191822781228],[12667594.203246301040053,-224179.768600725656142],[12667594.192559627816081,-224173.55966092957533],[12667596.157571280375123,-224162.591741652053315],[12667597.733409993350506,-224155.851594619452953],[12667600.371236642822623,-224151.487787720718188],[12667603.009842535480857,-224147.652093207725557],[12667606.708655258640647,-224144.871739539958071],[12667608.304420165717602,-224143.8317590689403],[12667609.351157328113914,-224143.149710458063055],[12667614.772861814126372,-224142.479707095510093],[12667620.196903996169567,-224142.998758027504664],[12667624.300140429288149,-224144.708962871605763],[12667628.008971901610494,-224147.741272276442032],[12667628.677222810685635,-224151.703165669925511],[12667628.817262731492519,-224156.194387012161314],[12667627.914350334554911,-224163.285614428838016],[12667627.527849063277245,-224169.230995640944457],[12667627.668000299483538,-224173.590160827967338],[12667628.994594678282738,-224175.965948357596062],[12667631.775021594017744,-224177.678363034297945],[12667635.083102909848094,-224178.333226822316647],[12667645.400749918073416,-224178.843658119323663],[12667654.39703455939889,-224180.017241207009647],[12667659.688940512016416,-224180.536513050668873],[12667663.920305676758289,-224179.868498946161708],[12667668.149889726191759,-224178.011983311414951],[12667671.849926961585879,-224176.023853962135036],[12667675.548628365620971,-224173.243169206514722],[12667676.864758707582951,-224169.410016804351471],[12667678.862609602510929,-224162.008707282715477],[12667679.211262255907059,-224158.565201958757825],[12667680.319002501666546,-224147.63330703205429],[12667680.514590851962566,-224138.544224651152035],[12667686.043162046000361,-224092.4671483678394],[12667686.152811735868454,-224091.682880651787855],[12667691.530878974124789,-224053.222595394589007],[12667695.252289555966854,-224025.474075023434125],[12667698.20626357011497,-224012.588850766012911],[12667703.152077214792371,-224004.323812315764371],[12667716.301024151965976,-223989.914916116133099],[12667732.364204036071897,-223977.839153172652004],[12667741.294030947610736,-223972.830533662228845],[12667744.838332217186689,-223970.842512599629117],[12667757.948094692081213,-223964.479187450779136],[12667771.695606527850032,-223959.382714505394688],[12667783.544898396357894,-223958.516560522373766],[12667796.290534820407629,-223962.460113828943577],[12667816.417321398854256,-223975.107530525769107],[12667836.560249298810959,-223997.266172895149793],[12667851.40926749072969,-224017.320428184932098],[12667863.087127348408103,-224039.493762895494001],[12667877.959411321207881,-224073.286900713457726],[12667882.025133090093732,-224090.210044209467014],[12667883.288943266496062,-224095.471279369521653],[12667885.452771527692676,-224122.945068977103801],[12667885.496631411835551,-224148.309056736703496],[12667871.812126398086548,-224189.549012088682503],[12667849.664111837744713,-224231.860874637844972]]]]}},
{"type":"Feature","properties":{"ID":0,"NAMOBJ":"KTH Tumbang Tahai","WADMKD":"Tumbang Tahai","WADMKC":"Bukit Batu","SKEMA":"Community Forest (HKm)","LUAS":38939.074302000001,"SK":"Sudah","KETERANGAN":"SK. 9885/MENLHK-PSKL/PKPS/PSL.0/9/2023"},"geometry":{"type":"MultiPolygon","coordinates":[[[[12665424.977658748626709,-222724.872116664453642],[12665416.361084885895252,-222713.657347365806345],[12665407.731152687221766,-222694.516407555318438],[12665397.068081296980381,-222675.9524269081885],[12665382.623041527345777,-222409.271093689603731],[12665424.699026072397828,-222432.818124683049973],[12665471.556405367329717,-222452.554729236173443],[12665509.684889443218708,-222473.098702432820573],[12665535.912095429375768,-222495.248353027855046],[12665548.647713089361787,-222517.420544580294518],[12665554.979565724730492,-222558.194853013585089],[12665555.692678384482861,-222588.578542971983552],[12665548.474166003987193,-222621.617841293598758],[12665530.037765897810459,-222669.20791572399321],[12665516.176374223083258,-222685.08434790262254],[12665504.952586565166712,-222696.33271329922718],[12665495.702827440574765,-222701.632555438060081],[12665477.184830136597157,-222701.66416066486272],[12665462.648731039837003,-222709.615525951434392],[12665456.048932388424873,-222717.552966921328334],[12665454.086147118359804,-222730.106758416979574],[12665450.789754362776875,-222736.057269212062238],[12665436.237625252455473,-222734.760902814188739],[12665424.977658748626709,-222724.872116664453642]]]]}},
{"type":"Feature","properties":{"ID":0,"NAMOBJ":"KTH Tumbang Tahai","WADMKD":"Tumbang Tahai","WADMKC":"Bukit Batu","SKEMA":"Community Forest (HKm)","LUAS":106129.182086,"SK":"Sudah","KETERANGAN":"SK. 9885/MENLHK-PSKL/PKPS/PSL.0/9/2023"},"geometry":{"type":"MultiPolygon","coordinates":[[[[12665474.263695379719138,-222017.71120085255825],[12665458.385417176410556,-222014.435296436102362],[12665447.134578876197338,-222009.830752116366057],[12665435.737132811918855,-222005.750126974686282],[12665425.892482329159975,-222003.547588355635526],[12665420.175781199708581,-222001.971962646901375],[12665413.983745846897364,-222000.872737716912525],[12665410.80935924500227,-222000.878152623597998],[12665402.238760326057673,-222001.209677181817824],[12665397.164817936718464,-222004.230307918100152],[12665391.140541054308414,-222008.362429907836486],[12665386.231908105313778,-222015.504573572135996],[12665380.99989203736186,-222018.842473047785461],[12665374.652788629755378,-222019.963136456673965],[12665367.192935600876808,-222019.975734387320699],[12665361.388180749490857,-222018.734838085831143],[12665351.61933883652091,-221839.485185955418274],[12665350.095820287242532,-221811.531892768631224],[12665397.700376011431217,-221788.721873331815004],[12665882.499541403725743,-221689.490686378238024],[12665853.398066150024533,-221736.337831471668324],[12665809.894965754821897,-221822.281918784457957],[12665781.537104709073901,-221869.228266798716504],[12665753.167555123567581,-221909.569636018015444],[12665734.021715901792049,-221928.7577334222442],[12665703.635502414777875,-221949.946580116229597],[12665678.527168629691005,-221963.199830085854046],[12665642.839141758158803,-221977.792549001809675],[12665603.852495728060603,-221997.014233838126529],[12665558.903466457501054,-222010.301516963867471],[12665498.0721514839679,-222017.670754854247207],[12665474.263695379719138,-222017.71120085255825]]]]}},
{"type":"Feature","properties":{"ID":0,"NAMOBJ":"KTH Marang","WADMKD":"Marang","WADMKC":"Bukit Batu","SKEMA":"Community Forest (HKm)","LUAS":1625825.9424630001,"SK":"Sudah","KETERANGAN":"SK.7482/MENLHK-PSKL/PKPS/PSL.0/7/2023"},"geometry":{"type":"MultiPolygon","coordinates":[[[[12672530.480829894542694,-230336.616779000527458],[12672561.055507276207209,-230411.623745280172443],[12672572.096285704523325,-230454.936528086866019],[12672577.192269349470735,-230469.400493418681435],[12672598.425015065819025,-230534.027193868445465],[12672602.608512852340937,-230548.225172081816709],[12672602.671297039836645,-230548.438442866696278],[12672682.505739649757743,-230606.346866297215456],[12672767.435720646753907,-230664.149851157679223],[12672830.283699512481689,-230700.955167394131422],[12672941.542075902223587,-230737.734065851109335],[12673031.567929225042462,-230743.05588448990602],[12673074.032975375652313,-230743.056105499621481],[12673096.766196511685848,-230730.475905013445299],[12673121.59400518424809,-230716.736307293671416],[12673175.099607113748789,-230679.957515012560179],[12673211.619524538516998,-230649.238033199042547],[12673243.892937354743481,-230622.049115449539386],[12673257.481930227950215,-230602.157809473021189],[12673275.317205088213086,-230574.863464715395821],[12673311.69251849129796,-230502.736607323546195],[12673313.904993373900652,-230498.35052117460873],[12673317.782139919698238,-230490.661720288568176],[12673350.055664055049419,-230427.56304064131109],[12673359.092468990013003,-230407.89492923868238],[12673364.955443941056728,-230395.133590586367063],[12673381.479820471256971,-230359.168919049989199],[12673381.479931788519025,-230296.07019299059175],[12673381.479931788519025,-230248.779146661516279],[12673381.621307540684938,-230248.708756137319142],[12673423.944755302742124,-230227.64961083928938],[12673429.487575391307473,-230219.527846771525219],[12673440.080070214346051,-230204.006124506384367],[12673456.218279436230659,-230180.358656930970028],[12673465.82960426621139,-230176.198210459493566],[12673481.624170223250985,-230169.361596648202976],[12673488.268162712454796,-230166.485860519169364],[12673488.319147031754255,-230166.524978664703667],[12673519.842489115893841,-230190.842208079353441],[12673556.54051772877574,-230246.056348219455685],[12673559.941996097564697,-230258.77515379153192],[12673560.01279529184103,-230259.03991939756088],[12673561.531304465606809,-230264.718014524318278],[12673561.531304465606809,-230301.365725036594085],[12673603.146314987912774,-230394.054417383333202],[12673606.477105468511581,-230402.330656841193559],[12673649.009499907493591,-230511.765035812102724],[12673655.719170898199081,-230523.987111434980761],[12673658.573959246277809,-230530.539497952355305],[12673659.04361617192626,-230531.617565300257411],[12673703.515530101954937,-230633.689938041934511],[12673711.187224132940173,-230645.435406156175304],[12673711.306781267747283,-230645.618288518191548],[12673713.101696737110615,-230648.366275539825438],[12673714.405359290540218,-230654.8232934679545],[12673715.540706779807806,-230659.708959515177412],[12673716.442839935421944,-230663.593247919721762],[12673717.802830148488283,-230669.445372289890656],[12673750.077912751585245,-230709.433723435970023],[12673760.124830760061741,-230721.88132193221827],[12673760.267764981836081,-230722.058237060176907],[12673764.198790159076452,-230727.899530238792067],[12673778.708172596991062,-230749.458752580278087],[12673784.780762132257223,-230759.510756652336568],[12673784.853565081954002,-230759.631315280217677],[12673813.624755393713713,-230807.25627646560315],[12673814.373712928965688,-230808.496007791516604],[12673821.140602141618729,-230819.69712746902951],[12673839.25250593200326,-230853.682711481989827],[12673842.4225510712713,-230869.721530409995466],[12673843.456041216850281,-230874.950080753391376],[12673847.74551516212523,-230896.652717936492991],[12673850.293395666405559,-230911.353786433493951],[12673869.936944333836436,-230974.531304546719184],[12673872.058248542249203,-230984.926517409156077],[12673872.246489809826016,-230985.849104674649425],[12673872.71970896050334,-230988.167893876234302],[12673892.35424074344337,-231082.79997158475453],[12673892.544485753402114,-231083.71681220937171],[12673895.785330086946487,-231099.336805374186952],[12673897.85431414283812,-231116.430349957285216],[12673901.086252924054861,-231124.885238689690595],[12673902.179632965475321,-231130.155220040964196],[12673902.373885473236442,-231131.091508881305344],[12673905.645342672243714,-231146.858687393920263],[12673914.306889612227678,-231162.309164011734538],[12673914.665115730836987,-231162.948090139136184],[12673917.716271657496691,-231168.390675449511036],[12673925.881111018359661,-231189.750939856661716],[12673941.168505374342203,-231243.575532775430474],[12673946.264600351452827,-231258.144632605137303],[12673966.647533064708114,-231321.532977082562866],[12674055.497963873669505,-231404.291609012201661],[12674061.836050409823656,-231410.195203223294811],[12674062.618737749755383,-231410.924298472382361],[12674078.340946031734347,-231439.648085379740223],[12674143.301991475746036,-231558.329108435311355],[12674153.959608206525445,-231613.223363024444552],[12674153.201745117083192,-231615.692316731758183],[12674153.143079744651914,-231615.883375265984796],[12674137.310219882056117,-231667.464311049232492],[12674096.529548952355981,-231741.161376124306116],[12674007.766058659180999,-231796.317133024858776],[12673882.034589992836118,-231866.154082549473969],[12673832.127835877239704,-231913.955330182361649],[12673832.038891607895494,-231914.040527337463573],[12673815.681382989510894,-231929.707963521388592],[12673800.184707989916205,-231942.108402798854513],[12673762.815534166991711,-231978.807925347180571],[12673755.636428887024522,-232001.065590452461038],[12673754.082186166197062,-231999.636135329201352],[12673368.887470986694098,-231645.358434336725622],[12673368.890365300700068,-231645.357992325880332],[12673421.396874798461795,-231635.601521454751492],[12673421.437617732211947,-231635.569144277193118],[12673447.725381525233388,-231614.682767387101194],[12673463.862143585458398,-231572.792984245839762],[12673485.094555350020528,-231509.958235787809826],[12673473.204409217461944,-231431.05254197717295],[12673447.725381525233388,-231373.118197297153529],[12673404.4108563400805,-231305.14578434402938],[12673373.836401594802737,-231247.184546577336732],[12673341.562654824927449,-231189.223952956905123],[12673310.138609725981951,-231120.303025636298116],[12673294.001847652718425,-231062.368358873267425],[12673294.001847652718425,-230999.480941521702334],[12673288.906197963282466,-230920.601210743159754],[12673310.138498408719897,-230857.766121720225783],[12673320.330131743103266,-230820.855418124323478],[12673305.042848717421293,-230741.949529685691232],[12673303.57153900153935,-230741.238001654128311],[12673281.561004,-230730.593369581445586],[12673273.134229876101017,-230726.518244150181999],[12673271.920068185776472,-230725.931252813636092],[12673241.593076672405005,-230745.495345986273605],[12673230.436971267685294,-230752.690961590124061],[12673230.304723707959056,-230752.777816845307825],[12673230.179600594565272,-230761.280570561240893],[12673230.001600736752152,-230773.417099894431885],[12673229.455244671553373,-230810.685952992324019],[12673224.359372342005372,-230868.568102193908999],[12673209.071866670623422,-230936.408630871621426],[12673215.016995396465063,-231010.282692402775865],[12673236.249407159164548,-231105.180517254950246],[12673261.728434849530458,-231173.100075763941277],[12673288.906197963282466,-231242.020982659800211],[12673314.385448303073645,-231314.946363846393069],[12673368.740306619554758,-231372.960068240470719],[12673395.068590709939599,-231430.894302464323118],[12673411.205241452902555,-231483.849720968399197],[12673405.260112725198269,-231530.745172829250805],[12673368.740306619554758,-231551.637526698672445],[12673331.499372858554125,-231578.417775410489412],[12673331.371466763317585,-231578.510044884314993],[12673296.138513967394829,-231578.444406479975441],[12673296.134506469592452,-231578.444406479975441],[12673294.699152948334813,-231577.124234790710034],[12673212.963262112811208,-231501.947916525561595],[12673212.960701765492558,-231501.941396883426933],[12673193.784360997378826,-231452.471672672807472],[12673167.456076918169856,-231383.524658156035002],[12673151.319426164031029,-231336.576457808550913],[12673124.991030754521489,-231288.626981577224797],[12673103.758730323985219,-231230.665738428069744],[12673061.293795490637422,-231167.699371097492985],[12673034.115921044722199,-231125.730362882924965],[12673033.023988166823983,-231125.178070686582942],[12672992.500242613255978,-231104.680050737690181],[12672933.898434389382601,-231083.603215470298892],[12672909.877914670854807,-231088.488206759473542],[12672880.392721142619848,-231094.483970655273879],[12672932.48378630168736,-231140.242452992533799],[12672933.898434389382601,-231141.48505507275695],[12672991.966688292101026,-231167.330071359931026],[12672992.500242613255978,-231167.567430977273034],[12673018.828749340027571,-231194.57205773802707],[12673045.157256066799164,-231225.581183381058509],[12673081.676950855180621,-231294.528369571460644],[12673102.909473923966289,-231352.462629320187261],[12673124.991030754521489,-231415.402963244938292],[12673126.391875233501196,-231422.319312092033215],[12673126.393099747598171,-231422.325058221758809],[12673124.768503092229366,-231420.83073350333143],[12672061.051323967054486,-230442.4529974955949],[12672011.401049952954054,-230396.785943318071077],[12671808.01432902738452,-230209.715825295774266],[12671808.02267799153924,-230209.717924853379373],[12671831.506637768819928,-230215.925663400324993],[12671868.141882181167603,-230224.534967735235114],[12671921.532602395862341,-230237.081610866705887],[12672006.462583381682634,-230242.245314357161988],[12672096.488436702638865,-230258.395354369771667],[12672096.6066580042243,-230258.375463800970465],[12672102.822515727952123,-230257.301483423623722],[12672159.33663821592927,-230247.540958498837426],[12672218.947668939828873,-230240.203104946645908],[12672239.171080827713013,-230237.713799613033189],[12672239.171080827713013,-230237.576112643873785],[12672239.171080827713013,-230194.796123697859002],[12672237.581549821421504,-230193.821816835145],[12672196.723845796659589,-230168.777366058435291],[12672196.706145994365215,-230168.76642624111264],[12672162.468723407015204,-230167.161035276541952],[12672162.421189991757274,-230167.158714708028128],[12672162.391245050355792,-230167.157499172812095],[12672085.447546968236566,-230163.549789581040386],[12672085.566324859857559,-230162.309280259971274],[12672121.118207992985845,-229791.17471581348218],[12672131.935122914612293,-229782.12426078732824],[12672147.921714985743165,-229768.747483651008224],[12672152.542253090068698,-229764.881298386026174],[12672216.239599684253335,-229722.885771429253509],[12672233.961773937568069,-229709.691652186738793],[12672244.589000454172492,-229701.779489809618099],[12672258.704645836725831,-229691.270273213944165],[12672258.820863382890821,-229691.252813659288222],[12672327.497864758595824,-229680.784703766024904],[12672361.553725255653262,-229683.615914762718603],[12672406.581902684643865,-229728.765773457736941],[12672408.808849098160863,-229730.998717738373671],[12672415.165971256792545,-229774.779868464218453],[12672427.025949809700251,-229856.458714573440375],[12672432.071171773597598,-229887.929424188798293],[12672432.141970967873931,-229888.371106302249245],[12672433.660591460764408,-229897.844010457105469],[12672433.660591460764408,-229922.668044882593676],[12672443.852002156898379,-230006.2903561971616],[12672465.934115594252944,-230081.719141502486309],[12672470.18028624728322,-230096.15650572461891],[12672479.311156159266829,-230119.87293846157263],[12672480.833895482122898,-230126.228975493955659],[12672481.091822735965252,-230127.305498237576103],[12672494.919373286888003,-230185.023219001013786],[12672495.025683403015137,-230185.467110441444675],[12672496.508681654930115,-230191.657279815524817],[12672496.508681654930115,-230248.779146661516279],[12672530.480829894542694,-230336.616779000527458]]]]}},
{"type":"Feature","properties":{"ID":0,"NAMOBJ":"KTH Marang","WADMKD":"Marang","WADMKC":"Bukit Batu","SKEMA":"Community Forest (HKm)","LUAS":29188417.155161999,"SK":"Sudah","KETERANGAN":"SK.7482/MENLHK-PSKL/PKPS/PSL.0/7/2023"},"geometry":{"type":"MultiPolygon","coordinates":[[[[12675810.972047286108136,-228021.283051699778298],[12677141.164932932704687,-229605.02346542905434],[12677563.760881939902902,-230108.150752013752935],[12677563.634979598224163,-230108.207329686178127],[12677515.08187048882246,-230135.111337690701475],[12677501.445344187319279,-230142.24940567559679],[12676996.707299517467618,-230406.456400086084614],[12676996.421431064605713,-230406.606131766020553],[12676544.308228524401784,-230643.26612297896645],[12673839.449207467958331,-232059.126476319972426],[12673847.396194599568844,-232035.476160857244395],[12673890.079426947981119,-231971.815020186506445],[12673891.022748321294785,-231971.000288093840936],[12673907.702749498188496,-231956.595010815828573],[12673955.263779306784272,-231930.170304480503546],[12673994.431208176538348,-231914.551489284291165],[12674007.920236155390739,-231909.172576043172739],[12674040.193426333367825,-231903.877312779077329],[12674082.261841133236885,-231903.877202278090408],[12674082.658583803102374,-231903.877202278090408],[12674083.765099532902241,-231902.923679168510716],[12674084.070560226216912,-231902.660352523584152],[12674116.572066670283675,-231874.641091785568278],[12674119.179169150069356,-231872.39403004819178],[12674130.219836248084903,-231856.586582537012873],[12674166.739642353728414,-231814.486018190858886],[12674186.445529935881495,-231786.741783594567096],[12674196.145019803196192,-231773.086028055317001],[12674204.109038814902306,-231761.873365615174407],[12674235.533083911985159,-231704.097036453895271],[12674235.532972594723105,-231662.10185518025537],[12674231.079191083088517,-231591.595623241009889],[12674230.967871593311429,-231589.834326259267982],[12674233.786815050989389,-231572.463024194468744],[12674226.977958405390382,-231532.893118243402569],[12674226.255160951986909,-231526.38496952681453],[12674220.245578238740563,-231472.280227964860387],[12674214.503496266901493,-231460.173029369208962],[12674213.711903363466263,-231458.50400062231347],[12674192.400566091760993,-231368.311891583638499],[12674104.368890136480331,-231266.101258600887377],[12674048.76157620921731,-231205.697127378400182],[12674046.337037701159716,-231201.913960651232628],[12674042.743087943643332,-231195.686586933967192],[12674026.605324005708098,-231167.722134633862879],[12674000.755268452689052,-231124.441902098158607],[12673999.454277565702796,-231122.263674026035005],[12673994.861680651083589,-231111.193518996064086],[12673994.764276089146733,-231110.001084910851205],[12673994.331688553094864,-231104.702814282150939],[12673990.085072614252567,-231052.011052954912884],[12673988.537843009456992,-231045.350503451365512],[12673988.26644610054791,-231044.183816050412133],[12673986.688047040253878,-231037.389115982165094],[12673978.195037810131907,-230994.260793035064125],[12673975.647157305851579,-230979.665150980406906],[12673969.702139897271991,-230957.271108222485054],[12673936.579248046502471,-230888.903378682560287],[12673925.793168628588319,-230871.595215849869419],[12673924.915303118526936,-230870.186526186706033],[12673877.882372982800007,-230732.287710307980888],[12673762.163424601778388,-230541.901637933799066],[12673705.205137334764004,-230442.993025962496176],[12673689.567197913303971,-230415.837338253157213],[12673689.525453103706241,-230415.07486700755544],[12673686.884620819240808,-230366.831978363654343],[12673663.953362315893173,-230321.042688403598731],[12673631.680617421865463,-230263.134283046150813],[12673625.735377378761768,-230241.425159702077508],[12673611.297128103673458,-230189.418042592005804],[12673568.373890927061439,-230150.198677684209542],[12673563.52603842318058,-230145.769265615352197],[12673563.464144783094525,-230145.656331298436271],[12673531.271549923345447,-230086.923183174774749],[12673419.853096101433039,-230068.149005970888538],[12673419.805006083101034,-230068.208014734089375],[12673419.455796837806702,-230068.149226981389802],[12673340.313093543052673,-230165.387237371993251],[12673279.755401870235801,-230258.024284700164571],[12673251.612387433648109,-230397.105076249747071],[12673111.93904310837388,-230573.065360199223505],[12672991.179214214906096,-230615.864375629549613],[12672981.954501966014504,-230619.133826548990328],[12672884.725498367100954,-230600.436173285270343],[12672848.835649253800511,-230576.050819243479054],[12672740.958045797422528,-230502.752519760542782],[12672644.196695370599627,-230373.366469140339177],[12672643.956022633239627,-230373.0446840946679],[12672631.204820243641734,-230336.850161608046619],[12672620.163485223427415,-230315.747267448459752],[12672615.917314570397139,-230301.019850171782309],[12672604.027057118713856,-230257.97035915471497],[12672599.780663816258311,-230243.111327829508809],[12672587.890072409063578,-230200.641412221215433],[12672579.820188568904996,-230150.198788186273305],[12672577.698550391942263,-230136.936740914708935],[12672564.959370508790016,-230067.725667854741914],[12672553.052192496135831,-230042.777226805977989],[12672548.656631082296371,-230033.567770218010992],[12672535.233504241332412,-230005.443679658754263],[12672518.407674530521035,-229980.178085327905137],[12672517.86643915809691,-229979.365333193447441],[12672499.623512329533696,-229876.45463969555567],[12672499.880549035966396,-229875.663545762799913],[12672503.809570461511612,-229863.57016234024195],[12672508.905220150947571,-229816.147171150572831],[12672495.316561231389642,-229740.007073519052938],[12672477.481063736602664,-229695.271384868508903],[12672466.593349620699883,-229680.271083341503982],[12672466.562291480600834,-229680.074718559888424],[12672459.418140521273017,-229634.904625460301759],[12672438.144206594675779,-229620.678617404628312],[12672389.852698292583227,-229588.386708696809364],[12672250.544259246438742,-229583.470182902383385],[12672250.500399362295866,-229583.482890813058475],[12672250.147071301937103,-229583.470403907209402],[12672106.10187660343945,-229624.923169988236623],[12672022.371697096154094,-229694.323596136790002],[12671901.527599344030023,-229745.098190542281372],[12671748.482891734689474,-229754.053614444477716],[12671625.870149923488498,-229745.05995633584098],[12671618.646516850218177,-229744.529981581668835],[12671558.359776811674237,-229702.668490623007528],[12671551.082487741485238,-229685.616581192036392],[12671551.042524050921202,-229685.521658658399247],[12671555.141307700425386,-229674.141783747385489],[12671592.510481525212526,-229637.468087060959078],[12671592.692600209265947,-229637.402889959135791],[12671660.552516520023346,-229613.158186270331498],[12671666.399572772905231,-229611.069337188149802],[12671741.138143057003617,-229569.073553201684263],[12671831.163773730397224,-229542.753913853695849],[12671846.089825021103024,-229532.873122059507295],[12671875.905303476378322,-229513.136510654148879],[12671878.724580889567733,-229511.270325238234363],[12671921.1896270532161,-229463.873540759464959],[12671963.654561884701252,-229416.450443887413712],[12671995.078718302771449,-229374.481135262409225],[12672000.17459062859416,-229311.382062487653457],[12671983.188460849225521,-229230.578379444079474],[12671975.824231253936887,-229222.616911245509982],[12671975.817106805741787,-229222.503313318738947],[12671972.727768303826451,-229174.781239824456861],[12671940.294834662228823,-229137.613488846720429],[12671879.989058990031481,-229105.027663432934787],[12671787.148603675886989,-229086.290623294829857],[12671786.751304412260652,-229086.290402283077128],[12671652.47584218531847,-229086.021988311520545],[12671522.456235408782959,-229081.123571401287336],[12671424.98132704757154,-229057.739507626800332],[12671313.696011334657669,-228974.035202426253818],[12671248.840051481500268,-228895.061866801785072],[12671207.184854630380869,-228825.410729697701754],[12671207.199326161295176,-228818.151165378279984],[12671207.305636277422309,-228765.118820828793105],[12671206.165168095380068,-228742.619743405171903],[12671206.078672852367163,-228740.911681365338154],[12671206.078672852367163,-228723.703869851946365],[12671206.078672852367163,-228681.154805287194904],[12671197.585663611069322,-228605.778142227180069],[12671195.01674373075366,-228601.32670171969221],[12671194.532837895676494,-228600.488416883075843],[12671193.330030798912048,-228588.853319068875862],[12671174.91244369186461,-228509.972638078616001],[12671123.867336466908455,-228491.31918772746576],[12671021.70276059396565,-228491.115307361411396],[12670956.623939123004675,-228523.45028876780998],[12670868.233035173267126,-228602.117027735919692],[12670861.849641602486372,-228673.767823860922363],[12670861.834056872874498,-228673.942862440017052],[12670861.795317694544792,-228674.377585768786957],[12670852.769533384591341,-228686.582216421549674],[12670846.297863466665149,-228818.151165378279984],[12670842.578234005719423,-228893.768638293608092],[12670847.674106331542134,-228994.780000639788341],[12670879.947519147768617,-229069.155445878510363],[12670965.726979168131948,-229170.034878627193393],[12670989.729687767103314,-229200.086839466617675],[12670990.098155282437801,-229200.985567105497466],[12670990.148583009839058,-229201.108557866187766],[12671010.889185260981321,-229251.701071039016824],[12671010.730666300281882,-229330.54396607412491],[12671007.414124716073275,-229338.776384668133687],[12670992.061942417174578,-229376.884922706201905],[12670957.513493170961738,-229408.125316249846946],[12670940.914532586932182,-229423.135143846244318],[12670871.634624846279621,-229418.382932514738059],[12670848.471153885126114,-229390.509367879742058],[12670848.564550938084722,-229344.131175001093652],[12670848.704479539766908,-229274.563863236369798],[12670839.59398109279573,-229186.426908116671257],[12670835.10858485288918,-229107.574667517154012],[12670802.741441028192639,-229037.94228786486201],[12670723.888947637751698,-228991.405983345321147],[12670621.743296084925532,-228981.925517086026957],[12670621.688638210296631,-228981.957673738419544],[12670621.346330776810646,-228981.925848594430136],[12670519.060750624164939,-229042.012589531455887],[12670426.090719411149621,-229088.204440311237704],[12670347.479121409356594,-229092.664377568376949],[12670268.644327819347382,-229064.698270631895866],[12670221.811995400115848,-229027.620889113342855],[12670180.551871418952942,-228994.954375883738976],[12670101.83073503151536,-228883.488891286047874],[12670094.95386216416955,-228818.151165378279984],[12670088.160033639520407,-228753.602746572811157],[12670090.908511871472001,-228742.717650047707139],[12670090.922760767862201,-228742.661403453763342],[12670095.19375567138195,-228739.616904689697549],[12670095.299063909798861,-228739.582316904066829],[12670111.750414853915572,-228734.174687601771438],[12670143.55149906501174,-228723.721218997729011],[12670143.604041866958141,-228723.703869851946365],[12670143.765232492238283,-228723.711826146172825],[12670250.35353359952569,-228729.012598285946297],[12670250.616136284545064,-228729.025637772196205],[12670301.029839355498552,-228724.011513326811837],[12670304.121738214045763,-228723.703869851946365],[12670336.42030923627317,-228713.086744029569672],[12670352.531913090497255,-228707.790833607956301],[12670352.820453211665154,-228707.64485764876008],[12670373.764547493308783,-228697.067954387661302],[12670373.829446753486991,-228697.019111560104648],[12670394.996959242969751,-228681.154805287194904],[12670417.078293439000845,-228638.632030656008283],[12670417.877344746142626,-228622.842420070403023],[12670418.400101076811552,-228612.502543316950323],[12670418.540029665455222,-228609.736181401531212],[12670418.584446152672172,-228608.858557113126153],[12670421.272255258634686,-228603.516784381034086],[12670421.845550635829568,-228603.166596588940592],[12670422.704937102273107,-228602.641812160029076],[12670432.36579911224544,-228596.740666990925092],[12670435.367974448949099,-228587.472127014771104],[12670438.244915369898081,-228578.587809697317425],[12670441.7085100132972,-228567.892438334441977],[12670441.29762976616621,-228564.506699590623612],[12670441.078107733279467,-228562.696750974049792],[12670441.233287109062076,-228485.316927509498782],[12670432.365910429507494,-228476.425532882363768],[12670432.365910429507494,-228476.02705447137123],[12670432.365910429507494,-228466.801604952692287],[12670432.365910429507494,-228437.926060943485936],[12670436.612749006599188,-228423.435631900763838],[12670441.7085100132972,-228399.381384511158103],[12670450.625423863530159,-228394.333105060592061],[12670460.397382725030184,-228388.801037522382103],[12670475.680324299260974,-228380.148769513645675],[12670518.994292881339788,-228375.301054895535344],[12670519.136002600193024,-228375.301054895535344],[12670548.323082521557808,-228375.301054895535344],[12670548.429392637684941,-228375.301054895535344],[12670548.719936510547996,-228375.301054895535344],[12670548.826469263061881,-228375.301054895535344],[12670596.73336872830987,-228375.300944386108313],[12670597.130445342510939,-228375.300944386108313],[12670610.118312984704971,-228373.871128786966437],[12670640.444525256752968,-228370.532240239408566],[12670657.575815659016371,-228367.233796218060888],[12670665.074519196525216,-228365.789946501288796],[12670684.608195522800088,-228356.17352696461603],[12670717.730753408744931,-228322.371238567662658],[12670756.798996621742845,-228279.031641334964661],[12670781.428656594827771,-228221.359499234851683],[12670795.866683233529329,-228192.40490525070345],[12670810.304598553106189,-228153.939408073696541],[12670810.304598553106189,-228120.242282077553682],[12670806.058539217337966,-228105.304063285002485],[12670795.866460597142577,-228067.049058667063946],[12670771.237023260444403,-228043.232017022673972],[12670693.950349822640419,-228004.660845706384862],[12670693.55327320843935,-228004.660956209816504],[12670654.882551893591881,-228004.660956209816504],[12670602.314037436619401,-228014.366571649588877],[12670602.226206364110112,-228014.382815823482815],[12670582.692307386547327,-228043.232127526076511],[12670577.596101105213165,-228091.287671875179512],[12670563.15863105840981,-228129.858824690163601],[12670560.610193962231278,-228151.515381984121632],[12670558.083241516724229,-228168.186417430639267],[12670558.062313459813595,-228168.324437501520151],[12670558.164282109588385,-228168.290512632345781],[12670572.500674052163959,-228163.555727884726366],[12670579.594508605077863,-228155.50735600583721],[12670594.154541404917836,-228138.987268501194194],[12670606.472599653527141,-228125.010992838448146],[12670626.006275981664658,-228091.287671875179512],[12670634.68218313716352,-228085.981576778605813],[12670679.985431028530002,-228058.27301016220008],[12670688.854922769591212,-228052.848674239619868],[12670689.00230978615582,-228052.848674239619868],[12670736.867909714579582,-228052.848453232902102],[12670737.265097659081221,-228052.848453232902102],[12670761.894646313041449,-228072.054913539643167],[12670766.990296002477407,-228120.242282077553682],[12670761.894646313041449,-228182.788365969987353],[12670737.265097659081221,-228245.334759699559072],[12670699.046444797888398,-228279.031641334964661],[12670669.320689849555492,-228307.88080024078954],[12670645.540842868387699,-228341.577780697436538],[12670592.203889967873693,-228356.127557152445661],[12670592.034350380301476,-228356.17352696461603],[12670591.637607708573341,-228356.17352696461603],[12670538.528637131676078,-228356.173637467814842],[12670518.994738165289164,-228346.45168575932621],[12670480.792671913281083,-228317.614909512136364],[12670480.776196625083685,-228317.602643524820451],[12670480.514373179525137,-228317.70486006711144],[12670456.146536651998758,-228327.218844111368526],[12670436.612749006599188,-228356.17352696461603],[12670407.906569274142385,-228370.447593913209857],[12670407.736250445246696,-228370.532240239408566],[12670407.604114213958383,-228370.400740073033376],[12670393.298557775095105,-228356.17352696461603],[12670386.923624496906996,-228349.880083278811071],[12670354.230203241109848,-228317.602643524820451],[12670354.074912549927831,-228317.841332966199843],[12670344.888271579518914,-228331.961359870008891],[12670344.888271579518914,-228360.915931458817795],[12670344.888271579518914,-228374.325964635732817],[12670344.888271579518914,-228384.917473412351683],[12670359.326632171869278,-228399.381384511158103],[12670398.393984828144312,-228413.845404959283769],[12670399.908820459619164,-228417.125172896252479],[12670400.187675785273314,-228417.728636930609355],[12670402.640823403373361,-228423.040357995050726],[12670406.708771552890539,-228431.054130094533321],[12670407.736361775547266,-228433.078347872331506],[12670407.728346768766642,-228433.130284896818921],[12670405.341211603954434,-228448.92886295018252],[12670404.996455144137144,-228448.583316032891162],[12670353.57430880330503,-228397.021564729540842],[12670293.363488664850593,-228318.058032037777593],[12670251.671556377783418,-228266.958262319647474],[12670242.523097982630134,-228197.372632615588373],[12670242.679835826158524,-228119.186964178632479],[12670242.679947145283222,-228119.02374904230237],[12670259.109145514667034,-228091.287671875179512],[12670296.478096703067422,-228032.851662383269286],[12670322.806046824902296,-227969.067212195601314],[12670349.984032588079572,-227915.926433957938571],[12670352.502190785482526,-227881.785034918721067],[12670352.621525283902884,-227881.548333988437662],[12670354.615257361903787,-227877.58530612962204],[12670367.51440335996449,-227804.377956415322842],[12670373.403761016204953,-227770.952275279123569],[12670373.617383124306798,-227664.282051956019131],[12670345.967848,-227557.556181804306107],[12670315.916817497462034,-227516.654469899251126],[12670281.130701141431928,-227469.307772210595431],[12670229.824549714103341,-227394.456385899946326],[12670179.264238869771361,-227320.693332213064423],[12670114.464272720739245,-227213.893442199128913],[12670072.929412232711911,-227083.95073407277232],[12670035.992269352078438,-226977.206620252225548],[12669947.871983079239726,-226921.376958893059054],[12669803.998888317495584,-226879.349717995355604],[12669803.724151810631156,-226879.385742702404968],[12669803.601700374856591,-226879.350049507571384],[12669685.989096125587821,-226894.773597961291671],[12669594.577537780627608,-226906.761095445137471],[12669469.113235892727971,-226948.251495700300438],[12669292.400891352444887,-227073.120789545821026],[12669195.997210450470448,-227157.211528016225202],[12669189.156627731397748,-227163.178360196528956],[12668990.029101843014359,-227336.872476120042847],[12668873.863539652898908,-227424.679483105748659],[12668804.537323014810681,-227406.067470563750248],[12668786.055504554882646,-227359.652742765785661],[12668783.974943265318871,-227316.355569675535662],[12668781.239489430561662,-227247.682345694396645],[12668781.369176633656025,-227182.95501056019566],[12668781.396227274090052,-227169.494498719723197],[12668781.591370340436697,-227072.100937689654529],[12668781.680091973394156,-227027.757543587300461],[12668781.684433424845338,-227025.592858026124304],[12668781.767700409516692,-226983.982908838632284],[12668776.011814815923572,-226910.272730680386303],[12668775.987769806757569,-226909.963868561986601],[12668772.712416429072618,-226868.019724974961719],[12668764.167087035253644,-226819.086886048782617],[12668764.049756292253733,-226816.139931071375031],[12668973.517972333356738,-226667.420086329599144],[12668973.832004610449076,-226667.197086479660356],[12668974.966906826943159,-226670.240183551592054],[12669006.390951912850142,-226723.223083474236773],[12669037.814885692670941,-226765.219529521389632],[12669053.951647765934467,-226813.143801191006787],[12669086.225060569122434,-226839.174204240291147],[12669096.313946025446057,-226846.364892740937648],[12669108.360162079334259,-226854.951372949260985],[12669122.745200643315911,-226865.204824572370853],[12669148.676630742847919,-226865.256651536590653],[12669149.073707370087504,-226865.257425071438774],[12669149.083726119250059,-226865.164932169107487],[12669155.018390810117126,-226812.353467358276248],[12669143.977389756590128,-226781.396291853307048],[12669138.88162874802947,-226749.437932806555182],[12669112.553344659507275,-226728.413408896682085],[12669080.279931854456663,-226697.403508034127299],[12669048.855886759236455,-226628.481191659928299],[12669046.413648447021842,-226615.664995748898946],[12669046.412535252049565,-226615.659028457099339],[12669050.127823248505592,-226613.021153812151169],[12669273.579437123611569,-226454.372444297070615],[12669273.938776437193155,-226454.117287083994597],[12669276.468623185530305,-226471.218455589085352],[12669313.838019644841552,-226565.117272868577857],[12669311.211547588929534,-226582.684211318701273],[12669302.796795956790447,-226638.966938400437357],[12669313.837574372068048,-226686.89146438401076],[12669340.111645860597491,-226712.841658642602852],[12669340.165858462452888,-226712.895253735972801],[12669371.59001487866044,-226707.968483139527962],[12669371.595024252310395,-226707.938757199823158],[12669382.630793293938041,-226644.104444658150896],[12669382.630793293938041,-226602.187092495412799],[12669371.59001487866044,-226560.243430366215762],[12669371.59001487866044,-226497.378972567705205],[12669371.59001487866044,-226497.354219337838003],[12669369.537617428228259,-226491.981332259165356],[12669345.261842107400298,-226428.431606113677844],[12669343.808343511074781,-226404.510584456060315],[12669667.218069626018405,-226174.893856063048588],[12669873.550192967057228,-226028.400178278854582],[12670006.584665508940816,-225933.94711848301813],[12670188.251395320519805,-225804.966333637625212],[12670369.308873545378447,-225676.417093942174688],[12670550.420787006616592,-225547.829086587385973],[12670958.105712862685323,-225258.375148340652231],[12671080.021038075909019,-225171.815927795338212],[12671395.046736728399992,-224948.147424826223869],[12671418.804431138560176,-224931.279503170866519],[12672530.701465133577585,-224141.827274324867176],[12672544.623191965743899,-224131.942762913182378],[12672544.730503959581256,-224132.071834989736089],[12673836.517608674243093,-225670.307770783052547],[12674576.024229284375906,-226550.859307901962893],[12675795.45722721144557,-228002.810557307384443],[12675810.972047286108136,-228021.283051699778298]],[[12671629.030064994469285,-228321.607321872492321],[12671601.852524505928159,-228369.45206032707938],[12671586.565130149945617,-228411.342592784087174],[12671575.524351732805371,-228464.219561945647001],[12671570.428702043369412,-228511.142325588909443],[12671570.428702043369412,-228564.045565484935651],[12671586.565130149945617,-228631.966308261471568],[12671591.66089117154479,-228700.835371927911183],[12671612.893636874854565,-228747.810673899308313],[12671644.31757065653801,-228794.785963621601695],[12671671.495445100590587,-228826.770371643593535],[12671676.590983472764492,-228873.693151342478814],[12671692.667855646461248,-228900.597454921517055],[12671692.727856850251555,-228900.698013571527554],[12671692.823925580829382,-228900.669061518477974],[12671729.247551651671529,-228889.790604127018014],[12671740.28866402246058,-228815.942189130844781],[12671708.015362525358796,-228752.974641245033126],[12671671.495445100590587,-228685.027644112007692],[12671655.358683038502932,-228595.16067793869297],[12671634.126048639416695,-228500.287824096623808],[12671655.358683038502932,-228427.466718424053397],[12671697.823951825499535,-228369.636602574959397],[12671745.384313711896539,-228316.838616306195036],[12671745.500531259924173,-228316.800492293026764],[12671767.111540606245399,-228309.729869965027319],[12671809.081882944330573,-228295.998706250655232],[12671878.349211575463414,-228278.228495396382641],[12671893.92625923268497,-228274.232103915943298],[12671894.011863928288221,-228274.210113541048486],[12671967.901066493242979,-228279.347683901811251],[12672074.063570559024811,-228295.524310927896295],[12672131.816011065617204,-228316.601363417663379],[12672179.376818224787712,-228358.623739834263688],[12672206.554470032453537,-228411.579735038569197],[12672216.745992047712207,-228442.562931684806244],[12672216.745992047712207,-228495.466302211774746],[12672211.650564994663,-228553.349198725161841],[12672206.554470032453537,-228611.231745125201996],[12672206.554470032453537,-228653.148631882941118],[12672200.609229987487197,-228700.071346327458741],[12672190.417819276452065,-228752.948230767098721],[12672206.503708336502314,-228794.785521603713278],[12672206.554470032453537,-228794.917684477870353],[12672206.66456500813365,-228794.875582429667702],[12672248.170148463919759,-228779.005096545588458],[12672254.115388508886099,-228748.07422619589488],[12672280.443561280146241,-228695.223640314710792],[12672290.63519461452961,-228621.375035013654269],[12672285.539544925093651,-228563.465970850753365],[12672297.429691057652235,-228468.672110883257119],[12672275.34768895432353,-228389.765077268733876],[12672237.978737765923142,-228321.817943200701848],[12672185.322058267891407,-228274.789819608180551],[12672132.665267463773489,-228226.760513655812247],[12672068.118553150445223,-228211.664282335317694],[12672067.721587855368853,-228211.663840315974085],[12672020.557745991274714,-228211.585271664022002],[12672020.160558048635721,-228211.584387625305681],[12671972.996827501803637,-228211.480071442056214],[12671894.012086562812328,-228201.336316483764676],[12671893.753380069509149,-228201.354328705696389],[12671824.369499936699867,-228206.184035776124801],[12671708.094510680064559,-228247.861995652696351],[12671708.015362525358796,-228247.890174281666987],[12671655.358683038502932,-228284.722507047175895],[12671629.030064994469285,-228321.607321872492321]],[[12671018.836061062291265,-228411.209987609647214],[12671019.2326924148947,-228411.210761137976078],[12671019.270652364939451,-228411.161586717207683],[12671051.506105231121182,-228369.346639190771384],[12671067.212506134063005,-228333.935409783152863],[12671072.738405663520098,-228321.475711173465243],[12671072.738405663520098,-228321.381450945365941],[12671072.738405663520098,-228295.524310927896295],[12671077.834277989342809,-228253.607341023860499],[12671109.258545724675059,-228227.735273197147762],[12671167.860242631286383,-228221.86008429544745],[12671197.318274198099971,-228215.120750540459994],[12671215.420938471332192,-228210.979044326988515],[12671239.777865702286363,-228207.768006398138823],[12671252.586397629231215,-228206.079388073558221],[12671252.790223613381386,-228206.052424992900342],[12671252.880058441311121,-228206.064690981584135],[12671289.310141038149595,-228211.110765616118442],[12671305.446680475026369,-228227.129377430363093],[12671337.720427244901657,-228248.153616799623705],[12671380.185250759124756,-228269.204374777618796],[12671406.513423517346382,-228274.210445050732233],[12671463.868898715823889,-228274.341061248851474],[12671464.265975343063474,-228274.341724274447188],[12671472.420573331415653,-228273.097002744092606],[12671496.235485946759582,-228269.461518517462537],[12671496.539388159289956,-228269.41510667023249],[12671538.9301842097193,-228290.428953703318257],[12671539.00454562716186,-228290.465862167737214],[12671581.469480460509658,-228285.565434537507826],[12671581.486401019617915,-228285.545764756709104],[12671610.980166148394346,-228250.926504016650142],[12671612.893636874854565,-228248.680612344003748],[12671612.860241027548909,-228248.66668879071949],[12671586.565130149945617,-228237.667742219637148],[12671522.867894886061549,-228227.55084130744217],[12671459.178897252306342,-228195.491846960183466],[12671459.170103015378118,-228195.487537288485328],[12671454.674020104110241,-228195.055575412203325],[12671454.662999475374818,-228195.054580870142672],[12671454.562700612470508,-228195.044856481254101],[12671353.008044224232435,-228185.291402322443901],[12671300.350919453427196,-228143.268985541246366],[12671299.953842839226127,-228143.268433018412907],[12671226.462050853297114,-228143.111406158190221],[12671226.454481119289994,-228143.112069184368011],[12671141.531735902652144,-228153.91288699847064],[12671082.930261647328734,-228163.792980968195479],[12671069.438005398958921,-228170.003773808479309],[12671035.36945447511971,-228185.686455736169592],[12671003.945186741650105,-228243.49044100518222],[12671003.945186741650105,-228279.426805046707159],[12670987.808535998687148,-228348.26959286397323],[12670976.767534945160151,-228380.174959039810346],[12670987.808535998687148,-228411.132303076097742],[12670987.950134387239814,-228411.132524082320742],[12671018.836061062291265,-228411.209987609647214]],[[12671681.398872282356024,-227475.149060565425316],[12671681.686855798587203,-227475.204092000756646],[12671681.817767526954412,-227475.13789957066183],[12671713.110900897532701,-227459.290835224848706],[12671724.152124598622322,-227438.345625623100204],[12671745.384313711896539,-227401.460409556864761],[12671766.616948112845421,-227354.590179135790095],[12671776.808358810842037,-227317.679087846481707],[12671805.196276117116213,-227295.694893909385428],[12671824.369499936699867,-227280.846668604383012],[12671851.547040414065123,-227243.961530970671447],[12671872.779340846464038,-227218.036607813090086],[12671902.535708658397198,-227192.083170636411523],[12671909.299592237919569,-227186.183747492177645],[12671909.452767856419086,-227186.165956176846521],[12671948.288464646786451,-227181.660222719947342],[12671951.561368996277452,-227181.28041681466857],[12671951.764415752142668,-227181.256879233464133],[12671952.86336176097393,-227181.388601272366941],[12671994.229350585490465,-227186.341769730497617],[12672015.461762335151434,-227201.359296518086921],[12672032.675206527113914,-227236.195569039613474],[12672036.69450805336237,-227244.330286245822208],[12672036.684600621461868,-227244.39460016952944],[12672025.653618318960071,-227317.178279268962797],[12672010.366335293278098,-227338.097423708095448],[12671972.996827501803637,-227369.976557504414814],[12671972.996827501803637,-227417.837902583560208],[12671972.996827501803637,-227417.900779884366784],[12671986.840408068150282,-227415.704715576925082],[12672000.054810857400298,-227413.608437195041915],[12672010.366335293278098,-227411.972743311343947],[12672010.411085724830627,-227411.921469028457068],[12672043.745039325207472,-227373.708972656662809],[12672046.885918764397502,-227370.108389909990365],[12672084.255203906446695,-227322.289466135931434],[12672110.583821950480342,-227275.419325737282634],[12672110.583821950480342,-227223.516663297486957],[12672110.583821950480342,-227212.530141453695251],[12672095.296093640848994,-227164.579564555111574],[12672046.886030083522201,-227122.557242217008024],[12672046.488953456282616,-227122.556689691089559],[12672023.534874456003308,-227122.508398963866057],[12672023.530866947025061,-227122.508509467821568],[12672023.52674813196063,-227122.508288459968753],[12672009.309468036517501,-227122.47834157399484],[12672009.278298581019044,-227122.47834157399484],[12672009.267723239958286,-227122.47834157399484],[12672008.912391424179077,-227122.477568040194456],[12672008.88122196868062,-227122.477457536238944],[12672008.875989943742752,-227122.477457536238944],[12672008.870646614581347,-227122.477457536238944],[12671996.777231087908149,-227122.452151865669293],[12671996.753631351515651,-227122.452704391587758],[12671989.130361307412386,-227122.756924932880793],[12671972.996827501803637,-227123.400064619112527],[12671945.070997413247824,-227124.895751144678798],[12671930.359570097178221,-227125.683763008593814],[12671922.982538767158985,-227126.078597728163004],[12671883.037097968161106,-227128.21797642664751],[12671882.971419466659427,-227128.221623093995731],[12671835.410278351977468,-227149.087967909465078],[12671787.84935986250639,-227185.920192917226814],[12671750.480297356843948,-227233.765342366474215],[12671724.152124598622322,-227270.650592579098884],[12671671.495445100590587,-227333.434003436064813],[12671644.31757065653801,-227386.285098295804346],[12671634.126048639416695,-227454.153352059482131],[12671655.358683038502932,-227470.172030947811436],[12671681.398872282356024,-227475.149060565425316]]]]}},
{"type":"Feature","properties":{"ID":1,"NAMOBJ":"MHA Rungan Bukit Riu Tabalien","WADMKD":"Mungku Baru, Bereng Malaka dan Parempei","WADMKC":"Rungan dan Rakumpit","SKEMA":"Customary Forest (HA)","LUAS":49390650.100699,"SK":"Sudah","KETERANGAN":"SK.7924/MENLHK-PSKL/PKTHA/PSL.1/8/2023"},"geometry":{"type":"MultiPolygon","coordinates":[[[[12660884.530254492536187,-166062.062519859231543],[12660958.767775744199753,-166159.294869362725876],[12660981.153902696445584,-166200.556987385905813],[12661011.785909628495574,-166257.018076531443512],[12661059.471394626423717,-166320.389164041407639],[12661112.423070756718516,-166365.253108828852419],[12661152.161012019962072,-166418.062234361364972],[12661176.033476825803518,-166473.534298347862205],[12661197.291380736976862,-166552.796252480417024],[12661197.351270619779825,-166600.369418540969491],[12661200.059117238968611,-166650.581978883099509],[12661205.418705446645617,-166706.07731406239327],[12661205.485274506732821,-166758.936219031253131],[12661210.847979664802551,-166817.074579242733307],[12661242.655075116083026,-166872.536384345614351],[12661269.189411582425237,-166941.219718066597125],[12661282.426300911232829,-166978.349394542863593],[12661298.385174432769418,-167023.11428945598891],[12661309.024312121793628,-167070.67376892187167],[12661314.384011648595333,-167126.168788613489596],[12661321.994034675881267,-167230.285171555180568],[12661353.514371126890182,-167297.480138873535907],[12661437.424665588885546,-167363.507488506060326],[12661591.887026915326715,-167398.583329434564803],[12661728.701464081183076,-167433.681383237650152],[12661794.969845630228519,-167504.13933718187036],[12661847.963377900421619,-167543.752134436188499],[12661940.731141598895192,-167636.220878777443431],[12662002.582143118605018,-167702.275329499243526],[12662023.065708663314581,-167741.387032654136419],[12662055.653933,-167803.611806810862618],[12662077.786362830549479,-167860.898899979976704],[12662085.004318619146943,-167883.467798521305667],[12662108.793182486668229,-167957.85419958748389],[12662131.032367719337344,-168098.909062453691149],[12662142.661469636484981,-168188.075876983581111],[12662148.854395547881722,-168235.560629614512436],[12662197.638492589816451,-168433.896544031915255],[12662233.06347150169313,-168535.254494532156968],[12662224.386005889624357,-168649.895420759828994],[12662211.302403500303626,-168768.950772921583848],[12662211.392683601006866,-168839.491797763912473],[12662242.366330042481422,-168909.993561920302454],[12662286.576309222728014,-168980.478393707831856],[12662356.949040375649929,-169025.303275907092029],[12662444.233651246875525,-169039.804931498307269],[12662592.075619820505381,-169148.885443290055264],[12662612.887355210259557,-169164.240649810410105],[12662709.436419360339642,-169283.695448546204716],[12662729.025755451992154,-169329.210129086422967],[12662849.870187148451805,-169572.853198296506889],[12662907.336425233632326,-169654.664982657093788],[12662944.33245612308383,-169748.785878230672097],[12663022.327121526002884,-169863.325424849317642],[12663063.378410136327147,-169924.686485903454013],[12663112.692833241075277,-170039.262647243216634],[12663129.245707575231791,-170166.163568055897485],[12663129.431165846064687,-170309.462789484736277],[12663113.164271272718906,-170403.65196270114393],[12663092.842564275488257,-170530.600443682895275],[12663095.824368160218,-170693.664250825968338],[12663115.74154013954103,-170756.406680556188803],[12663125.736805908381939,-170815.858241399662802],[12663148.929887844249606,-170855.471052805020008],[12663188.635880410671234,-170881.848271849477896],[12663281.476447068154812,-170888.731514961051289],[12663323.795553354546428,-170890.790784250973957],[12663370.37107171677053,-170911.873367723659612],[12663387.335828151553869,-170941.451124331069877],[12663395.856889899820089,-170985.840246314328397],[12663401.172618210315704,-171005.91916306730127],[12663415.99992910400033,-171018.585597101948224],[12663437.167552912607789,-171025.958064465085045],[12663461.502327559515834,-171028.040655478020199],[12663486.891965720802546,-171028.007716027699644],[12663510.161969423294067,-171024.806068099627737],[12663539.769614387303591,-171014.196139261475764],[12663567.265528619289398,-171006.76055599830579],[12663587.357472199946642,-171000.391304328135448],[12663607.463108072057366,-171004.593847625219496],[12663625.459907500073314,-171014.08471991517581],[12663640.285659924149513,-171025.694106755778193],[12663659.149749521166086,-171037.159355326351942],[12663672.916742265224457,-171056.91793726166361],[12663709.593508839607239,-171090.223248838941799],[12663756.036111732944846,-171121.075452261662576],[12663793.525844553485513,-171153.566001487721223],[12663824.506392808631063,-171188.505559422104852],[12663853.857780307531357,-171222.633675103948917],[12663865.277044987305999,-171239.702041988901328],[12663864.484227569773793,-171255.972676921373932],[12663854.720728987827897,-171260.053074635943631],[12663844.135469932109118,-171258.439817031117855],[12663816.438846679404378,-171244.646602278429782],[12663795.26443237811327,-171238.166269258334069],[12663777.357022479176521,-171239.816556208388647],[12663761.097697651013732,-171256.921066804847214],[12663749.737654933705926,-171285.407911731221247],[12663749.774835653603077,-171313.879831070575165],[12663749.808788081631064,-171339.911357239790959],[12663746.584307730197906,-171364.320117695402587],[12663739.28419816493988,-171384.666607854625909],[12663734.431670229882002,-171409.077574466908118],[12663734.460390657186508,-171431.041628173959907],[12663730.404910299926996,-171442.435672973340843],[12663716.577137112617493,-171451.402150622976478],[12663699.130478596314788,-171459.599857993307523],[12663677.253193020820618,-171469.119009265094064],[12663651.217790514230728,-171480.541680790454848],[12663628.435254858806729,-171489.519873707438819],[12663604.011869898065925,-171488.738281817582902],[12663577.947524327784777,-171478.196794498217059],[12663563.288751132786274,-171474.148455592163373],[12663538.030024712905288,-171457.098343598656356],[12663520.928122660145164,-171452.239562733419007],[12663508.716931106522679,-171452.255369221093133],[12663492.446029072627425,-171460.411625989188906],[12663471.304342698305845,-171479.149273295508465],[12663455.050472516566515,-171500.321117401879746],[12663432.304115680977702,-171536.957666107278783],[12663417.674062941223383,-171554.873481102025835],[12663403.028091477230191,-171560.586915061721811],[12663375.354400038719177,-171564.690630443568807],[12663352.569749295711517,-171572.041637332818937],[12663333.037297481670976,-171576.134520122141112],[12663317.568675015121698,-171575.341101283062017],[12663302.080126326531172,-171559.091489581594942],[12663292.289911083877087,-171542.834581484581577],[12663275.997635681182146,-171534.720772889821092],[12663259.713931877166033,-171533.115033491892973],[12663232.043691331520677,-171539.659137152921176],[12663204.380909187719226,-171551.897441739653004],[12663184.878958933055401,-171579.581437436077977],[12663167.822697870433331,-171609.702722067042487],[12663164.591872273012996,-171629.230681414133869],[12663161.3620485663414,-171649.572175092500402],[12663154.068061571568251,-171674.799856122961501],[12663145.139793129637837,-171695.148530698410468],[12663131.317363295704126,-171708.182456434820779],[12663110.156529968604445,-171712.277437060140073],[12663084.929752234369516,-171719.631644935812801],[12663066.219617510214448,-171730.231484001764329],[12663048.33302435092628,-171748.151484893955057],[12663036.137862822040915,-171760.36977206679876],[12663015.792110817506909,-171765.27718196818023],[12662993.806622702628374,-171761.238464433932677],[12662970.993362851440907,-171746.625221405527554],[12662949.823957936838269,-171744.212358850578312],[12662925.408810606226325,-171749.938499795331154],[12662906.285680560395122,-171765.726726672699442],[12662890.422319162636995,-171769.976012774335686],[12662866.088880348950624,-171768.950471683259821],[12662848.105884542688727,-171770.031169598340057],[12662842.823106778785586,-171775.323682247486431],[12662846.017530895769596,-171791.176791319012409],[12662862.96224981918931,-171804.897463946632342],[12662888.365802897140384,-171815.435841945640277],[12662901.078711392357945,-171829.162260978890117],[12662901.096633818000555,-171842.905148889578413],[12662895.822316348552704,-171854.540471354499459],[12662881.019829703494906,-171860.902626187278656],[12662873.617194872349501,-171863.026660463889129],[12662861.996553236618638,-171875.727536138670985],[12662844.399056801572442,-171918.99422734361724],[12662838.077779531478882,-171939.088209396839375],[12662825.430994821712375,-171976.104819675470935],[12662818.066987875849009,-172007.828695769421756],[12662800.128074552863836,-172042.73795347957639],[12662781.12149603292346,-172070.248353240574943],[12662770.563064970076084,-172086.119238885003142],[12662767.414170512929559,-172105.152185666956939],[12662771.681825840845704,-172132.632181258348282],[12662793.936707109212875,-172162.203155497729313],[12662811.941966842859983,-172178.036784909229027],[12662835.238241946324706,-172194.920712267630734],[12662839.492093652486801,-172211.829508713446558],[12662824.713206730782986,-172236.16290645787376],[12662804.652766574174166,-172266.846397507470101],[12662799.390694260597229,-172287.996175691194367],[12662785.686151746660471,-172325.013947903527878],[12662774.076753363013268,-172346.172121567156864],[12662767.737553654238582,-172352.52320988435531],[12662762.46312484331429,-172364.158618120010942],[12662759.314564365893602,-172383.191432252206141],[12662765.684043008834124,-172400.097230946819764],[12662763.602702479809523,-172426.528773769794498],[12662759.386365437880158,-172438.16274145868374],[12662751.996087102219462,-172449.800908875506138],[12662749.906508916988969,-172469.889319645008072],[12662762.64034547097981,-172499.472742569108959],[12662779.614230120554566,-172535.393317953858059],[12662792.349402507767081,-172566.033883274911204],[12662784.966137276962399,-172582.957796667091316],[12662771.243560995906591,-172606.232900966424495],[12662761.75268386118114,-172629.502255216502817],[12662757.544584475457668,-172647.479335021169391],[12662749.109016090631485,-172668.63305874512298],[12662739.598880672827363,-172677.102749358251458],[12662715.270785212516785,-172680.306033248809399],[12662696.228250460699201,-172680.331013999180868],[12662677.192617544904351,-172685.641523601865629],[12662661.341835243627429,-172699.405142764007905],[12662655.009537322446704,-172711.042081584833795],[12662655.024899426847696,-172722.670508694689488],[12662657.158560095354915,-172736.410692452394869],[12662662.460596140474081,-172745.917965806816937],[12662666.708993185311556,-172758.598124688694952],[12662662.500782469287515,-172776.575084234704264],[12662648.77965335175395,-172800.907208573189564],[12662640.348203806206584,-172825.232587849750416],[12662645.669609416276217,-172849.539837042771978],[12662662.624124452471733,-172870.660493124712957],[12662674.280833626165986,-172885.44510601303773],[12662680.019019406288862,-172898.07419068395393],[12662681.098929792642593,-172914.987027100723935],[12662681.13432939723134,-172941.944102894223761],[12662677.456556050106883,-172960.977423630421981],[12662677.473253974691033,-172973.663097773795016],[12662682.256763823330402,-172991.099750181601848],[12662692.847254902124405,-172999.542901143053314],[12662699.201037459075451,-173004.291779643070186],[12662702.388671094551682,-173014.859064709657105],[12662699.22664094902575,-173023.848806136666099],[12662686.008898574858904,-173028.623328070010757],[12662664.317293908447027,-173025.480400505883154],[12662646.856720466166735,-173021.803261413471773],[12662624.639131225645542,-173020.775183409394231],[12662601.89511208422482,-173021.862176100956276],[12662592.076733017340302,-173026.009416878514457],[12662572.388990497216582,-173034.325452345627127],[12662547.982192141935229,-173046.559701227757614],[12662529.070569131523371,-173058.7868752971699],[12662508.332861194387078,-173075.287076468812302],[12662494.922870052978396,-173092.387918824417284],[12662486.390899006277323,-173104.601384312816663],[12662477.86137699149549,-173118.645293739595218],[12662466.886388394981623,-173130.251815211435314],[12662457.31847813911736,-173139.495449059701059],[12662449.812204880639911,-173146.747368991258554],[12662427.242734728381038,-173163.250216893589823],[12662406.509813517332077,-173183.411077906697756],[12662383.345229372382164,-173211.506734540744219],[12662367.489660318940878,-173226.170402036863379],[12662347.957765109837055,-173231.076897560589714],[12662330.869221407920122,-173236.590335382876219],[12662317.451883168891072,-173248.200277658383129],[12662308.922361152246594,-173262.244068071275251],[12662297.960062982514501,-173283.612504808814265],[12662264.425289018079638,-173319.043185876245843],[12662235.143698833882809,-173338.605381596484222],[12662199.757125157862902,-173358.785681722074514],[12662164.988374639302492,-173384.456202388741076],[12662118.634716028347611,-173422.344148692995077],[12662092.413076009601355,-173447.393351229868131],[12662069.23145997337997,-173462.676767926022876],[12662044.234111713245511,-173490.164786617475329],[12662030.224553806707263,-173515.808101748029003],[12662024.153411408886313,-173542.051060500583844],[12662022.34814322181046,-173562.187129801139235],[12662023.589355554431677,-173577.438484285521554],[12662028.488415025174618,-173588.4140560037049],[12662029.732076361775398,-173605.495739086851245],[12662020.595083879306912,-173621.980759180034511],[12662009.612859528511763,-173628.096486909169471],[12661994.969559730961919,-173636.047186951676849],[12661991.318169116973877,-173645.203700461686822],[12661992.557043727487326,-173658.624719752464443],[12662001.730771657079458,-173670.204797271144344],[12662026.780996672809124,-173682.984497868426843],[12662048.171816067770123,-173698.819242109457264],[12662056.135723749175668,-173718.942697244288865],[12662061.663960970938206,-173743.950197245314484],[12662062.922761775553226,-173772.623989839048591],[12662068.445099078118801,-173793.36068011703901],[12662076.40422004647553,-173809.823248793196399],[12662084.962796458974481,-173817.743656486534746],[12662093.54608578979969,-173844.577495303063188],[12662091.132011303678155,-173865.934494646207895],[12662078.937295062467456,-173878.763040619232925],[12662060.012091064825654,-173880.61834941059351],[12662045.96323736384511,-173876.366005964082433],[12662030.094977911561728,-173881.267735108442139],[12662020.344948995858431,-173895.923402811924461],[12662013.671345518901944,-173928.268333316053031],[12662014.303640222176909,-173944.74050906606135],[12662017.985421065241098,-173958.768451949727023],[12662029.611406043171883,-173977.666508523980156],[12662043.671280359849334,-173990.460561931628035],[12662046.133667500689626,-174005.710341404279461],[12662044.318046620115638,-174017.914917220827192],[12662033.356750315055251,-174039.893542263045674],[12662031.558049971237779,-174064.910624823562102],[12662038.307239392772317,-174089.916540854261257],[12662046.879396766424179,-174108.208531052892795],[12662060.333025155588984,-174124.053858109022258],[12662080.494766052812338,-174133.789106793294195],[12662091.190120082348585,-174141.706519246828975],[12662101.885585445910692,-174149.624041974137072],[12662112.290284272283316,-174168.523962371837115],[12662117.207154866307974,-174192.92182216027868],[12662116.010025078430772,-174211.226957904727897],[12662110.539006061851978,-174229.537618909438606],[12662093.465601801872253,-174246.643241556826979],[12662085.555572729557753,-174267.397575698065339],[12662085.586185595020652,-174290.581877497257665],[12662083.192927874624729,-174327.801945911924122],[12662072.867265859618783,-174368.693379002943402],[12662069.232016576454043,-174390.052210133901099],[12662064.372586829587817,-174408.972007358854171],[12662058.915037479251623,-174437.654783135949401],[12662038.795264042913914,-174459.645196255121846],[12662013.784334797412157,-174476.761524007335538],[12661994.260454595088959,-174487.769219276291551],[12661974.736574366688728,-174498.777135115582496],[12661960.7112090960145,-174512.218112577131251],[12661950.963072592392564,-174528.094030306441709],[12661946.109208848327398,-174551.284827992116334],[12661941.249445145949721,-174570.204612295376137],[12661932.721592916175723,-174585.46883425192209],[12661910.148783165961504,-174599.531115027843043],[12661893.674611726775765,-174608.094579576601973],[12661874.14204859547317,-174612.391233748348895],[12661860.719701008871198,-174620.340353261359269],[12661848.524539453908801,-174632.558824545354582],[12661833.272989977151155,-174642.340697371750139],[12661813.743321157991886,-174649.077706845884677],[12661791.161939820274711,-174656.428839558881009],[12661772.859123097732663,-174667.43520005728351],[12661756.401204310357571,-174688.200882160832407],[12661749.710568938404322,-174707.733231321733911],[12661742.404670773074031,-174723.605930434336187],[12661724.108310585841537,-174739.493108343420317],[12661706.409847376868129,-174745.617649846972199],[12661688.091668572276831,-174745.031712651369162],[12661674.051609121263027,-174747.490637170121772],[12661661.235173491761088,-174751.778335603856249],[12661649.648039009422064,-174762.165483963210136],[12661638.674497574567795,-174774.992544365930371],[12661621.586510451510549,-174781.116200683987699],[12661608.156259188428521,-174782.964207189972512],[12661582.519269114360213,-174788.489104346575914],[12661559.93599534034729,-174794.620055517123546],[12661557.493645712733269,-174794.623260974301957],[12661530.024225542321801,-174799.540556272288086],[12661509.87595428712666,-174800.177228117885534],[12661486.665395185351372,-174793.496705486933934],[12661465.288713367655873,-174788.643740455299849],[12661441.477808248251677,-174789.895419683685759],[12661426.828719861805439,-174793.575626265141182],[12661413.41227219440043,-174805.795525518333307],[12661393.289827067404985,-174825.956025647028582],[12661373.773071300238371,-174842.454777342500165],[12661355.463130140677094,-174847.970056716527324],[12661334.104259457439184,-174856.539812644390622],[12661314.576928336173296,-174865.107136535400059],[12661298.106764394789934,-174876.72119923250284],[12661268.211581189185381,-174894.453940717387013],[12661223.045924188569188,-174907.326091484224889],[12661201.07312648743391,-174913.456155300489627],[12661179.717372730374336,-174924.466372460738057],[12661167.528445091098547,-174941.565754890092649],[12661163.275372639298439,-174957.434348526352551],[12661149.869166357442737,-174977.585882490326185],[12661135.229094842448831,-174987.977331709756982],[12661108.989532385021448,-174999.604099653835874],[12661086.41828110255301,-175014.886863387044286],[12661054.688330052420497,-175030.181563713267678],[12661037.604127814993262,-175039.356040135549847],[12661029.074605772271752,-175053.399834787123837],[12661027.878589170053601,-175072.315157461853232],[12661035.840159151703119,-175090.608066336688353],[12661054.180935813114047,-175108.277235153829679],[12661060.921442292630672,-175126.571909764112206],[12661060.942481696605682,-175142.434853736835066],[12661056.081827431917191,-175160.744889798486838],[12661044.493023162707686,-175169.911844875925453],[12661017.024270890280604,-175175.439275215496309],[12660995.647477755323052,-175170.586428586102556],[12660976.719602093100548,-175170.611409073928371],[12660963.904613653197885,-175176.119606634660158],[12660959.645863877609372,-175187.717295072565321],[12660962.10435482673347,-175199.916283121157903],[12660973.718317301943898,-175209.66298285513767],[12660984.108655938878655,-175217.58069080565474],[12660988.39801855571568,-175229.167434418166522],[12660982.916535528376698,-175239.546603352675447],[12660968.072971982881427,-175250.209399744286202],[12660947.464951233938336,-175262.167754001828143],[12660881.305217523127794,-175303.471866042731563],[12660832.483383156359196,-175321.975432953448035],[12660786.927773978561163,-175348.067202928999905],[12660759.815132761374116,-175366.542248804325936],[12660739.235609829425812,-175400.193588629335864],[12660724.080351704731584,-175431.668639183364576],[12660708.902384415268898,-175445.78923084193957],[12660679.611666044220328,-175458.843620362284128],[12660605.681052619591355,-175466.526326776627684],[12660578.816208589822054,-175467.171949989628047],[12660554.404957450926304,-175476.356136263086228],[12660547.092602744698524,-175487.347868066892261],[12660544.671849098056555,-175503.824245722673368],[12660555.07610266469419,-175522.113915560650639],[12660563.653937349095941,-175544.67700921325013],[12660567.950647046789527,-175561.754792615305632],[12660560.649535603821278,-175581.288064050226239],[12660541.13511754758656,-175599.617409182799747],[12660525.882788840681314,-175608.789321117772488],[12660505.132613124325871,-175616.138213195226854],[12660467.294227635487914,-175629.610739258147078],[12660441.053663300350308,-175640.627665393345524],[12660425.20020935870707,-175657.121717549365712],[12660414.241250764578581,-175680.93083553321776],[12660397.79513182118535,-175710.848329662083415],[12660355.135721845552325,-175772.526662811113056],[12660275.737762946635485,-175790.808574409980793],[12660232.032506365329027,-175778.973159597604536],[12660132.702347351238132,-175759.247577439207816],[12660037.34540362469852,-175755.302438712096773],[12659989.666931755840778,-175731.631604899012018],[12659953.908105690032244,-175719.796187105850549],[12659886.363557491451502,-175696.125460253184428],[12659842.658300898969173,-175656.674169821315445],[12659791.006613766774535,-175617.222872761572944],[12659707.56931584328413,-175573.826427283958765],[12659647.971198184415698,-175561.991001530288486],[12659536.721504697576165,-175569.881285438663326],[12659520.828643642365932,-175625.11304428128642],[12659532.748289432376623,-175680.344900667696493],[12659473.150171771645546,-175700.070599975821096],[12659417.525269377976656,-175676.399760600732407],[12659357.927263049408793,-175640.893607581994729],[12659318.195110388100147,-175609.332590451085707],[12659246.677458243444562,-175585.661741921619978],[12659127.48133422806859,-175609.332590451085707],[12659087.749181594699621,-175633.00332606115262],[12658992.392237870022655,-175609.332590451085707],[12658952.660196514800191,-175554.10071736300597],[12658861.276468066498637,-175534.37500577190076],[12658813.59799618460238,-175565.936143514496507],[12658777.839170129969716,-175502.813974318240071],[12658746.053559314459562,-175510.704260215483373],[12658710.294621929526329,-175530.42997378911241],[12658718.241052471101284,-175573.826427283958765],[12658599.044928457587957,-175542.265290602226742],[12658539.44681079685688,-175550.155575173615944],[12658488.115612493827939,-175630.221986290824134],[12658272.217805288732052,-175605.698157258797437],[12658272.203667724505067,-175605.677929733152268],[12658271.930155742913485,-175605.284874636330642],[12658220.51680363714695,-175531.418580616795225],[12657956.809056255966425,-175150.036107560037635],[12657583.879745218902826,-174827.539636162022362],[12657321.108640048652887,-174600.303190823469777],[12657267.60203624330461,-174554.032357291056542],[12657189.662807976827025,-174486.595132932503475],[12656964.559546818956733,-174291.910932846047217],[12656487.094888718798757,-173878.967306974256644],[12656174.552393931895494,-173348.105777794844471],[12656141.854297270998359,-173292.552827376464847],[12656141.557853450998664,-173291.951964494917775],[12656056.135506365448236,-173118.907701662537875],[12655889.977919345721602,-172782.314132971863728],[12655874.749301679432392,-172751.465127802744973],[12655874.717575632035732,-172751.402123267413117],[12655873.531355114653707,-172749.046527610218618],[12655873.475361432880163,-172748.935330130014336],[12655861.121013021096587,-172726.553798821521923],[12655898.426289450377226,-172717.016348836303223],[12655935.424992017447948,-172693.182062373438384],[12655980.339734880253673,-172654.801238146086689],[12656026.578734401613474,-172617.740408635669155],[12656046.383473694324493,-172592.606560076354071],[12656071.435813784599304,-172534.428795111860381],[12656085.574836269021034,-172491.065718647354515],[12656099.27904481254518,-172452.460587634297553],[12656107.144768700003624,-172398.533389910036931],[12656112.351960530504584,-172334.037870458443649],[12656114.94102924130857,-172290.161103936930886],[12656122.827681213617325,-172252.620498180680443],[12656155.442399585619569,-172161.726088446157519],[12656182.877978647127748,-172105.659649840701604],[12656211.359293006360531,-172040.077054292196408],[12656246.193833332508802,-171978.715094719023909],[12656296.853663813322783,-171882.445722546835896],[12656329.577586602419615,-171825.315322189737344],[12656353.863714626058936,-171788.282440037815832],[12656378.138822024688125,-171742.792098132253159],[12656411.904806571081281,-171672.974153490562458],[12656424.543576272204518,-171628.555756045039743],[12656430.842923618853092,-171590.488679962727474],[12656431.851032933220267,-171551.371185485768365],[12656428.615086656063795,-171502.744041065714555],[12656423.284775480628014,-171471.034909869369585],[12656408.408595316112041,-171420.308470846241107],[12656389.299268893897533,-171368.530171008693287],[12656378.679166838526726,-171336.827654197870288],[12656372.26415853574872,-171283.975821068248479],[12656371.162986136972904,-171250.146932209463557],[12656377.462333494797349,-171212.079685669654282],[12656398.549139335751534,-171154.96426921672537],[12656427.045481843873858,-171101.01080411116709],[12656452.38146398216486,-171057.63343059385079],[12656466.090570583939552,-171022.728561680414714],[12656490.347198951989412,-170962.43742731391103],[12656516.73715403303504,-170915.887229132087668],[12656545.251085,-170875.677427431452088],[12656567.435946341603994,-170850.276564592233626],[12656608.634733283892274,-170801.593126708816271],[12656641.380252053961158,-170761.378000268101459],[12656658.27832811139524,-170738.098185154201929],[12656673.052094338461757,-170708.47784757259069],[12656670.885260434821248,-170668.307030244613998],[12656652.867644265294075,-170642.957102317828685],[12656629.212586417794228,-170621.534820550499717],[12656597.433543482795358,-170589.859176102356287],[12656574.917617985978723,-170562.796717025223188],[12656541.806859968230128,-170523.854585721128387],[12656519.29171372577548,-170497.453009812830715],[12656508.691092578694224,-170480.947546719718957],[12656491.458167465403676,-170448.592754821816925],[12656481.497967347502708,-170415.567782859900035],[12656479.49009770154953,-170396.408471075003035],[12656479.453250948339701,-170367.335462698771153],[12656482.063804320991039,-170340.241476138267899],[12656484.016459526494145,-170315.791161291883327],[12656483.983842892572284,-170290.02182511871797],[12656481.96840351447463,-170264.915919710241724],[12656476.314820539206266,-170237.761900931946002],[12656472.57648941129446,-170209.75067685340764],[12656473.58493266813457,-170170.632958431204315],[12656476.695978470146656,-170120.940415891149314],[12656485.122863925993443,-170091.85676303046057],[12656523.870061744004488,-170035.62636059281067],[12656560.324523305520415,-169999.899733493686654],[12656603.765173468738794,-169956.844483988912543],[12656616.040039755403996,-169944.678609845723258],[12656642.979801822453737,-169914.51434015436098],[12656664.382309753447771,-169897.836401826614747],[12656687.370897797867656,-169880.363490460091271],[12656700.8487938195467,-169871.624547258543316],[12656723.054805841296911,-169862.874550180800725],[12656749.228133192285895,-169854.119689222541638],[12656789.981085583567619,-169836.271948476874968],[12656800.538069508969784,-169818.41834803664824],[12656810.438045762479305,-169803.869319088640623],[12656815.044001026079059,-169786.023232683044625],[12656816.343878718093038,-169768.181345331569901],[12656816.97762057185173,-169746.37575910310261],[12656804.975487051531672,-169667.10079946226324],[12656786.386245280504227,-169607.656583500560373],[12656775.117818508297205,-169585.86590518153389],[12656743.986988948658109,-169543.617050959874177],[12656732.494142077863216,-169533.306830110755982],[12656717.508423527702689,-169519.863362606789451],[12656705.589668309316039,-169506.663294092286378],[12656675.530066195875406,-169453.885009455727413],[12656660.43313948623836,-169437.253022388293175],[12656651.698121685534716,-169431.713742636144161],[12656642.964996322989464,-169427.760209177766228],[12656635.023241201415658,-169422.219823856925359],[12656627.081597413867712,-169416.679548938234802],[12656620.725811088457704,-169410.344300469441805],[12656613.573645131662488,-169401.631316268671071],[12656603.241637909784913,-169388.164960577531019],[12656597.678335037082434,-169381.035953721264377],[12656582.590536531060934,-169371.539932774787303],[12656569.091712426394224,-169363.627889703580877],[12656557.182641990482807,-169358.092587572755292],[12656481.752443706616759,-169317.74922109223553],[12656464.27817795984447,-169303.498940554301953],[12656448.39589224755764,-169293.211148306669202],[12656438.067781217396259,-169282.916391851293156],[12656426.940284911543131,-169267.865166436356958],[12656417.400761155411601,-169253.604934761446202],[12656399.099168943241239,-169212.396828735712916],[12656395.900292070582509,-169192.578185904159909],[12656395.875579139217734,-169172.755562165664742],[12656397.441399104893208,-169156.102554062701529],[12656398.219967614859343,-169144.207894981838763],[12656399.792021468281746,-169132.31246157703572],[12656404.531782750040293,-169115.655471420846879],[12656404.519871551543474,-169106.140649020730052],[12656405.29432126134634,-169091.074379797035363],[12656405.277400698512793,-169077.595074218697846],[12656398.121338550001383,-169065.710359536955366],[12656393.921365465968847,-169060.477587539935485],[12656391.763659777119756,-169057.789353131171083],[12656385.406871585175395,-169050.661110354034463],[12656378.256820689886808,-169043.533972728968365],[12656370.309165636077523,-169033.236110729892971],[12656366.328825924545527,-169022.933274166978663],[12656359.961239730939269,-169007.083189183176728],[12656355.185522254556417,-168995.195597140263999],[12656340.56559956818819,-168937.067479912220733],[12656340.550460137426853,-168924.909513351449277],[12656336.834170250222087,-168914.342159530497156],[12656331.532579502090812,-168904.833961435651872],[12656326.763652518391609,-168898.496599469799548],[12656321.465290028601885,-168891.631427784595871],[12656316.164255874231458,-168882.651701589289587],[12656313.502161577343941,-168868.911298366670962],[12656313.488135317340493,-168857.810605698643485],[12656313.99998234026134,-168844.06633231259184],[12656316.632910935208201,-168834.548072691832203],[12656318.20986283197999,-168826.616999998048414],[12656319.785478921607137,-168817.62887066451367],[12656319.77479225024581,-168809.17120358441025],[12656319.235337981954217,-168800.714088904671371],[12656315.525170676410198,-168794.904202370613348],[12656312.347333177924156,-168791.736570075328927],[12656305.463335875421762,-168785.930441564851208],[12656299.110332520678639,-168781.709621375106508],[12656292.756661267951131,-168776.960107036691625],[12656286.930533085018396,-168771.1526517495804],[12656282.688147278502584,-168762.700288792257197],[12656278.970187604427338,-168750.547066598315723],[12656279.480476170778275,-168735.745509380212752],[12656283.698371669277549,-168724.639504924212815],[12656302.152248939499259,-168676.513295534183271],[12656311.640120442956686,-168649.542478865449084],[12656318.495619978755713,-168632.618621503206668],[12656322.712179645895958,-168620.455444595456356],[12656323.76025265455246,-168612.525028153788298],[12656326.39707743935287,-168606.178484104108065],[12656331.15197816491127,-168601.415038793318672],[12656334.851458797231317,-168598.767366092943121],[12656341.196001846343279,-168596.116487830178812],[12656350.18393755145371,-168592.404904476861702],[12656362.342252336442471,-168586.046421999111772],[12656368.152573155239224,-168579.167313970247051],[12656373.429005684331059,-168568.588670499389991],[12656374.120856331661344,-168563.529429640824674],[12656426.926258651539683,-168577.659932191541884],[12656528.937881551682949,-168604.957501676428365],[12656540.844836927950382,-168608.907179719681153],[12656588.477667795494199,-168628.67004921179614],[12656648.022129457443953,-168656.347304623457603],[12656711.523999033495784,-168676.090273772832006],[12656782.975527388975024,-168707.716979189368431],[12656806.789326824247837,-168715.616110820206814],[12656929.820852549746633,-168751.142414001049474],[12656989.330471225082874,-168751.067802141275024],[12657040.905459228903055,-168751.003027996543096],[12657052.807405231520534,-168750.988105612050276],[12657088.513131892308593,-168750.943227967509301],[12657128.181164519861341,-168746.928999144409318],[12657187.665847616270185,-168727.031727309542475],[12657219.379323391243815,-168707.169383285974618],[12657278.828940864652395,-168659.520576026901836],[12657294.67816468514502,-168643.64261233099387],[12657322.409296981990337,-168611.891655981627991],[12657358.070273224264383,-168576.166367429832462],[12657369.94728365726769,-168556.328881773777539],[12657389.748794682323933,-168528.552464064210653],[12657397.668397204950452,-168516.648931506642839],[12657413.497694857418537,-168484.913102129794424],[12657433.224621813744307,-168397.669063275068766],[12657445.081594737246633,-168361.973588233115152],[12657449.039002623409033,-168354.039626262616366],[12657456.963614532724023,-168346.100579363468569],[12657468.835504272952676,-168322.298691124771722],[12657480.722533466294408,-168310.390174396859948],[12657484.679830048233271,-168302.45621075478266],[12657504.486350435763597,-168278.644259469117969],[12657520.325666837394238,-168254.837390535423765],[12657536.159973824396729,-168227.066023276711348],[12657551.989271476864815,-168195.330045822483953],[12657567.813559716567397,-168159.629677678196458],[12657571.765958238393068,-168147.731101329845842],[12657579.680662730708718,-168131.863163234404055],[12657583.628051854670048,-168116.000198265450308],[12657591.522830152884126,-168084.274154694081517],[12657599.367848632857203,-168012.903225720481714],[12657599.333116939291358,-167985.151617080613505],[12657599.303172009065747,-167961.36461620850605],[12657599.238718008622527,-167909.825995864899596],[12657607.108672056347132,-167858.277416425436968],[12657611.026338901370764,-167818.627419055905193],[12657618.911209754645824,-167778.972330601362046],[12657646.567869327962399,-167687.753919153299648],[12657803.844498693943024,-167672.681151492433855],[12657900.91342487372458,-167608.694501175457845],[12657956.150712788105011,-167528.021443830424687],[12657923.461410373449326,-167432.681689433462452],[12657937.103280005976558,-167410.669522856391268],[12657916.418671460822225,-167304.456334079266526],[12657942.906699012964964,-167225.550991792522836],[12657989.260802896693349,-167166.371913224080345],[12658210.419569231569767,-167170.594419250177452],[12658356.908783335238695,-167080.548136144934688],[12658593.535281579941511,-167100.493735498021124],[12658847.789332522079349,-167119.102500849781791],[12659053.765790067613125,-166952.497356467501959],[12659092.154873088002205,-166921.446101268142229],[12659193.277721144258976,-166839.652305858908221],[12659186.867276944220066,-166658.622885098477127],[12659165.676943959668279,-166490.290951092203613],[12659176.272110469639301,-166237.79289075336419],[12659388.176442237570882,-166143.106024176435312],[12659503.848636435344815,-166160.776621309312759],[12659663.651995597407222,-166185.188994483381975],[12659980.025105394423008,-166070.015346951928223],[12660234.310325767844915,-166117.358798714441946],[12660464.756254563108087,-166085.796535392670194],[12660607.78621550835669,-166050.970875174563844],[12660884.530254492536187,-166062.062519859231543]]]]}},
{"type":"Feature","properties":{"ID":1,"NAMOBJ":"MHA Rungan Buleng Siang","WADMKD":"Mungku Baru, Bereng Malaka dan Parempei","WADMKC":"Rungan dan Rakumpit","SKEMA":"Customary Forest (HA)","LUAS":4694843.0061630001,"SK":"Sudah","KETERANGAN":"SK.7924/MENLHK-PSKL/PKTHA/PSL.1/8/2023"},"geometry":{"type":"MultiPolygon","coordinates":[[[[12648900.420009104534984,-165480.771706073719542],[12649185.193856904283166,-166042.248486720724031],[12649275.465169701725245,-166221.522253132687183],[12649341.558557013049722,-166364.049801236251369],[12649401.336233,-166492.95776940023643],[12649609.850218368694186,-166941.141347391385352],[12649693.275716450065374,-167110.473995811858913],[12649715.581248080357909,-167154.333017569821095],[12649781.492516709491611,-167283.275281913403887],[12649865.406818654388189,-167462.548148141533602],[12649906.09231142513454,-167558.497058355802437],[12649986.192139707505703,-167733.982299611903727],[12650016.70648192986846,-168338.711118587380042],[12650027.267028078436852,-168562.418430510500912],[12650029.732754779979587,-168614.650085765315453],[12650035.777848415076733,-168742.704530583956512],[12650048.491981413215399,-169131.547663531790022],[12650062.477939607575536,-169434.541800694132689],[12650079.00632363371551,-169733.748167006968288],[12650087.194428775459528,-170043.739998519798974],[12650048.774510279297829,-170032.027655947749736],[12650009.032895473763347,-170019.912300308700651],[12649929.478977972641587,-170001.243956033344148],[12649848.873759208247066,-169987.814994600543287],[12649767.562218265607953,-169979.68267428004765],[12649745.287188155576587,-169978.918763194815256],[12649685.892785159870982,-169976.882145929790568],[12649604.214669151231647,-169979.425126477959566],[12649578.905737640336156,-169981.864424683502875],[12649545.709931520745158,-169985.492200906388462],[12649509.163520058616996,-169989.486181294894777],[12649504.208021594211459,-169990.299833350116387],[12649471.26068059541285,-169995.709331639925949],[12649442.231117745861411,-170000.475513050885638],[12649405.406741520389915,-170008.994264852197375],[12649362.619202783331275,-170018.892720699222991],[12649284.383196758106351,-170042.473482685018098],[12649207.857948632910848,-170071.116989140660735],[12649174.55516448803246,-170086.132240742968861],[12649133.371628304943442,-170104.70065441384213],[12649082.674505809322,-170131.676283852517372],[12649081.90896169282496,-170132.083607055508764],[12649061.694900631904602,-170139.072101279773051],[12649125.508353443816304,-169573.913678003649693],[12649133.984553432092071,-169513.314893367030891],[12649174.670268852263689,-169003.274672030413058],[12649210.270130669698119,-168597.598446169868112],[12649149.999086692929268,-168512.351394554920262],[12649123.16697058826685,-168474.400113092648098],[12648918.689875241369009,-168185.188225408404833],[12648861.051982494071126,-168101.022739264386473],[12648684.747512569651008,-167848.52621808098047],[12648632.195250751450658,-167471.464257259445731],[12648586.423904402181506,-167193.717612609121716],[12648540.778015134856105,-166916.732475447905017],[12648540.652446735650301,-166915.970433919486823],[12648187.142041631042957,-166588.337569681199966],[12648173.24781072512269,-166505.935378370049875],[12648160.920067669823766,-166382.358292564022122],[12648118.944604637101293,-165982.486703844333533],[12648107.558401824906468,-165874.018381216854323],[12648102.294548390433192,-165852.928289400821086],[12648117.323904162272811,-165853.443283116212115],[12648149.994059650227427,-165852.424902101192856],[12648182.527403473854065,-165849.273591489356477],[12648214.78512024320662,-165844.002505174226826],[12648246.628839813172817,-165836.634634770947741],[12648277.922084499150515,-165827.20115164492745],[12648308.530936969444156,-165815.742512277880451],[12648330.863630587235093,-165805.67222232039785],[12648338.32415153644979,-165802.30790551652899],[12648367.174601322039962,-165786.9548105088179],[12648383.095180941745639,-165777.095535340922652],[12648394.958499057218432,-165769.7488861430611],[12648421.184146586805582,-165751.062201036809711],[12648419.13464343547821,-165750.217805534222862],[12648421.186261646449566,-165751.02870818861993],[12648423.310460168868303,-165720.806664944597287],[12648422.434153141453862,-165720.19052917973022],[12648412.772734526544809,-165713.774824760388583],[12648403.107308428734541,-165704.145685675553977],[12648400.41916535794735,-165698.792909095063806],[12648396.651557208970189,-165687.549922398058698],[12648393.41227133013308,-165669.879181064781733],[12648392.866917142644525,-165662.38131343133864],[12648393.064509248360991,-165659.571892841573572],[12648393.394237585365772,-165654.882450732548023],[12648396.639312066137791,-165631.830078757280717],[12648399.847651110962033,-165623.792344843503088],[12648404.127440247684717,-165614.682065307541052],[12648409.306134287267923,-165609.173981600732077],[12648412.69759389385581,-165605.56659016746562],[12648420.199859641492367,-165600.201652330724755],[12648431.994271013885736,-165596.438623961497797],[12648449.690396511927247,-165594.274962765281089],[12648482.943198204040527,-165594.770723485766212],[12648508.968359310179949,-165596.25048912607599],[12648529.070321653038263,-165597.393446957517881],[12648546.195378145202994,-165599.445575786463451],[12648552.603484632447362,-165600.213479844504036],[12648565.737180795520544,-165575.749759786122013],[12648566.77100489474833,-165573.478987549955491],[12648579.272851642221212,-165546.018260815530084],[12648589.061953689903021,-165520.148055747762555],[12648590.833714712411165,-165515.46557487885002],[12648592.690857790410519,-165509.382030504144495],[12648600.370455484837294,-165484.222799208277138],[12648607.841440470889211,-165452.423573482956272],[12648613.21583416685462,-165420.20407978980802],[12648614.014774169772863,-165412.220944620959926],[12648616.469480257481337,-165387.702379440597724],[12648617.589131690561771,-165355.057639176113298],[12648618.95713690854609,-165320.934453831578139],[12648621.294512268155813,-165263.057606893766206],[12648642.984781075268984,-165249.970058568258537],[12648660.217038253322244,-165235.067923198570497],[12648676.542932141572237,-165221.867182828718796],[12648694.758919645100832,-165212.430139217409305],[12648699.948634309694171,-165210.0906092254736],[12648707.322882669046521,-165206.766077946726],[12648717.374810051172972,-165202.98789997008862],[12648726.799006819725037,-165199.838349754281808],[12648744.395501365885139,-165197.934227594203549],[12648760.109472004696727,-165198.543179701984627],[12648767.598490744829178,-165199.397083309479058],[12648768.560402456671,-165199.506736701674527],[12648776.453510966151953,-165200.406623986287741],[12648790.285625608637929,-165204.156283273681765],[12648796.574620237573981,-165207.287042039446533],[12648809.154279293492436,-165214.80404638723121],[12648818.591945718973875,-165222.952552255155751],[12648828.033508345484734,-165234.239553908613743],[12648834.448516648262739,-165244.356182253162842],[12648835.589986683800817,-165246.156398654100485],[12648842.521072153002024,-165260.584547897422453],[12648847.330185467377305,-165281.164669187070103],[12648848.198588818311691,-165294.362864054157399],[12648863.817937903106213,-165322.137213792768307],[12648868.380701169371605,-165330.250786255812272],[12648872.480486696586013,-165337.541074235195993],[12648871.135413302108645,-165404.688581492839148],[12648870.781973922625184,-165422.335686610895209],[12648900.420009104534984,-165480.771706073719542]]]]}},
{"type":"Feature","properties":{"ID":0,"NAMOBJ":"KTH Manen Hinje Hapakat","WADMKD":"Manen Kaleka","WADMKC":"Banama Tingang","SKEMA":"Community Forest (HKm)","LUAS":917.0,"SK":"Sudah","KETERANGAN":"SK. Nomor 11006 Tanggal 30 Agustus Tahun 2024"},"geometry":{"type":"MultiPolygon","coordinates":[[[[12674918.863655716180801,-200656.017016844707541],[12674901.071687765419483,-201005.178893584292382],[12673973.845006072893739,-200901.23195089638466],[12671775.450706308707595,-200601.570588140573818],[12671797.513169050216675,-200138.474255835986696],[12671765.727522557601333,-199431.584480676741805],[12671695.79910022765398,-198863.546301052032504],[12671555.942255636677146,-197872.631528942496516],[12671522.161400020122528,-197540.991499991330784],[12671633.0143,-197539.849799999763491],[12671794.407999996095896,-197538.187599995493656],[12672011.239200009033084,-197535.954399998387089],[12673891.678500032052398,-197516.588599999930011],[12674200.508044732734561,-197525.494664186669979],[12674308.579242847859859,-198983.465602142649004],[12674334.007760053500533,-199172.811725595849566],[12674346.722018659114838,-199235.927061583526665],[12674918.863655716180801,-200656.017016844707541]]]]}},
{"type":"Feature","properties":{"ID":0,"NAMOBJ":"KTH Kaharap Itah","WADMKD":"Tahawa","WADMKC":"Kahayan Tengah","SKEMA":"Community Forest (HKm)","LUAS":214.0,"SK":"Sudah","KETERANGAN":"SK. Nomor 11007 Tanggal 30 Agustus Tahun 2024"},"geometry":{"type":"MultiPolygon","coordinates":[[[[12671902.375297285616398,-209341.948780447244644],[12671874.14088955335319,-207341.231150763022015],[12671939.541590850800276,-207341.103952305595158],[12673005.55412271246314,-207339.030654153990326],[12673076.555475037544966,-209340.827379555237712],[12673009.702019454911351,-209340.891227954038186],[12671992.541887495666742,-209341.862666832690593],[12671902.375297285616398,-209341.948780447244644]]]]}}
]
}
