{
"type": "FeatureCollection",
"name": "TNS-boundary",
"crs": { "type": "name", "properties": { "name": "urn:ogc:def:crs:OGC:1.3:CRS84" } },
"features": [
{"type":"Feature","properties":{"id":null,"Name":null,"description":null,"timestamp":null,"begin":null,"end":null,"altitudeMode":null,"tessellate":-1,"extrude":0,"visibility":-1,"drawOrder":null,"icon":null,"FID_PNUNJU":"2185","FGSFRF":"10024","LSKJUK":12719700.0,"NSKJUK":"529/Menhut-II/2012","TSKJUK":"2012/09/25","FCODE":"","METADATA":"PNUNJUKKWSNHUTAN_AR_250K","NAMOBJ":"-","REMARK":"-","SRS_ID":"","KODPROV":"62","luas_hit":537127.0,"FUNGSI_KH":"TN","SHAPE_Leng":4.92583,"SHAPE_Area":0.436193,"FID_peruba":"-1","Kronologis":"","ket":"","verifiy":"","ubah_2017":"","FGS_2017":"TN","Luas_BNF":537127.0},"geometry":{"type":"Polygon","coordinates":[[[113.731734644000099,-2.038366435999965,0.0],[113.730656607,-2.035729374999979,0.0],[113.730086857000103,-2.032980385,0.0],[113.730027846000098,-2.03021930699989,0.0],[113.730233042,-2.029918631999972,0.0],[113.72785807,-2.029766551999919,0.0],[113.725265204,-2.028471214999936,0.0],[113.722504574,-2.027104544999927,0.0],[113.720466941,-2.025389572999956,0.0],[113.720293674000104,-2.022755998000039,0.0],[113.722129281000093,-2.020728214999925,0.0],[113.724742426,-2.020259058999936,0.0],[113.726297495,-2.019918082999961,0.0],[113.727466327000101,-2.019661795999979,0.0],[113.728885503999905,-2.017939015999981,0.0],[113.72913012,-2.017642072999932,0.0],[113.72917366,-2.017355073999987,0.0],[113.725957938000093,-2.015701274000041,0.0],[113.725943314,-2.015679721999937,0.0],[113.724057937000097,-2.012901274,0.0],[113.723698688,-2.011356496999985,0.0],[113.723262368,-2.009480325999986,0.0],[113.723064012,-2.008627389999957,0.0],[113.723057938,-2.008601273999915,0.0],[113.722964628000099,-2.007419351999924,0.0],[113.722757937000097,-2.00480127399993,0.0],[113.722757937000097,-2.002760087999966,0.0],[113.722757937000097,-2.00170127399995,0.0],[113.7227934000001,-1.999999046999954,0.0],[113.722851229000099,-1.997223231999958,0.0],[113.722857732000094,-1.996911098,0.0],[113.72285791,-1.996902566999985,0.0],[113.723034435000102,-1.996763687999965,0.0],[113.723276745000106,-1.996573053,0.0],[113.723276862,-1.996572529999956,0.0],[113.723516413000098,-1.996384194,0.0],[113.723961077,-1.996034524999946,0.0],[113.724342488000104,-1.995734590999969,0.0],[113.724755548000104,-1.995409813000035,0.0],[113.725168589000106,-1.995085120999909,0.0],[113.725408686,-1.994896474,0.0],[113.725507364,-1.994819584999961,0.0],[113.725659132,-1.994701329999948,0.0],[113.724197291000095,-1.992383921999952,0.0],[113.723703549000106,-1.991601207999938,0.0],[113.723702780000096,-1.991599985999917,0.0],[113.722788659000102,-1.99015123199995,0.0],[113.722757640000097,-1.990101066,0.0],[113.722736665000099,-1.990071491999947,0.0],[113.722588679000097,-1.989862804999967,0.0],[113.720258327,-1.986601074999934,0.0],[113.717187429000106,-1.985372716,0.0],[113.717146280000094,-1.985356065999959,0.0],[113.716546124,-1.985115622999949,0.0],[113.716255165000106,-1.984999471000031,0.0],[113.715097036000103,-1.98455999799998,0.0],[113.711258890000096,-1.983101083999972,0.0],[113.706312569,-1.981942204999929,0.0],[113.704858725,-1.981601517999898,0.0],[113.7048588,-1.981601476999975,0.0],[113.704895852,-1.981580672999932,0.0],[113.705630032,-1.981168150999932,0.0],[113.705716169000098,-1.981119750999905,0.0],[113.705997210000106,-1.980962172000036,0.0],[113.708683519,-1.979455976999933,0.0],[113.708958759000097,-1.97930136199991,0.0],[113.709283513,-1.979091243999931,0.0],[113.709287100000097,-1.979088912999918,0.0],[113.709439971,-1.97898955499997,0.0],[113.709440481000101,-1.978989222999923,0.0],[113.712057527000098,-1.977300958999963,0.0],[113.712529584000094,-1.976986391999955,0.0],[113.682950442,-1.967601822999911,0.0],[113.682814254,-1.967558612999913,0.0],[113.661609342,-1.957931845999974,0.0],[113.661622939,-1.957775617999937,0.0],[113.661623992,-1.95776369199993,0.0],[113.661703850000094,-1.95687197299995,0.0],[113.661748530000096,-1.956373060999956,0.0],[113.661746798000095,-1.956372422999924,0.0],[113.661580979000107,-1.956310728999975,0.0],[113.661130674000106,-1.956133322999924,0.0],[113.660462782000096,-1.95582761499995,0.0],[113.659815095000098,-1.955477361999927,0.0],[113.6591928160001,-1.955086172999894,0.0],[113.658597275,-1.954654884,0.0],[113.658179112000099,-1.954308942999974,0.0],[113.658029748000104,-1.954185376999962,0.0],[113.657912808000106,-1.954074445999936,0.0],[113.65767856,-1.953852237999936,0.0],[113.657495262000097,-1.953678651999982,0.0],[113.656994965000095,-1.953138655999966,0.0],[113.656529929,-1.952566547999972,0.0],[113.656103056,-1.951965458999978,0.0],[113.655717165,-1.951337627999969,0.0],[113.655537187,-1.950998326999973,0.0],[113.655371176000102,-1.950685355999917,0.0],[113.655074134000103,-1.950021016999925,0.0],[113.655053268000103,-1.9499668469999,0.0],[113.654813215000104,-1.949319790999899,0.0],[113.654686407,-1.948897959999929,0.0],[113.654600530000096,-1.948612285,0.0],[113.654521890000098,-1.948268255999945,0.0],[113.65443586,-1.947891893,0.0],[113.654317648000102,-1.947163018999984,0.0],[113.654248056,-1.946428174999935,0.0],[113.654237396000099,-1.946103450999965,0.0],[113.654237371,-1.946102728999926,0.0],[113.654199218000102,-1.946090745999893,0.0],[113.654198860000093,-1.946090627999983,0.0],[113.653996919000093,-1.946024143999978,0.0],[113.645289497,-1.943166281999968,0.0],[113.644886543000098,-1.943034025999937,0.0],[113.640333423,-1.941539635999932,0.0],[113.640333087000101,-1.941539341,0.0],[113.630231690000102,-1.938223499999914,0.0],[113.628828532,-1.937762915999914,0.0],[113.619851387,-1.934816133999981,0.0],[113.619850707000097,-1.934815909999963,0.0],[113.61631535,-1.933655020999934,0.0],[113.604806441000093,-1.929877281,0.0],[113.599725510000198,-1.928209491999928,0.0],[113.590131348000099,-1.925060283999953,0.0],[113.590130911000102,-1.925060140999941,0.0],[113.577089834000105,-1.92077929999996,0.0],[113.577090064000103,-1.920779589999964,0.0],[113.582888489000098,-1.928101155999937,0.0],[113.583254047000096,-1.928563242999901,0.0],[113.586869617,-1.933128366999963,0.0],[113.586989146000107,-1.933279287999901,0.0],[113.586991964000106,-1.933282602999915,0.0],[113.587027178000099,-1.933296208,0.0],[113.586992116,-1.933282726999945,0.0],[113.586992046000105,-1.933282700999943,0.0],[113.587810644000101,-1.93424575699995,0.0],[113.587870424000101,-1.934316087,0.0],[113.589126039,-1.935793277999915,0.0],[113.592102260000104,-1.939294715,0.0],[113.593789148,-1.941279288999973,0.0],[113.594125028,-1.941867082999946,0.0],[113.594437860000099,-1.942414539999939,0.0],[113.594989147000106,-1.943379288999927,0.0],[113.595230026000095,-1.943669235999916,0.0],[113.595231555000098,-1.943671075999909,0.0],[113.600389147000101,-1.949879288999929,0.0],[113.607889149000101,-1.959579289999973,0.0],[113.61511901,-1.970968797999979,0.0],[113.615189149000102,-1.971079289999969,0.0],[113.617203146,-1.974951271999974,0.0],[113.618466003000094,-1.977379131999957,0.0],[113.625580861000202,-1.994244041999942,0.0],[113.625581035000096,-1.994244453999976,0.0],[113.625581057000105,-1.9942445049999,0.0],[113.628008746000205,-1.999999046999954,0.0],[113.630397067000104,-2.00566026999994,0.0],[113.612381938000098,-2.010292731999899,0.0],[113.598228121,-1.999999046999954,0.0],[113.595396244,-1.99793950000001,0.0],[113.59000917,-1.996431119999986,0.0],[113.590007757000095,-1.996430723999933,0.0],[113.569660345000202,-1.990733449,0.0],[113.569623531,-1.990731848999949,0.0],[113.569554851,-1.990711682999979,0.0],[113.562379304,-1.990348363999914,0.0],[113.547858336000104,-1.989785536,0.0],[113.544304371000095,-1.989631016000013,0.0],[113.539809051,-1.989305821999925,0.0],[113.534131260000095,-1.988895087999933,0.0],[113.525665533000094,-1.989474323,0.0],[113.525502438000103,-1.989485481999942,0.0],[113.52377074,-1.989553895,0.0],[113.507109419,-1.990212119000032,0.0],[113.495346971000103,-1.990802511999941,0.0],[113.492985399000105,-1.999658409999947,0.0],[113.493047920000194,-1.999999046999954,0.0],[113.493939912000101,-2.004858864999979,0.0],[113.494115508000107,-2.005815561,0.0],[113.494208884,-2.006449309999938,0.0],[113.494259139000107,-2.006790397999942,0.0],[113.494260790000098,-2.00680160499997,0.0],[113.494489671000096,-2.007299422999953,0.0],[113.494504233,-2.007333096999981,0.0],[113.494520190000102,-2.007369995,0.0],[113.495615281,-2.009758045999983,0.0],[113.497299810000101,-2.013509941999905,0.0],[113.499343479000103,-2.01945928899991,0.0],[113.499570552,-2.025908198999982,0.0],[113.499830882000197,-2.025950801999949,0.0],[113.499900525,-2.025962198999913,0.0],[113.499900851000106,-2.025962251999918,0.0],[113.499915075000104,-2.026163930999898,0.0],[113.500426081,-2.026862266999965,0.0],[113.500764718,-2.027325044999966,0.0],[113.503377978000202,-2.030896280999968,0.0],[113.504171372000101,-2.031980514999949,0.0],[113.505083084,-2.031915664999919,0.0],[113.505990983,-2.031850813999969,0.0],[113.506849291000194,-2.031787872999937,0.0],[113.50772667,-2.031724929999965,0.0],[113.508623123,-2.031660079999915,0.0],[113.509553911,-2.031593322999887,0.0],[113.510461808000102,-2.031528472999957,0.0],[113.511346817000103,-2.031465530999985,0.0],[113.512269975000095,-2.031398773999977,0.0],[113.512283475000103,-2.031397804999897,0.0],[113.513147354000097,-2.031335831,0.0],[113.514024736,-2.031272888999953,0.0],[113.514928819,-2.031208037999903,0.0],[113.515817644000094,-2.031143188999953,0.0],[113.516073228000096,-2.032030105999976,0.0],[113.516321182000098,-2.032897948999939,0.0],[113.516569138,-2.033765792999982,0.0],[113.516817094000103,-2.034626006999933,0.0],[113.517061234000096,-2.035486219999945,0.0],[113.517313003,-2.036354063999988,0.0],[113.517557144000094,-2.037214278999919,0.0],[113.517808916,-2.038089750999974,0.0],[113.518056869,-2.038949965999926,0.0],[113.518301011000105,-2.039810180999957,0.0],[113.5185489670001,-2.04066848799991,0.0],[113.518785479,-2.041494369999959,0.0],[113.519033432,-2.042362212999902,0.0],[113.519281388000095,-2.043230056999925,0.0],[113.519525529,-2.044080734999987,0.0],[113.519777299000097,-2.04495811499992,0.0],[113.520048141000103,-2.045896530999947,0.0],[113.520299913000102,-2.046781539999891,0.0],[113.519777299000097,-2.047401427999942,0.0],[113.519235613000106,-2.04804229799993,0.0],[113.518701554,-2.048673629999949,0.0],[113.518175127000106,-2.049293517999979,0.0],[113.517633438000104,-2.049934387999908,0.0],[113.517099381000094,-2.050567626999984,0.0],[113.517690659000095,-2.051259994999977,0.0],[113.518255236000101,-2.051925658999918,0.0],[113.5188388830001,-2.052612304999977,0.0],[113.519426346000103,-2.053298950999936,0.0],[113.520063402,-2.054046630999968,0.0],[113.520627975,-2.05471229599991,0.0],[113.521207811000096,-2.055391311999957,0.0],[113.5217800140001,-2.056062698000012,0.0],[113.522382736000097,-2.056770324999908,0.0],[113.522958756000094,-2.057449340999975,0.0],[113.523550035,-2.058143615999946,0.0],[113.524141313000101,-2.058835981999958,0.0],[113.524694443000101,-2.059488297,0.0],[113.525285722,-2.060180664,0.0],[113.525869371000098,-2.060867309999985,0.0],[113.526456833000097,-2.061553954999944,0.0],[113.527032853,-2.062232971999911,0.0],[113.527620317,-2.06291961699997,0.0],[113.528184891,-2.063585280999971,0.0],[113.528787613000105,-2.064291,0.0],[113.529378892000096,-2.06498527599998,0.0],[113.529485702000102,-2.065910339999981,0.0],[113.529588701000094,-2.066833496999985,0.0],[113.529695511000099,-2.067749023999956,0.0],[113.529798508000098,-2.068647383999946,0.0],[113.529909134,-2.069599152000019,0.0],[113.530012131,-2.070524216,0.0],[113.530111315000099,-2.071384429999932,0.0],[113.53021431,-2.072273254999932,0.0],[113.530317307000104,-2.073171616000022,0.0],[113.530427935,-2.074113845999905,0.0],[113.530527115,-2.075002668999986,0.0],[113.530630112000097,-2.075874328999905,0.0],[113.53073311,-2.076770781999917,0.0],[113.530828476,-2.077625273999935,0.0],[113.530931473,-2.078504562999945,0.0],[113.531030657000102,-2.079374312999966,0.0],[113.531129837,-2.080255508999935,0.0],[113.531236650000096,-2.081161497999937,0.0],[113.531343461,-2.082086563999919,0.0],[113.531446457000101,-2.08300209000001,0.0],[113.531549455000103,-2.083890916000011,0.0],[113.531652451,-2.084787369,0.0],[113.531759264,-2.085704802999973,0.0],[113.531862261,-2.086620330999984,0.0],[113.531969071,-2.087553023999957,0.0],[113.532068254,-2.088415145999967,0.0],[113.532171251,-2.089303969999967,0.0],[113.532281876000098,-2.09025573799994,0.0],[113.532388688000196,-2.091197967999983,0.0],[113.532491684000107,-2.092103958999905,0.0],[113.532598497000095,-2.093019484999976,0.0],[113.532697679000094,-2.093872070999936,0.0],[113.532793045000105,-2.094717024999944,0.0],[113.532892228000094,-2.095569610999943,0.0],[113.532995226,-2.096485137999935,0.0],[113.533098221,-2.097364424999966,0.0],[113.533197403,-2.098253250999966,0.0],[113.53330803,-2.099214553999929,0.0],[113.533411026000095,-2.100112914999979,0.0],[113.533514025000102,-2.100999831999921,0.0],[113.533617020000094,-2.101898193999912,0.0],[113.533720017000107,-2.102796554999922,0.0],[113.5338192,-2.103639601999931,0.0],[113.533918381,-2.104518889999942,0.0],[113.534017562999907,-2.10537338199996,0.0],[113.534120561,-2.10626220699996,0.0],[113.534219742,-2.107141494999951,0.0],[113.534322739000103,-2.108037948999963,0.0],[113.534421922000206,-2.108909606999982,0.0],[113.534528732,-2.109815597999984,0.0],[113.53463936,-2.110786437999936,0.0],[113.534742356,-2.111701964999928,0.0],[113.534849167000104,-2.11261749299998,0.0],[113.534952165000107,-2.113506317,0.0],[113.535051346,-2.114385604999911,0.0],[113.535192491000103,-2.115278242999947,0.0],[113.535337449000096,-2.116188049999925,0.0],[113.535482408,-2.117080688999982,0.0],[113.535619737000104,-2.117954252999958,0.0],[113.535760880000097,-2.118829725999913,0.0],[113.535894394,-2.119676589999899,0.0],[113.536027909,-2.120515823999973,0.0],[113.536172868000094,-2.121416091999941,0.0],[113.536317827000104,-2.122344968999899,0.0],[113.536474229000106,-2.123317717999988,0.0],[113.536611558000104,-2.124183654999974,0.0],[113.536745072,-2.12502097999995,0.0],[113.536874771,-2.125843047999942,0.0],[113.537015915000097,-2.126716612999919,0.0],[113.537164688000104,-2.127653121999968,0.0],[113.537309648,-2.128564834,0.0],[113.537458421000096,-2.129518508999955,0.0],[113.537603380000107,-2.130420684,0.0],[113.537740709000104,-2.131277083999976,0.0],[113.537881851000094,-2.132177352999944,0.0],[113.538015365000106,-2.133007048999929,0.0],[113.538160324,-2.133909226,0.0],[113.538297654000104,-2.134792328999942,0.0],[113.538450241000106,-2.1357383729999,0.0],[113.538591385999894,-2.136640548999926,0.0],[113.538740159000099,-2.137557983,0.0],[113.538888933000095,-2.138486863,0.0],[113.538614273,-2.139366149999944,0.0],[113.538343431,-2.140237808999923,0.0],[113.538068772000102,-2.141107558999944,0.0],[113.537805557000098,-2.141952514999952,0.0],[113.537538529,-2.142814634999981,0.0],[113.537260056000093,-2.143712996999971,0.0],[113.536989213000098,-2.144582747999972,0.0],[113.536722183,-2.14543723999997,0.0],[113.5364437100001,-2.146324158,0.0],[113.536180497,-2.14717102,0.0],[113.535902024,-2.148067474999911,0.0],[113.535631181000099,-2.148937223999952,0.0],[113.535364151000095,-2.149791717999969,0.0],[113.535078049,-2.150705336999943,0.0],[113.5348072070001,-2.151576994999962,0.0],[113.534540176000107,-2.152439117999951,0.0],[113.534273149,-2.153291701999911,0.0],[113.534006119000097,-2.154146194999988,0.0],[113.533955754000104,-2.154308805999954,0.0],[113.533955720000094,-2.154308913999963,0.0],[113.533955675,-2.154309057999975,0.0],[113.539779427000099,-2.18177168300002,0.0],[113.540466497,-2.185011692999954,0.0],[113.541446740000097,-2.189634213999969,0.0],[113.541993289000104,-2.19221156099997,0.0],[113.543089148,-2.197379287,0.0],[113.543088524,-2.197920196999983,0.0],[113.543076397,-2.208433170999946,0.0],[113.543064747,-2.21853375099996,0.0],[113.543043656,-2.236820673999937,0.0],[113.5430376,-2.242071178999974,0.0],[113.543031248,-2.247539009999946,0.0],[113.543006409000199,-2.269112690999968,0.0],[113.542998714000106,-2.275784680999913,0.0],[113.542998289,-2.27615321899995,0.0],[113.542989148000103,-2.28407928699994,0.0],[113.487389148,-2.305979288999964,0.0],[113.475989148000096,-2.319979288999976,0.0],[113.472822574,-2.323326807999933,0.0],[113.472489148,-2.32367928799996,0.0],[113.469145968,-2.328133828999945,0.0],[113.463202785,-2.336052669999937,0.0],[113.459759516000105,-2.340640569999926,0.0],[113.458167949000099,-2.342761212999989,0.0],[113.450907044,-2.35243582399995,0.0],[113.450168726,-2.353419576,0.0],[113.446472579000101,-2.35834441799998,0.0],[113.446076880000106,-2.358871654999979,0.0],[113.440066952000095,-2.366879432999975,0.0],[113.435789148000097,-2.372579287999941,0.0],[113.435744504,-2.372641060000016,0.0],[113.435743334000094,-2.372644422999914,0.0],[113.432058336000097,-2.382400513999983,0.0],[113.432058116,-2.3824008,0.0],[113.431588326000096,-2.383016635999982,0.0],[113.430881332,-2.383943402999904,0.0],[113.426259996000098,-2.390001297999937,0.0],[113.421060563000097,-2.39650154199998,0.0],[113.419370489,-2.39804199,0.0],[113.4187984470001,-2.398563386999975,0.0],[113.418788075000094,-2.398573757999933,0.0],[113.418760301,-2.398601530999913,0.0],[113.413900378000093,-2.402864455999951,0.0],[113.413899025000106,-2.402865622999948,0.0],[113.413889149000099,-2.40287928899992,0.0],[113.409844658000097,-2.408434935999963,0.0],[113.390896945,-2.434462000999895,0.0],[113.390896973000096,-2.434462158999988,0.0],[113.391004564000099,-2.435070037999945,0.0],[113.391168596,-2.436004638999976,0.0],[113.391328812,-2.436912536999956,0.0],[113.391489029,-2.437810898999966,0.0],[113.391653061,-2.438728331999935,0.0],[113.391805649,-2.439590453999925,0.0],[113.391962051000107,-2.440488815000015,0.0],[113.391267776,-2.441089629999986,0.0],[113.390600204000094,-2.441665647999964,0.0],[113.389909744000093,-2.442258834999924,0.0],[113.389234542000096,-2.442842481999974,0.0],[113.388505937000104,-2.443471908999935,0.0],[113.388164675000098,-2.443765507999986,0.0],[113.387823106000099,-2.44405937199994,0.0],[113.387132645000094,-2.444652558,0.0],[113.386445999000102,-2.445247650999958,0.0],[113.385763168000096,-2.445835112999963,0.0],[113.385122301,-2.446388245,0.0],[113.384431841,-2.446983337999944,0.0],[113.383756639000097,-2.447565078999936,0.0],[113.38310051,-2.448129653999926,0.0],[113.382459642,-2.448682784999969,0.0],[113.38178444,-2.449264526999941,0.0],[113.381082535,-2.449871063999947,0.0],[113.380384446000093,-2.45046997099994,0.0],[113.379716874000096,-2.451045990000018,0.0],[113.379007341,-2.451658248999937,0.0],[113.378320696000102,-2.452253342999975,0.0],[113.377630236000101,-2.452846525999954,0.0],[113.377435684,-2.453737259000013,0.0],[113.377241136000094,-2.454629897999969,0.0],[113.3770504,-2.455503463999946,0.0],[113.376855851000101,-2.456394194999945,0.0],[113.376657487000102,-2.457304001999963,0.0],[113.376606742,-2.457532354999952,0.0],[113.376459121,-2.458196639999959,0.0],[113.376276017,-2.459043502999945,0.0],[113.376081466000102,-2.459934234999903,0.0],[113.375883102000103,-2.460834502999971,0.0],[113.375688553,-2.461734771999939,0.0],[113.375494003000099,-2.462617875,0.0],[113.375307084,-2.46348381,0.0],[113.375108719,-2.464384078999959,0.0],[113.374925615000095,-2.465213775999924,0.0],[113.374738693000097,-2.466070175999939,0.0],[113.374540330000102,-2.466987609999909,0.0],[113.374338150000099,-2.467905044999958,0.0],[113.374143601,-2.468797685,0.0],[113.37396431,-2.469627380999979,0.0],[113.373765945000102,-2.470527647999967,0.0],[113.373575211000102,-2.471391677999955,0.0],[113.373388291000097,-2.47225761399992,0.0],[113.373193741,-2.473140716999986,0.0],[113.372999192,-2.474040985999955,0.0],[113.372804642,-2.474924087999941,0.0],[113.372610093,-2.475824355999969,0.0],[113.372419358000101,-2.476688385999977,0.0],[113.372224807000094,-2.477581023999933,0.0],[113.372030259,-2.478471756000011,0.0],[113.371839523000105,-2.479337692999897,0.0],[113.371648789,-2.480211257999974,0.0],[113.371446611,-2.481138228999933,0.0],[113.371255875000102,-2.482002258,0.0],[113.37106514,-2.482885359999987,0.0],[113.370870591000099,-2.483768462999933,0.0],[113.370679856,-2.484649657999942,0.0],[113.370477677000096,-2.485569,0.0],[113.370275497000094,-2.486503601999941,0.0],[113.370088578000093,-2.487360000999936,0.0],[113.369897843000103,-2.488225936999902,0.0],[113.3699703220001,-2.489063262999898,0.0],[113.370054245,-2.489990234999937,0.0],[113.370134354,-2.490880965999935,0.0],[113.370218277000106,-2.491827011999954,0.0],[113.370294572,-2.492698668999973,0.0],[113.370374680000097,-2.493608473999931,0.0],[113.370454788000103,-2.494499206,0.0],[113.370538712000098,-2.495435713999938,0.0],[113.370615006000094,-2.496309281000015,0.0],[113.370698929,-2.497226715999965,0.0],[113.370779038,-2.498155594,0.0],[113.370859146,-2.499046325999901,0.0],[113.37093544,-2.499910354999968,0.0],[113.371015549,-2.500820159999926,0.0],[113.3710796270001,-2.501533755,0.0],[113.371099472000097,-2.501754759999897,0.0],[113.371171951000093,-2.502574921,0.0],[113.371252060000103,-2.503492355999981,0.0],[113.371328354000099,-2.504339217999947,0.0],[113.371416093000093,-2.505319594999968,0.0],[113.371496201,-2.506210326999967,0.0],[113.371572494,-2.507076263999952,0.0],[113.371652604,-2.507966994999911,0.0],[113.371732712,-2.50890350299998,0.0],[113.371809006,-2.509748458999987,0.0],[113.371889115000101,-2.510648727999956,0.0],[113.371969224000097,-2.511558531999973,0.0],[113.372049333000106,-2.512468337999971,0.0],[113.372129441000098,-2.513368606999939,0.0],[113.372217178000099,-2.51433181799996,0.0],[113.372293473,-2.515186309999957,0.0],[113.372373580000101,-2.516096114999895,0.0],[113.372449875,-2.516977309999984,0.0],[113.372533798000106,-2.517896651999931,0.0],[113.372613907,-2.51880455,0.0],[113.372690201000097,-2.519678115999988,0.0],[113.372774124000102,-2.520605087999948,0.0],[113.372854233000098,-2.521514892999985,0.0],[113.372934341,-2.522432326999955,0.0],[113.373018266,-2.523368836,0.0],[113.373102189000093,-2.524295806999963,0.0],[113.373125076000093,-2.525173187000016,0.0],[113.373147964000097,-2.526041030999939,0.0],[113.373174668,-2.526906967999905,0.0],[113.373197556,-2.527820587999938,0.0],[113.373224258000107,-2.528722762999964,0.0],[113.373250962,-2.529626846999968,0.0],[113.37327385,-2.530557631999983,0.0],[113.373300552000103,-2.531442641999948,0.0],[113.373327256000096,-2.532409667999924,0.0],[113.373353958,-2.533357619999941,0.0],[113.373376847,-2.534233093999916,0.0],[113.37340355,-2.535163878999931,0.0],[113.373426437,-2.536014556999953,0.0],[113.373453140000095,-2.536916731999979,0.0],[113.373476029,-2.537784575999942,0.0],[113.373493978,-2.53840382399994,0.0],[113.3729382020001,-2.542982608999973,0.0],[113.372752076000097,-2.546718701999926,0.0],[113.372560503,-2.550563812999946,0.0],[113.372560504,-2.550600051999907,0.0],[113.372556686000095,-2.550645828999958,0.0],[113.371858597000099,-2.562700272000025,0.0],[113.372115428,-2.568703665999985,0.0],[113.372244871,-2.571729177999937,0.0],[113.372457506,-2.576700209999931,0.0],[113.373081002,-2.580496196999944,0.0],[113.374658585,-2.590101241999925,0.0],[113.375740416000099,-2.595994145,0.0],[113.377516019,-2.605666126999919,0.0],[113.379869216000102,-2.618485623999938,0.0],[113.380530612,-2.622088547999963,0.0],[113.381112064,-2.625255915999962,0.0],[113.381113055,-2.625261306999969,0.0],[113.381135898,-2.62538124199992,0.0],[113.381113825,-2.625261017999925,0.0],[113.381189150000097,-2.625479289999959,0.0],[113.381972110000106,-2.628611121999915,0.0],[113.381990434,-2.628681182999937,0.0],[113.382860185,-2.631999969999894,0.0],[113.382970811,-2.632530212999902,0.0],[113.38297844,-2.632558823999971,0.0],[113.383012289,-2.632718073,0.0],[113.383611681,-2.635538101999915,0.0],[113.383650826,-2.635727841999966,0.0],[113.383822463000101,-2.636559771999976,0.0],[113.383828244,-2.636561713999956,0.0],[113.383828628,-2.636563518999926,0.0],[113.384399416000093,-2.636754035999982,0.0],[113.385001540000104,-2.637142101999936,0.0],[113.385231020000106,-2.637290000999903,0.0],[113.386306764000096,-2.637825012999946,0.0],[113.387550355999906,-2.638299941999973,0.0],[113.388626101000099,-2.638597965999971,0.0],[113.388824035000098,-2.638567405999901,0.0],[113.389396669,-2.63847899499996,0.0],[113.390289309000096,-2.638241052999917,0.0],[113.391242981,-2.637764931999951,0.0],[113.391254084,-2.637759876,0.0],[113.391254303000096,-2.637759771999983,0.0],[113.391555182,-2.637622753,0.0],[113.391790405000094,-2.637515630999927,0.0],[113.392153680000106,-2.637350190999908,0.0],[113.392547609000104,-2.637170791,0.0],[113.392868250000106,-2.636999971999987,0.0],[113.394783020000105,-2.635979891999958,0.0],[113.394783468,-2.635979497999925,0.0],[113.395256043,-2.635564088999927,0.0],[113.395256576000094,-2.635563923999913,0.0],[113.395457978000096,-2.635501186999958,0.0],[113.396209718,-2.635267019999967,0.0],[113.396355349,-2.635121138999947,0.0],[113.396355409000194,-2.635121077999962,0.0],[113.396700957,-2.63477493599992,0.0],[113.397041321000103,-2.634433984999967,0.0],[113.397575378,-2.633244992,0.0],[113.397994997000097,-2.632470846999986,0.0],[113.39870453,-2.63015079599995,0.0],[113.399360659000095,-2.62777090199992,0.0],[113.39984131,-2.626343966,0.0],[113.400550842,-2.624558926000027,0.0],[113.4018631,-2.622773886999934,0.0],[113.402755739000099,-2.621704102999949,0.0],[113.403004782,-2.621436709999947,0.0],[113.403384778,-2.621028715999962,0.0],[113.403587343,-2.620811224,0.0],[113.403947563000102,-2.620307405999973,0.0],[113.403989681000098,-2.620248498999955,0.0],[113.404182436,-2.619978905999951,0.0],[113.404288745000102,-2.619386514999977,0.0],[113.404449463000105,-2.618490934999917,0.0],[113.404427607000102,-2.617702757999931,0.0],[113.4044050870001,-2.616890771999973,0.0],[113.404388429000093,-2.616290091999933,0.0],[113.404378468,-2.616254831999933,0.0],[113.4043426530001,-2.616127967999908,0.0],[113.403800964000098,-2.614087105,0.0],[113.402839663,-2.611948013999921,0.0],[113.401771547000095,-2.610281944999919,0.0],[113.399810793,-2.607784034,0.0],[113.398200989000102,-2.606355906999958,0.0],[113.397308352000096,-2.605345011999909,0.0],[113.396774294000096,-2.604511737999948,0.0],[113.3963546760002,-2.603559970999916,0.0],[113.396316529,-2.603389978999959,0.0],[113.396026613000103,-2.602133273999896,0.0],[113.395790101000102,-2.600586176999966,0.0],[113.395790103000095,-2.598860978999968,0.0],[113.396148683000106,-2.596779346999936,0.0],[113.396743774,-2.595708131999932,0.0],[113.397994997000097,-2.593863964999943,0.0],[113.399482728000095,-2.592197658,0.0],[113.400253298,-2.591305971999964,0.0],[113.401618960000107,-2.590056658999973,0.0],[113.401976243,-2.589633454999949,0.0],[113.402506671000097,-2.589005163999922,0.0],[113.402572633000105,-2.588927030999932,0.0],[113.403350833000104,-2.587914945999965,0.0],[113.403946261000101,-2.587352076999936,0.0],[113.403946656,-2.587351701999985,0.0],[113.40414009,-2.587168846999963,0.0],[113.404357911,-2.586962938999953,0.0],[113.404720263,-2.58646113199992,0.0],[113.405326568000106,-2.585621477999931,0.0],[113.405517579,-2.585356950999966,0.0],[113.406532290000101,-2.583930016999947,0.0],[113.407302858000094,-2.583096981999946,0.0],[113.408195498000097,-2.582324028999921,0.0],[113.408407623,-2.582112104999972,0.0],[113.409066937,-2.581453419999908,0.0],[113.409446718,-2.581074,0.0],[113.410278321000106,-2.580122470999917,0.0],[113.411941528000099,-2.578992128999937,0.0],[113.411942802000098,-2.578991333999971,0.0],[113.413368225000099,-2.57809996600002,0.0],[113.415039062000105,-2.577208042999923,0.0],[113.416580202000105,-2.576375007999923,0.0],[113.418006897000097,-2.575602056000017,0.0],[113.418668923,-2.575204735999896,0.0],[113.419086649000107,-2.574954031999956,0.0],[113.4191970830001,-2.574887753999968,0.0],[113.419402606,-2.574666728999966,0.0],[113.419402674,-2.57466665899998,0.0],[113.420153234,-2.57385947999998,0.0],[113.420745852000096,-2.573222159999906,0.0],[113.422176564,-2.572191771999943,0.0],[113.422233582,-2.572150706999903,0.0],[113.422234541000094,-2.572149997999924,0.0],[113.422309284000093,-2.572094805999914,0.0],[113.423843386,-2.570961952999966,0.0],[113.424223371,-2.570731644000015,0.0],[113.424854512,-2.570349108999979,0.0],[113.426101687,-2.569593191999964,0.0],[113.427085878000099,-2.568999053,0.0],[113.42821503,-2.568344115999912,0.0],[113.428745505000094,-2.568117354999975,0.0],[113.428833010000105,-2.568079948999977,0.0],[113.428952272000103,-2.56802817099995,0.0],[113.429046633000198,-2.567987203999937,0.0],[113.429756166000104,-2.567987204999957,0.0],[113.429822605,-2.567992294000019,0.0],[113.430534364000195,-2.568046808,0.0],[113.431427002000106,-2.568224907999901,0.0],[113.432373049,-2.568522929999939,0.0],[113.433685304000093,-2.568879843999974,0.0],[113.434814454,-2.569236755999948,0.0],[113.435066223,-2.569345235999951,0.0],[113.4359741210001,-2.569732428999913,0.0],[113.436065676000098,-2.569771528999951,0.0],[113.437019348,-2.570188760999941,0.0],[113.438446045000106,-2.570842743999955,0.0],[113.439575196000106,-2.571377516999978,0.0],[113.439889626000095,-2.571517815999955,0.0],[113.440643311999906,-2.571854114999983,0.0],[113.442131044,-2.572628021999968,0.0],[113.442528106000097,-2.572801241000011,0.0],[113.442785616,-2.572913578999954,0.0],[113.443084717,-2.573044061999918,0.0],[113.444274902000103,-2.573579073999961,0.0],[113.445228579,-2.574054956999907,0.0],[113.446357729,-2.574114084,0.0],[113.446414516,-2.574110047000029,0.0],[113.447062421000098,-2.574063979999954,0.0],[113.447189333000097,-2.574054956999907,0.0],[113.447190255,-2.574054801999974,0.0],[113.447252729000098,-2.574044305,0.0],[113.447898866,-2.573935747999916,0.0],[113.447900144000101,-2.573934772,0.0],[113.448677064000094,-2.573340892999958,0.0],[113.448966145000099,-2.573235241999929,0.0],[113.448966196,-2.573235220999948,0.0],[113.44896629,-2.573235186999945,0.0],[113.449653626000099,-2.572983979999923,0.0],[113.4496540170001,-2.572983405999956,0.0],[113.450546266000103,-2.571675061999916,0.0],[113.452453613000102,-2.569533825999908,0.0],[113.452732875000095,-2.56925561299991,0.0],[113.452732981,-2.569255508999981,0.0],[113.453038032000094,-2.568951604999976,0.0],[113.453468325,-2.568522929999939,0.0],[113.454597475,-2.567034960999925,0.0],[113.455543518,-2.565547943999911,0.0],[113.456733705,-2.563050032,0.0],[113.457450870000102,-2.561444045,0.0],[113.457729874,-2.560840799999908,0.0],[113.457836458000102,-2.560610351000046,0.0],[113.458221438,-2.559777976,0.0],[113.458877564000105,-2.557874917999934,0.0],[113.459503176000098,-2.556209086999932,0.0],[113.460212709000103,-2.554543018999911,0.0],[113.46071625,-2.55331206299994,0.0],[113.460778422000104,-2.553161636999923,0.0],[113.460872990000098,-2.552932832999917,0.0],[113.461166384000094,-2.552222968,0.0],[113.461647035,-2.550973892999944,0.0],[113.461806918000093,-2.550323504999947,0.0],[113.461851122000098,-2.55014368,0.0],[113.461997988,-2.549546241999925,0.0],[113.462295534,-2.548774004999899,0.0],[113.462297432,-2.548749924999945,0.0],[113.462308258,-2.548612659999938,0.0],[113.462351012000099,-2.548070542999967,0.0],[113.462351302000101,-2.548066875999924,0.0],[113.462356568,-2.548000096999914,0.0],[113.462890625000199,-2.546096086999929,0.0],[113.463607789000093,-2.543955088999981,0.0],[113.463905335000106,-2.542884112,0.0],[113.464317322,-2.540980101999932,0.0],[113.464942934000106,-2.539196015999918,0.0],[113.465179445000103,-2.537887096999971,0.0],[113.465774538,-2.536577939999944,0.0],[113.467025757000101,-2.534912825999922,0.0],[113.467918397000105,-2.534257889999909,0.0],[113.469169619,-2.53324699399994,0.0],[113.469940187,-2.532474041999935,0.0],[113.470771791000104,-2.531582117999938,0.0],[113.4719085710001,-2.530570983999949,0.0],[113.472679138000103,-2.529678106999973,0.0],[113.473571779000096,-2.528785944999956,0.0],[113.474578857000097,-2.527774096,0.0],[113.474786763000097,-2.527614489999932,0.0],[113.47562029,-2.526974586999924,0.0],[113.476127627000096,-2.526585101999932,0.0],[113.477378845000104,-2.526048899999971,0.0],[113.47821045,-2.525691986999936,0.0],[113.479278564000097,-2.525335073999961,0.0],[113.479968301000099,-2.525012085,0.0],[113.479968778,-2.525011861999957,0.0],[113.480293276000097,-2.524859905,0.0],[113.480615308000097,-2.524698424999963,0.0],[113.481124880000095,-2.524442911999965,0.0],[113.482192994000101,-2.524085761,0.0],[113.483207703,-2.523432256000016,0.0],[113.483208655000098,-2.523432113,0.0],[113.483623390000105,-2.52336963699997,0.0],[113.484340711000101,-2.523261577999922,0.0],[113.484397888000103,-2.523252964999929,0.0],[113.484398845000101,-2.523252735,0.0],[113.484626487,-2.523198689999955,0.0],[113.485481955000097,-2.522995581999936,0.0],[113.4856491110001,-2.52295589399995,0.0],[113.486953736,-2.522778033999962,0.0],[113.488204956000104,-2.522836924999958,0.0],[113.489181729000094,-2.522836923999958,0.0],[113.489273073000106,-2.522836924999958,0.0],[113.489624024,-2.523032187999947,0.0],[113.490394592000101,-2.523463249999982,0.0],[113.490554812,-2.523463010999902,0.0],[113.491325380000106,-2.524204968999901,0.0],[113.492218020000095,-2.524859905,0.0],[113.492874146000105,-2.52521610299991,0.0],[113.493888857000101,-2.525990008999914,0.0],[113.494293902000095,-2.526584045999924,0.0],[113.494659425,-2.527120112999974,0.0],[113.495491029000107,-2.528429031999981,0.0],[113.496208191000093,-2.52973675699993,0.0],[113.497337341,-2.530926943999905,0.0],[113.498046877000107,-2.531582117999938,0.0],[113.499893189000105,-2.533188343999964,0.0],[113.500846864000096,-2.533901930999953,0.0],[113.501800538000097,-2.534555912999967,0.0],[113.502746583,-2.535269975999916,0.0],[113.503463745000104,-2.535804986999919,0.0],[113.50429535,-2.536339761999962,0.0],[113.505424500000103,-2.536875963999903,0.0],[113.5062027,-2.537173985999961,0.0],[113.506203488000097,-2.53717385299995,0.0],[113.506620595000101,-2.537103774999927,0.0],[113.506912232000104,-2.53705477799997,0.0],[113.507690431,-2.536875963999903,0.0],[113.508022920000101,-2.536750524999916,0.0],[113.508484041000102,-2.53657656000001,0.0],[113.508636476000106,-2.536519051999968,0.0],[113.508993889000095,-2.536423779999979,0.0],[113.5091975,-2.536369503999945,0.0],[113.509235805000202,-2.536359293999959,0.0],[113.509471529000095,-2.536296459999936,0.0],[113.509529116000095,-2.536281109999985,0.0],[113.510340858000106,-2.536170938999922,0.0],[113.510841371000097,-2.536103011,0.0],[113.512741089000102,-2.536103011,0.0],[113.514732363,-2.536161899999974,0.0],[113.515808107000097,-2.536221980999889,0.0],[113.516578675,-2.536400080999957,0.0],[113.517532351000099,-2.536757231999931,0.0],[113.5185394290001,-2.536935091,0.0],[113.519973756,-2.537173985999961,0.0],[113.519974356,-2.537174015999963,0.0],[113.521163942,-2.537233113999977,0.0],[113.521166689000097,-2.537233431999903,0.0],[113.522705079,-2.537410736,0.0],[113.524078369000193,-2.53747105699994,0.0],[113.525024416000093,-2.537648917,0.0],[113.525025253000095,-2.537648966999912,0.0],[113.525350735000103,-2.537668238,0.0],[113.526039125,-2.537708998,0.0],[113.527021091000094,-2.537599623999907,0.0],[113.527107239000102,-2.537590026999932,0.0],[113.527938843,-2.537352084999949,0.0],[113.528594972000107,-2.536815883,0.0],[113.529487611000107,-2.536042929999982,0.0],[113.530502320000096,-2.535448073999904,0.0],[113.531333924000094,-2.534971952,0.0],[113.532341005,-2.534257889999909,0.0],[113.532821655000106,-2.533603907999975,0.0],[113.533294679000093,-2.532593012999906,0.0],[113.5343093890002,-2.53140401899995,0.0],[113.535499574,-2.530451774999938,0.0],[113.535500420000105,-2.530451454999911,0.0],[113.535686003,-2.530381253999958,0.0],[113.536445619,-2.530093908999984,0.0],[113.537521362,-2.529439926,0.0],[113.538352967,-2.529023886999939,0.0],[113.5385641,-2.528849291999962,0.0],[113.538890656,-2.52857925,0.0],[113.539360046000098,-2.528191089999958,0.0],[113.539840699,-2.527535914999905,0.0],[113.539780863,-2.526564036999948,0.0],[113.539753708,-2.526122978999985,0.0],[113.539749148,-2.526048899,0.0],[113.539627076000102,-2.524740934999923,0.0],[113.539924623000104,-2.523729086999955,0.0],[113.540405273,-2.523252963999909,0.0],[113.541114809000106,-2.522420882999907,0.0],[113.541150826,-2.52234181199996,0.0],[113.541218964000095,-2.522192232000013,0.0],[113.541358949000099,-2.521884917999986,0.0],[113.541358906000099,-2.521884342999918,0.0],[113.541297914000097,-2.521052121999985,0.0],[113.541236877000102,-2.519684076999942,0.0],[113.541473391000096,-2.518553971999982,0.0],[113.541381836,-2.517812728999922,0.0],[113.541148085,-2.517576986999961,0.0],[113.540878298000095,-2.51730489700001,0.0],[113.540283205,-2.516947984999975,0.0],[113.53932953,-2.516352654999898,0.0],[113.538444520000098,-2.515282153999974,0.0],[113.537963868,-2.514329910999982,0.0],[113.537961160000094,-2.514292415999957,0.0],[113.537956238000106,-2.514224290999916,0.0],[113.537826539000093,-2.51317334299991,0.0],[113.5373687740001,-2.512665271999899,0.0],[113.537010194000104,-2.512665271999899,0.0],[113.536867275000105,-2.512636566999922,0.0],[113.536548853,-2.512572609999946,0.0],[113.536117556,-2.512485980999912,0.0],[113.535522463,-2.512248993999928,0.0],[113.534988405,-2.511534929999899,0.0],[113.534980776000097,-2.51141381400001,0.0],[113.534927370000105,-2.51040411099996,0.0],[113.5348892210001,-2.510307312999944,0.0],[113.5343093890002,-2.508678913999942,0.0],[113.532463075,-2.506656884999965,0.0],[113.531570437,-2.505347729999918,0.0],[113.530555726000102,-2.504395961999966,0.0],[113.529846193,-2.503741980000032,0.0],[113.528831483,-2.502552985999955,0.0],[113.528236389000099,-2.501660108999979,0.0],[113.527992249000107,-2.500938415999938,0.0],[113.527938843,-2.500767945999962,0.0],[113.528091432000096,-2.500211476999943,0.0],[113.528137208000103,-2.499869824,0.0],[113.528419497000101,-2.499459266999955,0.0],[113.528533936,-2.498625994999935,0.0],[113.528457642,-2.498010158999959,0.0],[113.528251648,-2.497850180999952,0.0],[113.527885439000102,-2.497555016999971,0.0],[113.527694702000105,-2.497266532,0.0],[113.527511599,-2.496965170999907,0.0],[113.527404785000101,-2.496543884999962,0.0],[113.527763367,-2.496145010999933,0.0],[113.527885439000102,-2.496009111999939,0.0],[113.528060914000093,-2.49553299,0.0],[113.528015137,-2.495396614999981,0.0],[113.527961733000097,-2.495233535999917,0.0],[113.527923681000104,-2.495118657,0.0],[113.527879410000097,-2.494984993999936,0.0],[113.527824403000096,-2.494818926999904,0.0],[113.527404785000101,-2.494105338999895,0.0],[113.527168275,-2.49333190999993,0.0],[113.527262971,-2.49317081999993,0.0],[113.527390813,-2.492953339999902,0.0],[113.527587893,-2.49261808399996,0.0],[113.528121950000099,-2.492082119999939,0.0],[113.528122549,-2.492081819999974,0.0],[113.528335495000107,-2.491975636999901,0.0],[113.528648378000099,-2.491819620999962,0.0],[113.528968747,-2.491660151999917,0.0],[113.529075624,-2.491606951999952,0.0],[113.529432741000093,-2.491467541999988,0.0],[113.530021668,-2.49123764099995,0.0],[113.530143740000099,-2.491189957999922,0.0],[113.530352069000102,-2.491145877999912,0.0],[113.53050995,-2.491112471999906,0.0],[113.531272889000107,-2.490952015999939,0.0],[113.531274161000098,-2.490951698999913,0.0],[113.531990052000097,-2.490773438999931,0.0],[113.531990329000095,-2.490772744999954,0.0],[113.532226564000098,-2.490179061999953,0.0],[113.532295228,-2.49003410299995,0.0],[113.532760621000094,-2.489108086999969,0.0],[113.533325197000096,-2.488645554999969,0.0],[113.533345683000107,-2.488603087999932,0.0],[113.53335974,-2.488573951,0.0],[113.533370973,-2.488550662999951,0.0],[113.533372093,-2.488550496999917,0.0],[113.534291719000095,-2.488413677999968,0.0],[113.534423829,-2.48839402199994,0.0],[113.5344239530001,-2.488394030999961,0.0],[113.535202026000107,-2.488454102999955,0.0],[113.535911561,-2.488573073999927,0.0],[113.535912833000097,-2.488573075000027,0.0],[113.536127419000096,-2.488573073999927,0.0],[113.536331177000093,-2.488573073999927,0.0],[113.536417517,-2.488484969999911,0.0],[113.536506655,-2.48839402199994,0.0],[113.536804201000194,-2.487679957999951,0.0],[113.536987306,-2.486728667999918,0.0],[113.537460328000094,-2.48613405299992,0.0],[113.537567205000101,-2.486074530999951,0.0],[113.5380119780001,-2.485826828,0.0],[113.538528442,-2.485539198999982,0.0],[113.538529183,-2.485539001999966,0.0],[113.539306642000099,-2.485333680999964,0.0],[113.539657593,-2.485241890999903,0.0],[113.540374757000095,-2.485241889999903,0.0],[113.54096985,-2.485539198999982,0.0],[113.541923524000097,-2.485836983999941,0.0],[113.542816162,-2.486073731999985,0.0],[113.543945313000094,-2.486670017999961,0.0],[113.544891789000104,-2.487317086999923,0.0],[113.544932538,-2.48734494900001,0.0],[113.544940381000103,-2.487350308,0.0],[113.545249940000105,-2.487561940999938,0.0],[113.5460281390001,-2.488573075000027,0.0],[113.546737672000106,-2.489644052,0.0],[113.5473938,-2.490654945999979,0.0],[113.548164368,-2.491250039,0.0],[113.549057008000105,-2.492201091,0.0],[113.550132752000096,-2.493033885999971,0.0],[113.550369828,-2.493192940999982,0.0],[113.550696230000099,-2.493411922999915,0.0],[113.551109314000101,-2.493689059999924,0.0],[113.551887513000096,-2.494282961999943,0.0],[113.553192141,-2.49529528699995,0.0],[113.553848267,-2.495949984999943,0.0],[113.554382324,-2.496485234,0.0],[113.554740907000095,-2.49713897799992,0.0],[113.555038453,-2.497972013,0.0],[113.555397036,-2.498507023999963,0.0],[113.556106568,-2.499042988999984,0.0],[113.557357790000097,-2.499221087999952,0.0],[113.558074951000094,-2.49939894799994,0.0],[113.558075792000096,-2.49939894799994,0.0],[113.558906555000107,-2.49939894799994,0.0],[113.558906777000104,-2.499399095999952,0.0],[113.559616091000095,-2.499876260999905,0.0],[113.560035706000093,-2.500469923,0.0],[113.560569763000103,-2.50094604599997,0.0],[113.560571037,-2.50094604599997,0.0],[113.561103822000106,-2.50094604499995,0.0],[113.561526281,-2.500885606999925,0.0],[113.561935426000105,-2.500827075,0.0],[113.562828064000101,-2.50064921499993,0.0],[113.563903810000099,-2.500469924000024,0.0],[113.564678877,-2.500511000999945,0.0],[113.564679731000098,-2.500511046999949,0.0],[113.564679938,-2.50051105699995,0.0],[113.565032959000106,-2.500529765999979,0.0],[113.565925599,-2.499756098000014,0.0],[113.566398622000094,-2.498863936,0.0],[113.566879274,-2.498090982999912,0.0],[113.567474367,-2.497615098999966,0.0],[113.567474675,-2.497615060999943,0.0],[113.568420411,-2.497495889999954,0.0],[113.569198609000097,-2.497911929999925,0.0],[113.570030213000095,-2.49826932,0.0],[113.570266226000101,-2.498290763999895,0.0],[113.570686341000098,-2.498328924999955,0.0],[113.571281434000099,-2.498090982999912,0.0],[113.57157898,-2.497792959000014,0.0],[113.571929934000096,-2.496485232999905,0.0],[113.572525025,-2.495949983999943,0.0],[113.572525922000096,-2.495949504999904,0.0],[113.573173416,-2.495603449999948,0.0],[113.573417664000104,-2.495472908999918,0.0],[113.573417778,-2.495472887,0.0],[113.574048396,-2.495358542999948,0.0],[113.574073793,-2.495353936999927,0.0],[113.574746238000102,-2.49530651199998,0.0],[113.574905397000094,-2.49529528699995,0.0],[113.575439454,-2.495234965999935,0.0],[113.575882917,-2.495308280999946,0.0],[113.575883023000102,-2.495308298999968,0.0],[113.575883084000097,-2.495308309999948,0.0],[113.575912476000099,-2.495313168999931,0.0],[113.575933134,-2.495316652999939,0.0],[113.576431274,-2.495400666999956,0.0],[113.576731856000094,-2.495450600000031,0.0],[113.576866151000104,-2.495472908999918,0.0],[113.576148987,-2.495625972999953,0.0],[113.575469972000107,-2.495770931999977,0.0],[113.574219422000098,-2.495830980999949,0.0],[113.574218751000103,-2.495831012999952,0.0],[113.573448183000096,-2.496128082999951,0.0],[113.57316427,-2.496270991999945,0.0],[113.572917271000094,-2.49639532399994,0.0],[113.572738647,-2.496485234,0.0],[113.572319033000099,-2.497257710999972,0.0],[113.57196045,-2.498149872999988,0.0],[113.571548464000202,-2.498804091999922,0.0],[113.571507965,-2.498824375,0.0],[113.571116844,-2.499020247999961,0.0],[113.570954148000098,-2.499101727999948,0.0],[113.570953371000101,-2.499102116999981,0.0],[113.570445966000094,-2.498990451999894,0.0],[113.570411992,-2.498982975999975,0.0],[113.570411683,-2.498982906999969,0.0],[113.569465638000096,-2.498744965999926,0.0],[113.568390632,-2.498329210999979,0.0],[113.568389895000095,-2.498328923999955,0.0],[113.568094198,-2.498353963999909,0.0],[113.567681565,-2.498388904999962,0.0],[113.567680359000093,-2.49838900599997,0.0],[113.567260744,-2.498863936,0.0],[113.567119787,-2.499148947999938,0.0],[113.567078406,-2.499232619999967,0.0],[113.566848755,-2.499696970999898,0.0],[113.566253663000097,-2.500350951999932,0.0],[113.5657126360001,-2.50082649399993,0.0],[113.565711976000102,-2.500827075,0.0],[113.56532643,-2.500946127999977,0.0],[113.565138703000102,-2.501004093999977,0.0],[113.564941406000102,-2.501065016999942,0.0],[113.564048944000106,-2.501065016999942,0.0],[113.564048768,-2.501065016999942,0.0],[113.5633392350001,-2.501362086,0.0],[113.562446595000097,-2.501540898999968,0.0],[113.562240036,-2.501572541999928,0.0],[113.561668398000094,-2.501660109999899,0.0],[113.561073304000104,-2.501779078999951,0.0],[113.560302736000097,-2.501482010999971,0.0],[113.559471132000098,-2.500885725999955,0.0],[113.559051515000107,-2.500232220999981,0.0],[113.558158876000107,-2.499815941,0.0],[113.556915285000102,-2.49963689,0.0],[113.556076052000094,-2.499459267999955,0.0],[113.555288683,-2.499406060999909,0.0],[113.555184492000194,-2.499399020999966,0.0],[113.555183412,-2.49939894799994,0.0],[113.554649354,-2.499042988999984,0.0],[113.554290772000101,-2.498447658,0.0],[113.554283143000106,-2.498343706999939,0.0],[113.5541763330001,-2.497117995999962,0.0],[113.554001881000104,-2.496993678999948,0.0],[113.553922808,-2.496937331000022,0.0],[113.553787231000101,-2.496840715999922,0.0],[113.553016663000093,-2.495831012999952,0.0],[113.551109315000105,-2.494520902999986,0.0],[113.549385072,-2.493273020999973,0.0],[113.54801941,-2.492082119,0.0],[113.546951295000099,-2.49107098599993,0.0],[113.545936586000096,-2.489881992999954,0.0],[113.545280458000093,-2.488631965,0.0],[113.544387818,-2.487740278999946,0.0],[113.543441774,-2.487086059000012,0.0],[113.542304995000094,-2.486670016999941,0.0],[113.541175842,-2.486371994999983,0.0],[113.540519716,-2.486253023,0.0],[113.539627075000098,-2.486073732999985,0.0],[113.539276124,-2.486073732999985,0.0],[113.538558961,-2.486253023,0.0],[113.537943459000104,-2.486586103000012,0.0],[113.537788393,-2.486670016999941,0.0],[113.537551882000102,-2.487442970999947,0.0],[113.537071307,-2.488810792999971,0.0],[113.537071228000102,-2.48881101599991,0.0],[113.536983176,-2.488863829,0.0],[113.536476136,-2.489167928999925,0.0],[113.535942078000105,-2.489167929999945,0.0],[113.535111401000094,-2.489167928999925,0.0],[113.535110475,-2.489167928999925,0.0],[113.534576416,-2.488869905999986,0.0],[113.534193233000096,-2.488917614999937,0.0],[113.534095766000107,-2.488929748999962,0.0],[113.533561709000097,-2.489286900999936,0.0],[113.533325197000096,-2.489702702999947,0.0],[113.533231431000104,-2.49005203,0.0],[113.533194103,-2.49019109999995,0.0],[113.533149720000097,-2.490356444999982,0.0],[113.5330316310001,-2.490687246999894,0.0],[113.532987051000106,-2.490812133999916,0.0],[113.532852174,-2.491189957999922,0.0],[113.532493822000106,-2.491487788999964,0.0],[113.532493593,-2.49148798099998,0.0],[113.531425476000095,-2.491606951999952,0.0],[113.530471803000097,-2.491786002999938,0.0],[113.529282037,-2.492260764999972,0.0],[113.529281617000095,-2.492260932999986,0.0],[113.528388977000105,-2.492737054999932,0.0],[113.528269348000094,-2.492888737999972,0.0],[113.528086451,-2.493120639999975,0.0],[113.527923585000096,-2.493327141999915,0.0],[113.527992249000107,-2.49359130999991,0.0],[113.528030398000098,-2.493747472999961,0.0],[113.528327944,-2.494282961999943,0.0],[113.528564455,-2.494818211999925,0.0],[113.528709414000105,-2.49543428399992,0.0],[113.52874756,-2.49559211799991,0.0],[113.528564455,-2.496186972,0.0],[113.528404088000102,-2.496549737999907,0.0],[113.528378418000102,-2.496607805999935,0.0],[113.528327944,-2.49672198299995,0.0],[113.528564455,-2.497318029999966,0.0],[113.529190064,-2.497969626999983,0.0],[113.529327395000095,-2.498587132999917,0.0],[113.529365541000104,-2.498744964999926,0.0],[113.529312137,-2.499221087999952,0.0],[113.529014589000099,-2.49963689,0.0],[113.528656007000095,-2.500529765999979,0.0],[113.529014589000099,-2.501600981999983,0.0],[113.529312136,-2.502195120999922,0.0],[113.530380251000096,-2.503146887999974,0.0],[113.531929016,-2.50475311399992,0.0],[113.532524109000093,-2.505467175999949,0.0],[113.533119203000098,-2.506418943,0.0],[113.5343093890002,-2.507488965999907,0.0],[113.5349578860001,-2.508501053999974,0.0],[113.535972598,-2.509749889,0.0],[113.536392213000099,-2.510046958999965,0.0],[113.536743165000104,-2.510344981999943,0.0],[113.536926270000095,-2.510940075999961,0.0],[113.537284852,-2.511415959,0.0],[113.537994385000104,-2.511713981999966,0.0],[113.538352967,-2.512069940999941,0.0],[113.538650513000107,-2.512367011,0.0],[113.538613312000095,-2.512766209,0.0],[113.538597062,-2.512940563999935,0.0],[113.538589479000095,-2.513021946000014,0.0],[113.538528442,-2.51349806799996,0.0],[113.538528442,-2.513974427999945,0.0],[113.538612368,-2.514352083999938,0.0],[113.538650514000096,-2.514509200999988,0.0],[113.539306642000099,-2.515223025999977,0.0],[113.540046694,-2.515937090999987,0.0],[113.540939332000093,-2.516649962,0.0],[113.541709902000093,-2.517185926999939,0.0],[113.5420684810002,-2.517720938999961,0.0],[113.542129517,-2.518732787000029,0.0],[113.541954042,-2.519743918999917,0.0],[113.541939102,-2.519874920999945,0.0],[113.541923318,-2.520013352,0.0],[113.541923311000104,-2.520013422999934,0.0],[113.541893006,-2.520279169999979,0.0],[113.542007448,-2.521528007000031,0.0],[113.541893006,-2.522361994999931,0.0],[113.541473391000096,-2.52295589499993,0.0],[113.540817263,-2.523432256000016,0.0],[113.540222169000202,-2.524027109999933,0.0],[113.540107727000105,-2.524920224999929,0.0],[113.540168762,-2.526108980999966,0.0],[113.540283185000106,-2.527714689999949,0.0],[113.540283205,-2.527714967999972,0.0],[113.540261546,-2.527773733999958,0.0],[113.540107727000105,-2.528191089999958,0.0],[113.539451601000096,-2.528548003,0.0],[113.53868103,-2.529320955,0.0],[113.537265377000097,-2.530279068999957,0.0],[113.537010194000104,-2.530451774999938,0.0],[113.537009199000096,-2.530452273999979,0.0],[113.535583498000094,-2.531164884999988,0.0],[113.534576417,-2.531997918999969,0.0],[113.53423307,-2.532454635999928,0.0],[113.534096608,-2.532636155000039,0.0],[113.533592225,-2.533307075999935,0.0],[113.533401491000106,-2.533697606000014,0.0],[113.533235006,-2.534047205999963,0.0],[113.533119615,-2.534289514999948,0.0],[113.5329360960001,-2.534674882999959,0.0],[113.532165527000103,-2.535448073999904,0.0],[113.531333924000094,-2.535686255999967,0.0],[113.530319215000105,-2.535983800999906,0.0],[113.5297241210001,-2.536577939999944,0.0],[113.5288314820002,-2.53747105699994,0.0],[113.528000594000105,-2.538065398999916,0.0],[113.527999878,-2.538065910999958,0.0],[113.527481235000096,-2.538157631999973,0.0],[113.526992799,-2.538244008999946,0.0],[113.525978088000102,-2.538244009999946,0.0],[113.525024852000101,-2.538184908999932,0.0],[113.525024416000093,-2.53818488199993,0.0],[113.524482492000104,-2.538097114999962,0.0],[113.524094035000104,-2.538034206,0.0],[113.523185731,-2.537887096999971,0.0],[113.52193451,-2.53776788699998,0.0],[113.521041870000104,-2.537887096999971,0.0],[113.520149231,-2.537946939999947,0.0],[113.518363955000098,-2.537590027999932,0.0],[113.516044618,-2.53705477799997,0.0],[113.514617921000095,-2.536875963999903,0.0],[113.513008120000094,-2.536757231999931,0.0],[113.512905115000095,-2.536753626999912,0.0],[113.511759425,-2.536713548999954,0.0],[113.511283876000206,-2.536696911000016,0.0],[113.510454195000094,-2.536743768999976,0.0],[113.510215761000097,-2.536757231999931,0.0],[113.510112650000096,-2.536788725999979,0.0],[113.509709385000093,-2.536911905999939,0.0],[113.509522179000101,-2.536969086999954,0.0],[113.509437561,-2.536994933999974,0.0],[113.509048927,-2.537263196999968,0.0],[113.508615269000103,-2.537562535999975,0.0],[113.508575440000101,-2.537590027999932,0.0],[113.508181035,-2.537770699999953,0.0],[113.507926943,-2.537887096999971,0.0],[113.506797793,-2.537946938999966,0.0],[113.505844117000095,-2.537887096999971,0.0],[113.505704431,-2.53781668299994,0.0],[113.505522924,-2.537725187,0.0],[113.504501344,-2.537210226999942,0.0],[113.502746583,-2.535983800999906,0.0],[113.501556397000101,-2.535329104,0.0],[113.499832153000099,-2.534138917999937,0.0],[113.497871399,-2.532294989999948,0.0],[113.496025086,-2.530570983999949,0.0],[113.494720461000099,-2.528666973999985,0.0],[113.493347170000106,-2.526407003999944,0.0],[113.492156984000104,-2.525276183999985,0.0],[113.490852358000097,-2.524561882999956,0.0],[113.490135194000104,-2.523967981999937,0.0],[113.489242555,-2.523490905999972,0.0],[113.487998964000099,-2.523432256000016,0.0],[113.486572267000099,-2.523432256000016,0.0],[113.485557556000103,-2.523551464999947,0.0],[113.485138859999907,-2.523666329999938,0.0],[113.484039307000103,-2.523967980999937,0.0],[113.483781482,-2.524062979999964,0.0],[113.483115258000097,-2.52430845199995,0.0],[113.482910156000102,-2.524384021999988,0.0],[113.4820873110001,-2.524673448999954,0.0],[113.481896895000105,-2.524740426,0.0],[113.481895447,-2.524740934999923,0.0],[113.481024748000095,-2.525195638999975,0.0],[113.480415345000097,-2.525513886999928,0.0],[113.479462684000097,-2.526016182999942,0.0],[113.479400635,-2.526048899,0.0],[113.479265482000102,-2.526085288999984,0.0],[113.478537666000094,-2.526281248999931,0.0],[113.477851870000094,-2.526465893999921,0.0],[113.476559363000106,-2.52693759099998,0.0],[113.476547241,-2.526942015999967,0.0],[113.475418091000094,-2.527833939999964,0.0],[113.474403383000094,-2.528726100999981,0.0],[113.473510742,-2.530154227999939,0.0],[113.4734221960002,-2.530207334999977,0.0],[113.472428112000102,-2.530803546,0.0],[113.472327637,-2.530863808999917,0.0],[113.472324181000104,-2.530865880000028,0.0],[113.472320557000103,-2.530868052999928,0.0],[113.471069338,-2.532355070999963,0.0],[113.469169619,-2.534198998999933,0.0],[113.467918397000105,-2.535032033999933,0.0],[113.467498430000106,-2.535529590999974,0.0],[113.467289585000202,-2.535777020999923,0.0],[113.4669647220001,-2.536161901,0.0],[113.466369631000106,-2.537292004999954,0.0],[113.465660096000093,-2.538958310999895,0.0],[113.464797976000099,-2.541754007999937,0.0],[113.464141846,-2.543776989999973,0.0],[113.463523866000102,-2.545801401999968,0.0],[113.463432314000102,-2.546096086,0.0],[113.463073731,-2.548000096999914,0.0],[113.462593081,-2.549725055999972,0.0],[113.4623844340001,-2.550354923999969,0.0],[113.462164467000093,-2.551018964999936,0.0],[113.461883546000095,-2.551867007999939,0.0],[113.461724099000094,-2.552176480999946,0.0],[113.461048322000096,-2.553488103999937,0.0],[113.461044313000201,-2.553495884999961,0.0],[113.460365296000106,-2.555376767999971,0.0],[113.459175111,-2.55823087799997,0.0],[113.458457948,-2.5606110109999,0.0],[113.4581604010001,-2.561533213999925,0.0],[113.457870484000097,-2.56245493899997,0.0],[113.456085205,-2.565489053999934,0.0],[113.455490115000103,-2.566559792999958,0.0],[113.454597475,-2.568166017999904,0.0],[113.453846893000105,-2.568963778999924,0.0],[113.453317666000103,-2.569526269999922,0.0],[113.453317642000101,-2.569526293999924,0.0],[113.453254700000102,-2.569593191999964,0.0],[113.452484133000098,-2.57048582999992,0.0],[113.451530457000104,-2.571496724999969,0.0],[113.450103761000094,-2.573222159999906,0.0],[113.449272157000095,-2.57387614399994,0.0],[113.449083746,-2.573953527999948,0.0],[113.448303682000102,-2.574273909999898,0.0],[113.448257448,-2.57429289899997,0.0],[113.447995866,-2.574424547000012,0.0],[113.447312484000093,-2.574768475999971,0.0],[113.447311402000096,-2.574769020999916,0.0],[113.446882948,-2.574867207999967,0.0],[113.4465818850001,-2.5749362029999,0.0],[113.446533891000101,-2.574947199999911,0.0],[113.446533204,-2.574947357999944,0.0],[113.444984438,-2.574470757999938,0.0],[113.44367981,-2.574054956999907,0.0],[113.442665102000106,-2.573520184999984,0.0],[113.441658020000105,-2.573102951999915,0.0],[113.439811708000093,-2.572329999,0.0],[113.4385070820002,-2.571854115999963,0.0],[113.436622621000097,-2.570799588999941,0.0],[113.435531616,-2.570188761999921,0.0],[113.433212282000099,-2.569236754999928,0.0],[113.431243898000105,-2.568641901999931,0.0],[113.430053711999903,-2.568403959999948,0.0],[113.429432704000106,-2.568528359999969,0.0],[113.429161073,-2.568582773999935,0.0],[113.428842665000104,-2.568805596999966,0.0],[113.428482056,-2.569057940999901,0.0],[113.428122215,-2.569259993999913,0.0],[113.426574708000103,-2.570128918999965,0.0],[113.42610142,-2.570385415999965,0.0],[113.425148011,-2.570902108999971,0.0],[113.423004152,-2.572210788999918,0.0],[113.422654556000097,-2.572480773999954,0.0],[113.421970698000095,-2.573008902999967,0.0],[113.421463013000107,-2.573400974999973,0.0],[113.420684815000101,-2.574233770999974,0.0],[113.420473834000106,-2.574397533,0.0],[113.420035018,-2.574738140999959,0.0],[113.418846132000098,-2.575660944999933,0.0],[113.417236329000104,-2.576791762999953,0.0],[113.415512087,-2.577743768999945,0.0],[113.415099366000106,-2.577976287999919,0.0],[113.414049894000101,-2.578567537999978,0.0],[113.413612366000095,-2.57881403099995,0.0],[113.413452228000097,-2.578890290999944,0.0],[113.412406306000094,-2.579388374999949,0.0],[113.412239076000105,-2.579468011999944,0.0],[113.41069031,-2.580657958999919,0.0],[113.409385681000103,-2.581847668999955,0.0],[113.409096659,-2.582108770999976,0.0],[113.408488977,-2.582657744999914,0.0],[113.408134462,-2.582978009999954,0.0],[113.407363894,-2.583572865999972,0.0],[113.406616213,-2.584762095999928,0.0],[113.405372620000193,-2.586427689999911,0.0],[113.403823854000095,-2.588331461999955,0.0],[113.4028701780001,-2.58981895499995,0.0],[113.402613049000095,-2.589985871,0.0],[113.402125245000093,-2.590302527999973,0.0],[113.4018631,-2.590472697999924,0.0],[113.400848390000107,-2.591543913999907,0.0],[113.399299623,-2.593328476999981,0.0],[113.397994997000097,-2.594875336999971,0.0],[113.396804810000106,-2.596421479999922,0.0],[113.396385193,-2.59785008499998,0.0],[113.396371558,-2.598062621999899,0.0],[113.396360116000096,-2.598240951,0.0],[113.396270753000096,-2.599633693999954,0.0],[113.396347047,-2.601063490999931,0.0],[113.396682740000102,-2.602794409999982,0.0],[113.396713259000094,-2.602965117999898,0.0],[113.396949770000106,-2.603679181000027,0.0],[113.397247316000104,-2.60433411699992,0.0],[113.397842409000106,-2.605166197999942,0.0],[113.3992157,-2.60659408699996,0.0],[113.400344851000199,-2.607784034,0.0],[113.401412966000095,-2.609033107999967,0.0],[113.402244569000104,-2.610222816,0.0],[113.403022766,-2.611352920999963,0.0],[113.403556825,-2.612423896999947,0.0],[113.4040298460001,-2.613435030999935,0.0],[113.404510499,-2.614564179999936,0.0],[113.404736699000097,-2.615455879999975,0.0],[113.404763767000105,-2.615562587999931,0.0],[113.404769898,-2.615586758999913,0.0],[113.404808046000099,-2.615755080999971,0.0],[113.405044557000096,-2.61730218,0.0],[113.404953005,-2.618849039999911,0.0],[113.404755165000097,-2.619520337999939,0.0],[113.40447998,-2.620454072999938,0.0],[113.403823854000095,-2.621167897999928,0.0],[113.40299225,-2.622119905,0.0],[113.402587101000094,-2.622691666999966,0.0],[113.40230406,-2.623091103999962,0.0],[113.402275085000099,-2.623131988999967,0.0],[113.401268006,-2.624261856999928,0.0],[113.400611877000102,-2.625332116999952,0.0],[113.400077820000106,-2.626938104999959,0.0],[113.400062036,-2.62699391699996,0.0],[113.399902563000097,-2.627557752999969,0.0],[113.399421694,-2.629257917999954,0.0],[113.398765565000105,-2.631222011000034,0.0],[113.398170472000103,-2.633065938999923,0.0],[113.397712344000098,-2.634103703999897,0.0],[113.397580756,-2.63440177899994,0.0],[113.397277833000103,-2.63508796699998,0.0],[113.396804810000106,-2.635504006999931,0.0],[113.396699235,-2.635535015999919,0.0],[113.395791323,-2.63580167299994,0.0],[113.395790100000198,-2.635802031,0.0],[113.395629880000101,-2.63589815699995,0.0],[113.394599917000093,-2.636516093999919,0.0],[113.393737838000106,-2.636983843999892,0.0],[113.392517090000098,-2.637646198999979,0.0],[113.391700512,-2.638093137999928,0.0],[113.391240486,-2.638344927,0.0],[113.391212464000105,-2.638360261999908,0.0],[113.389549256,-2.638955116,0.0],[113.389192990000097,-2.639026102999944,0.0],[113.388656883000095,-2.639132925,0.0],[113.388656616,-2.639132978,0.0],[113.386451722000103,-2.638299941999973,0.0],[113.384605408000098,-2.637290001999903,0.0],[113.383971276000096,-2.63710060699996,0.0],[113.384263993000104,-2.638132094999954,0.0],[113.384496691000095,-2.638954163999927,0.0],[113.384564662000102,-2.639193573999932,0.0],[113.385522844000107,-2.642568587999965,0.0],[113.385557177,-2.642698287999925,0.0],[113.38583209,-2.643568847999953,0.0],[113.38587761,-2.64371299699997,0.0],[113.38720131,-2.647914886,0.0],[113.387258530000096,-2.648099898999934,0.0],[113.387960434000107,-2.650300979999978,0.0],[113.387210236000101,-2.653134091,0.0],[113.386739731,-2.653491974999953,0.0],[113.386022569,-2.654037475999964,0.0],[113.385290146000102,-2.654592514999965,0.0],[113.384580614,-2.655132293999942,0.0],[113.38386345,-2.655677795999973,0.0],[113.383150102000101,-2.656223297999905,0.0],[113.382444382,-2.656757354999948,0.0],[113.381734848000093,-2.657297134,0.0],[113.381006241,-2.657854079999904,0.0],[113.380289079,-2.658399581999935,0.0],[113.379579544000194,-2.658939362000012,0.0],[113.378847124000103,-2.659496307999971,0.0],[113.378129959,-2.660041808999922,0.0],[113.377416612,-2.660585403999955,0.0],[113.376699448,-2.661130903999966,0.0],[113.375989915000105,-2.661670684999964,0.0],[113.375265122000101,-2.662221908999889,0.0],[113.374540331000105,-2.662773131999954,0.0],[113.373823166000093,-2.663318634999965,0.0],[113.373106005000096,-2.663864135999976,0.0],[113.37239647,-2.664403915999973,0.0],[113.371702194,-2.664932250999903,0.0],[113.370977403000097,-2.665483474999948,0.0],[113.370256424000104,-2.666034699,0.0],[113.369531633000094,-2.66658401499996,0.0],[113.368822098,-2.667123793999937,0.0],[113.368309446,-2.667513623999958,0.0],[113.368089676000096,-2.667680740999936,0.0],[113.367372514000095,-2.668226241999947,0.0],[113.367105484000106,-2.669069289,0.0],[113.366827013,-2.669929503999928,0.0],[113.366556168000102,-2.67077064499998,0.0],[113.366399703,-2.671259329,0.0],[113.366277695,-2.671640394999921,0.0],[113.36616976,-2.671978441999974,0.0],[113.366003039,-2.672500609999933,0.0],[113.3657245630001,-2.673368452999976,0.0],[113.365446091000095,-2.674228668999907,0.0],[113.365171434000104,-2.675088882999939,0.0],[113.364892959,-2.67595863299996,0.0],[113.364618302000096,-2.676809310999921,0.0],[113.36433983,-2.677677154999965,0.0],[113.364061355000104,-2.678546904999985,0.0],[113.363782882000095,-2.679414747999949,0.0],[113.363508227,-2.68027496399998,0.0],[113.363233566000105,-2.68112754899992,0.0],[113.3629550940001,-2.681995391999943,0.0],[113.362676622000095,-2.682855605999974,0.0],[113.362073900000098,-2.683584212999968,0.0],[113.361490249000099,-2.684284209999952,0.0],[113.360956192000103,-2.684928893999936,0.0],[113.360403062,-2.685594559999938,0.0],[113.360016809,-2.686059072,0.0],[113.359819413000096,-2.686296462,0.0],[113.359254839,-2.686975477999967,0.0],[113.358667375000095,-2.687683104999983,0.0],[113.358114242,-2.688348769999924,0.0],[113.357538225000098,-2.689041137999917,0.0],[113.3569965370002,-2.689693450999893,0.0],[113.356401445000103,-2.69040870699998,0.0],[113.355840683000096,-2.691080093999936,0.0],[113.355253221000098,-2.691787719999972,0.0],[113.354665758,-2.692495345999908,0.0],[113.354101181,-2.693174360999955,0.0],[113.353506089,-2.693889616999963,0.0],[113.352937700000197,-2.694576262999961,0.0],[113.352365494,-2.69526290899992,0.0],[113.351789476,-2.695955276999913,0.0],[113.351221084,-2.696641920999971,0.0],[113.350637436,-2.697341919999896,0.0],[113.350057604,-2.698041916,0.0],[113.3494739530001,-2.698741912999905,0.0],[113.348890305000097,-2.699443817999987,0.0],[113.348321917,-2.700130462999966,0.0],[113.347738266000107,-2.70083045899997,0.0],[113.347154618000104,-2.701530457,0.0],[113.3465786000001,-2.702224731999965,0.0],[113.345968247000101,-2.702959060999972,0.0],[113.345392227000104,-2.703653335999943,0.0],[113.344808579000102,-2.704353331999947,0.0],[113.344232561,-2.705047607999937,0.0],[113.343652725000098,-2.705747604999942,0.0],[113.343057632000097,-2.70646285999995,0.0],[113.342473984000094,-2.707162857,0.0],[113.341909409000095,-2.707841872999941,0.0],[113.341321945000104,-2.708549497999977,0.0],[113.340753557000099,-2.709236145,0.0],[113.340192795,-2.709909438999949,0.0],[113.3396091460001,-2.710609435999933,0.0],[113.339029314000101,-2.711309432999978,0.0],[113.3384571080001,-2.711996078999936,0.0],[113.337789536000102,-2.712627409999955,0.0],[113.337133409000202,-2.713245392,0.0],[113.336462022000106,-2.713874816999948,0.0],[113.335805893000099,-2.714492798,0.0],[113.335157396000099,-2.71510505699996,0.0],[113.334501268000096,-2.715721129999935,0.0],[113.333837509000105,-2.71634674099994,0.0],[113.333219529000104,-2.716926574999954,0.0],[113.332590105,-2.71751976,0.0],[113.331953049,-2.718118666999907,0.0],[113.331277848,-2.718753814999961,0.0],[113.330591202,-2.719402313999981,0.0],[113.329927444000106,-2.720026016999988,0.0],[113.329259874000101,-2.720657348999986,0.0],[113.328580856,-2.721292495999961,0.0],[113.3278942110001,-2.721940993999961,0.0],[113.327230455000105,-2.722564696999967,0.0],[113.326620104000099,-2.723140715999925,0.0],[113.325990677,-2.723733902999905,0.0],[113.325445175,-2.724462508999979,0.0],[113.324872971000104,-2.725229264000011,0.0],[113.324323654000096,-2.725967407999974,0.0],[113.3237667100001,-2.726711272999951,0.0],[113.323228837000102,-2.727434158999891,0.0],[113.322668076,-2.728185654000019,0.0],[113.322111131,-2.728931427,0.0],[113.321535111000102,-2.72970390299994,0.0],[113.320966722000094,-2.730463027999981,0.0],[113.320390701000093,-2.731237411999905,0.0],[113.319822313,-2.731996536999926,0.0],[113.319269181000095,-2.732740403,0.0],[113.318727493000097,-2.733463287999962,0.0],[113.318189621000101,-2.734186172999982,0.0],[113.3176441210001,-2.734914779999975,0.0],[113.317110063000101,-2.735631941999961,0.0],[113.316549301,-2.736383438,0.0],[113.316339495000094,-2.737234114999951,0.0],[113.316133501000095,-2.738077163999981,0.0],[113.315908434000093,-2.738988875999917,0.0],[113.315687181000101,-2.739883423999951,0.0],[113.315469742,-2.740770338999974,0.0],[113.31524849,-2.741674422999978,0.0],[113.315038681000104,-2.74252509999994,0.0],[113.314930477000104,-2.742966460999947,0.0],[113.3148212440001,-2.743412017999962,0.0],[113.314611436,-2.744253156999914,0.0],[113.314413071000104,-2.745069503999953,0.0],[113.314195633000097,-2.745956421,0.0],[113.314095314000099,-2.746362341,0.0],[113.313989639,-2.746789932999936,0.0],[113.313756943,-2.747728346999962,0.0],[113.3136628110001,-2.748114963999977,0.0],[113.313543321000196,-2.748605729,0.0],[113.313314438,-2.749536513,0.0],[113.313097002000106,-2.750421523999935,0.0],[113.312981401000101,-2.750887979999981,0.0],[113.312879564,-2.751298903999988,0.0],[113.313058858000204,-2.751800927999939,0.0],[113.313165666,-2.752099991,0.0],[113.313478471000096,-2.752985000999948,0.0],[113.313776017000094,-2.753828049999898,0.0],[113.314065933,-2.754646299999914,0.0],[113.314348221,-2.755445479999972,0.0],[113.314680101000107,-2.756374357999989,0.0],[113.315008164,-2.757301330999948,0.0],[113.315313340000202,-2.758169174999971,0.0],[113.315587999000101,-2.758945464,0.0],[113.315904618000104,-2.759830475999958,0.0],[113.316209795000105,-2.760690689,0.0],[113.316495897000095,-2.761507034999928,0.0],[113.316797258000094,-2.762350082999978,0.0],[113.317106249000105,-2.763227463,0.0],[113.317415239000098,-2.764095306999954,0.0],[113.31770897,-2.764921187999982,0.0],[113.318037033000095,-2.76585006799994,0.0],[113.31833458,-2.76669311499995,0.0],[113.318639756,-2.767553329999921,0.0],[113.318933488000098,-2.76837921199993,0.0],[113.319250107,-2.769271851999966,0.0],[113.319547654000104,-2.770114898999936,0.0],[113.319856644000097,-2.770992278999949,0.0],[113.320138933000095,-2.771783829,0.0],[113.320436479,-2.772617339999954,0.0],[113.320726396,-2.773443221999963,0.0],[113.320856094000106,-2.774301528999956,0.0],[113.320997238000103,-2.775230407999973,0.0],[113.321130753,-2.776124954999908,0.0],[113.321264268000107,-2.777017593999964,0.0],[113.321405412000104,-2.777938843,0.0],[113.32153511,-2.778814315999945,0.0],[113.32166481,-2.779663086,0.0],[113.321798326,-2.780548095999953,0.0],[113.321928026000094,-2.781423568,0.0],[113.322065354000102,-2.782327650999952,0.0],[113.322100999000099,-2.782562226999976,0.0],[113.322139705000097,-2.78281695999993,0.0],[113.322206497,-2.783256531999969,0.0],[113.322340012,-2.784149170999946,0.0],[113.322477342000099,-2.785060882999941,0.0],[113.322610855000093,-2.785955428999976,0.0],[113.322519303,-2.786863325999975,0.0],[113.322427749000099,-2.787761688999946,0.0],[113.322336198,-2.788642881999954,0.0],[113.322244646,-2.789524078999923,0.0],[113.322156906,-2.790405273000012,0.0],[113.322069168000098,-2.79125022799994,0.0],[113.322041853000101,-2.791521096999949,0.0],[113.321977615000094,-2.79215812599992,0.0],[113.321878435,-2.793092727999971,0.0],[113.321786882000097,-2.79401016099996,0.0],[113.321695328,-2.794881818999959,0.0],[113.321603775000099,-2.795789716999939,0.0],[113.321557999000106,-2.796230319999984,0.0],[113.321512223,-2.796670913999928,0.0],[113.321424486000097,-2.797552109000017,0.0],[113.321325304000098,-2.798496245999957,0.0],[113.321229934,-2.799413679999927,0.0],[113.3211383820001,-2.800331115999917,0.0],[113.321055762,-2.801117667999968,0.0],[113.320926521000104,-2.801392495999986,0.0],[113.320520402000099,-2.801927566999913,0.0],[113.319971085999896,-2.802654267,0.0],[113.319463731,-2.803321839,0.0],[113.318910600000095,-2.804046630999926,0.0],[113.318368912000096,-2.804758072,0.0],[113.317846298,-2.805446624999954,0.0],[113.317300797,-2.806165694999918,0.0],[113.316740038,-2.806903839999981,0.0],[113.316198351,-2.807615279999973,0.0],[113.3156414030001,-2.808347701999903,0.0],[113.315092087000096,-2.80907249400002,0.0],[113.314565658000106,-2.809762952999935,0.0],[113.314031601000096,-2.810466767000015,0.0],[113.313486101,-2.811185836999899,0.0],[113.3129405990001,-2.811903,0.0],[113.312387467,-2.812627791999922,0.0],[113.311849595,-2.813339233999974,0.0],[113.311285021000103,-2.814079284999935,0.0],[113.3107509620001,-2.814783095999895,0.0],[113.310239793000093,-2.815458297999986,0.0],[113.309740067,-2.816110609999962,0.0],[113.309202194000093,-2.816822050999954,0.0],[113.308698654000096,-2.817481995,0.0],[113.308206559,-2.818128585999944,0.0],[113.307661058,-2.818847655999948,0.0],[113.307123185,-2.81955909799992,0.0],[113.307287788,-2.820118997999963,0.0],[113.3073749550001,-2.820415496999915,0.0],[113.307634354,-2.82128143199998,0.0],[113.307886125,-2.822139739999934,0.0],[113.308145523,-2.823013305999931,0.0],[113.308401108000098,-2.823871612999964,0.0],[113.308660508000102,-2.824745178999941,0.0],[113.308916092000104,-2.825603484999895,0.0],[113.309171678000098,-2.82645988399997,0.0],[113.309427262000099,-2.827327726999933,0.0],[113.309675217000105,-2.828159330999915,0.0],[113.309919359,-2.828990934999958,0.0],[113.310178757,-2.829864502999955,0.0],[113.310438157,-2.83073997500001,0.0],[113.310701371000107,-2.831623077999976,0.0],[113.310960770000094,-2.832489013999941,0.0],[113.311220171000102,-2.833364486999896,0.0],[113.3114719390001,-2.83421325499996,0.0],[113.311723709,-2.835062026999944,0.0],[113.311971666000105,-2.835901259999938,0.0],[113.311986709000095,-2.835951731999917,0.0],[113.312234879,-2.836784362999965,0.0],[113.312494279,-2.837659835999939,0.0],[113.312753677,-2.838533401999916,0.0],[113.313009262,-2.839399338,0.0],[113.313268663,-2.840265273999967,0.0],[113.313547136,-2.841209412,0.0],[113.313795091000102,-2.842050551999959,0.0],[113.314062119,-2.842950820999928,0.0],[113.3141269690001,-2.843833923000014,0.0],[113.314188003,-2.84469985999996,0.0],[113.314252854000102,-2.845592499999916,0.0],[113.314310075000094,-2.846412658999931,0.0],[113.314374925,-2.847322463999968,0.0],[113.314435959000093,-2.848178862999964,0.0],[113.314500809000094,-2.849035263999959,0.0],[113.314561844000096,-2.849937438999965,0.0],[113.314626695,-2.850830076999962,0.0],[113.314691545,-2.851722718,0.0],[113.314756393000096,-2.852622985999966,0.0],[113.314817429000101,-2.853498459,0.0],[113.314886093,-2.854427337999959,0.0],[113.314944627,-2.855248536999959,0.0],[113.314950943000099,-2.855337142999896,0.0],[113.315011979,-2.856212615999971,0.0],[113.31507683,-2.857095717999918,0.0],[113.315141679000106,-2.858015060999965,0.0],[113.315206529000093,-2.858917236999932,0.0],[113.315271378,-2.85981750399998,0.0],[113.315336227000103,-2.860746384000017,0.0],[113.315343860000098,-2.860852271999905,0.0],[113.315397263,-2.861593245999923,0.0],[113.315462113000095,-2.862485885999979,0.0],[113.315526964000099,-2.863388060999985,0.0],[113.315591813000097,-2.864280698999981,0.0],[113.315652848,-2.865173339999918,0.0],[113.315717697000096,-2.866046905,0.0],[113.315782547000097,-2.866949081999941,0.0],[113.315843583000103,-2.867805480999917,0.0],[113.315904619000094,-2.868688583999903,0.0],[113.315969468000105,-2.86956214899996,0.0],[113.316030503000107,-2.870447159,0.0],[113.316095352,-2.871356963999963,0.0],[113.316144944,-2.872259137999928,0.0],[113.316194536000097,-2.873144149999973,0.0],[113.316213046999906,-2.873505134999985,0.0],[113.316240311000101,-2.87403678999993,0.0],[113.316289903000097,-2.874938964999956,0.0],[113.316339494,-2.875860214999901,0.0],[113.316389084000093,-2.876779556000029,0.0],[113.316438677000093,-2.877691267999944,0.0],[113.316488268,-2.878576279999909,0.0],[113.316534043,-2.879468917999966,0.0],[113.31658745,-2.880426405999972,0.0],[113.316637039000099,-2.881374358999969,0.0],[113.316686630000106,-2.882286071999904,0.0],[113.316736223,-2.883205413999952,0.0],[113.316785813,-2.884109497999956,0.0],[113.316835403,-2.885028839999983,0.0],[113.316888811,-2.88596725299993,0.0],[113.316938402000105,-2.886888503999956,0.0],[113.316984176,-2.887773514,0.0],[113.317033770000194,-2.888675689999927,0.0],[113.317083359000094,-2.889551162,0.0],[113.317129136000105,-2.890407562999977,0.0],[113.317178728,-2.891328811999903,0.0],[113.317224503,-2.892221450999959,0.0],[113.317274095,-2.893106459999983,0.0],[113.31731987,-2.893945693999957,0.0],[113.317369462000102,-2.894830703999922,0.0],[113.317419054000098,-2.895759582999939,0.0],[113.317464829000102,-2.896635056000014,0.0],[113.317514419000105,-2.897520065999979,0.0],[113.317564013,-2.898422240999905,0.0],[113.317609787,-2.899314880999961,0.0],[113.317659378,-2.900226592999977,0.0],[113.317712785,-2.901201247999985,0.0],[113.317762375,-2.90212249799993,0.0],[113.317811966,-2.903041838999938,0.0],[113.317861559000093,-2.903936385999972,0.0],[113.317907334000097,-2.904766082999977,0.0],[113.318025591,-2.905662536999989,0.0],[113.318151474000103,-2.90660286,0.0],[113.318265915000097,-2.907463073999925,0.0],[113.318384172000094,-2.90835762099996,0.0],[113.318506241,-2.909273146999931,0.0],[113.318620684,-2.910140990999914,0.0],[113.318735123,-2.911010743000015,0.0],[113.318853380000107,-2.911897659999938,0.0],[113.318975449,-2.912801742999962,0.0],[113.319097519,-2.913724898999965,0.0],[113.318777086000097,-2.914548875000016,0.0],[113.318456652,-2.915374755999944,0.0],[113.318132401000099,-2.916208267999905,0.0],[113.317808152000197,-2.917032241999955,0.0],[113.317560198000095,-2.917669630999935,0.0],[113.317483903,-2.917865752999915,0.0],[113.317152024000094,-2.918724059999969,0.0],[113.316820146000097,-2.91957473799991,0.0],[113.316495896000106,-2.920406341999973,0.0],[113.316148758000097,-2.921298980999949,0.0],[113.315835954,-2.922098159999986,0.0],[113.315504076,-2.92295646499994,0.0],[113.315164566,-2.923824308999903,0.0],[113.314844133000094,-2.924648283999933,0.0],[113.314504623,-2.925516128,0.0],[113.314176560000107,-2.926357269999948,0.0],[113.313844683000099,-2.927215576,0.0],[113.313516617,-2.928056717999974,0.0],[113.313188555,-2.928897857999946,0.0],[113.312856675,-2.929748534999987,0.0],[113.3125324250001,-2.930582045999928,0.0],[113.312211991,-2.931406020999898,0.0],[113.312089506,-2.931842376999931,0.0],[113.311967851000105,-2.932275773000019,0.0],[113.311719894,-2.93314552299992,0.0],[113.311468125,-2.934040068999955,0.0],[113.311212541,-2.934934616999989,0.0],[113.31097603,-2.935777664999939,0.0],[113.310724258000107,-2.936664580999941,0.0],[113.310472490000095,-2.937551497999984,0.0],[113.310235979000097,-2.938386916999922,0.0],[113.309991838000101,-2.939256668999943,0.0],[113.309751511000101,-2.940099715999973,0.0],[113.30950737,-2.940959931,0.0],[113.309360042000094,-2.94147903599995,0.0],[113.309263231000102,-2.941820144999956,0.0],[113.309030535,-2.942655563999954,0.0],[113.308774949000096,-2.943550109999908,0.0],[113.308526992000196,-2.944427489999921,0.0],[113.308279039,-2.945297241999962,0.0],[113.308034898000102,-2.946166992999963,0.0],[113.307790757,-2.947036742999984,0.0],[113.307542801000096,-2.947904586999948,0.0],[113.307294847000094,-2.948783874999938,0.0],[113.307039261000199,-2.949687957999962,0.0],[113.306798935000103,-2.950538636000024,0.0],[113.306550980000097,-2.951408384999945,0.0],[113.30630684,-2.952278136999986,0.0],[113.306463243,-2.953166961999987,0.0],[113.306623460000196,-2.954065323999977,0.0],[113.306783675999895,-2.954973221999957,0.0],[113.306818177000096,-2.955166176000015,0.0],[113.306947708,-2.955890655999927,0.0],[113.3071041110001,-2.956769942999917,0.0],[113.307260514000106,-2.957651138000026,0.0],[113.307409287,-2.958505631,0.0],[113.3075656890001,-2.959386825,0.0],[113.307722092,-2.960268020999901,0.0],[113.307874681000101,-2.961112975999929,0.0],[113.307907693000104,-2.96130161899989,0.0],[113.308034898000102,-2.962028503999901,0.0],[113.308187486000094,-2.962875366999986,0.0],[113.308343889000099,-2.963764190999987,0.0],[113.3085041060001,-2.964662550999977,0.0],[113.308598897,-2.965197133999964,0.0],[113.308668137,-2.965587616999958,0.0],[113.308820725,-2.966451645999946,0.0],[113.308984757000104,-2.967367172999937,0.0],[113.309141159000106,-2.968248366999906,0.0],[113.309293747000098,-2.969112395999933,0.0],[113.309453965000102,-2.970018386999915,0.0],[113.309614183,-2.970909119,0.0],[113.3097744,-2.971824646999985,0.0],[113.309934618000099,-2.972724914999954,0.0],[113.310087205000102,-2.973587036999963,0.0],[113.310251237000102,-2.974512100999924,0.0],[113.310415268000099,-2.975419998999904,0.0],[113.31057167,-2.976301191999913,0.0],[113.310728073000107,-2.977199555,0.0],[113.310888290000094,-2.978090285999961,0.0],[113.310964524000099,-2.978110625999966,0.0],[113.311738970000107,-2.978317261,0.0],[113.312601089000097,-2.978546142999929,0.0],[113.313432694000099,-2.978769303,0.0],[113.314302446000099,-2.979002,0.0],[113.3151874550001,-2.979238509999922,0.0],[113.316926956000103,-2.979701996000022,0.0],[113.317819595000103,-2.979942321999922,0.0],[113.318689347,-2.980173110999913,0.0],[113.319574356000103,-2.980409621999938,0.0],[113.320417406000104,-2.980634688999915,0.0],[113.321252824000197,-2.980857849,0.0],[113.322095873000094,-2.981082915999971,0.0],[113.322980881,-2.981319427,0.0],[113.323850633,-2.981552122999964,0.0],[113.324701309,-2.981779098999899,0.0],[113.325590134000095,-2.982015609999924,0.0],[113.326440811000197,-2.982244491999957,0.0],[113.32729912,-2.982473374,0.0],[113.328203201000093,-2.982715606999968,0.0],[113.329019547,-2.982933044999934,0.0],[113.329835892,-2.983150481999959,0.0],[113.33063698,-2.983364103999968,0.0],[113.331529617000101,-2.983604430999949,0.0],[113.332418442000105,-2.983840943,0.0],[113.3332958230001,-2.98407554599992,0.0],[113.334180833,-2.984312055999965,0.0],[113.335077288000093,-2.984550475999888,0.0],[113.335962296,-2.984786987999912,0.0],[113.336839678000104,-2.985021590999959,0.0],[113.337648393000094,-2.985237121999946,0.0],[113.338483812,-2.985460281999925,0.0],[113.339361191000094,-2.985694885999972,0.0],[113.340211870000104,-2.985921859999927,0.0],[113.341096878,-2.986158371999972,0.0],[113.341932297000099,-2.986381529999951,0.0],[113.342802049000099,-2.98661422599994,0.0],[113.343618394,-2.986831664999985,0.0],[113.344511032,-2.987070083999888,0.0],[113.345354080000106,-2.987295150999965,0.0],[113.346258165000094,-2.987537383999943,0.0],[113.347101213000101,-2.987762451,0.0],[113.347951890000104,-2.987989426999955,0.0],[113.348848344000103,-2.988229751999936,0.0],[113.349718094000096,-2.988460540999947,0.0],[113.350584032,-2.988693237999915,0.0],[113.351461410000098,-2.988927840999962,0.0],[113.352296829,-2.989149091999963,0.0],[113.353132248000094,-2.989372253999962,0.0],[113.353975298,-2.989597320999939,0.0],[113.354852676,-2.989831924999966,0.0],[113.355756760000105,-2.990074157999945,0.0],[113.356641771000099,-2.990310668999989,0.0],[113.35751915,-2.990545272999956,0.0],[113.358411789000101,-2.990783691999959,0.0],[113.359254837000094,-2.991008758999916,0.0],[113.360136032,-2.991243362999962,0.0],[113.360933306000106,-2.991456985999972,0.0],[113.361742020000094,-2.991672514999939,0.0],[113.362619400000099,-2.991907119999926,0.0],[113.363443376000106,-2.992126463999929,0.0],[113.364339831000095,-2.992366788999929,0.0],[113.365209579000094,-2.99259757999994,0.0],[113.366388322,-2.992914200000039,0.0],[113.367269517000096,-2.993148803999905,0.0],[113.368135452,-2.993379591999976,0.0],[113.368951799000101,-2.9935989379999,0.0],[113.369783403,-2.993917464999896,0.0],[113.370615007000097,-2.994235991999972,0.0],[113.371423723,-2.994544981999958,0.0],[113.372213364000103,-2.994848251999911,0.0],[113.3730793000001,-2.995180129999913,0.0],[113.373941423,-2.995512009000014,0.0],[113.374799729000102,-2.99584007299998,0.0],[113.375646592000095,-2.996164322,0.0],[113.376520157000101,-2.996500014999988,0.0],[113.377370834000104,-2.996826171999936,0.0],[113.378175737000106,-2.997135162999942,0.0],[113.379007341,-2.997453688999918,0.0],[113.379873276,-2.99778556799992,0.0],[113.380731584,-2.998113632999966,0.0],[113.381544115000096,-2.998426437999948,0.0],[113.382368088,-2.998741149999948,0.0],[113.383199692,-2.999059676999924,0.0],[113.384046556,-2.999385832,0.0],[113.3848629,-2.999698638999955,0.0],[113.385744095000106,-3.00003623999991,0.0],[113.386575699000105,-3.000354766999966,0.0],[113.387441635000101,-3.000686644999968,0.0],[113.388307572,-3.00101852499993,0.0],[113.389127733,-3.00133323699993,0.0],[113.389944078,-3.001646041999952,0.0],[113.390748978,-3.001955031999959,0.0],[113.391622545,-3.002290725000016,0.0],[113.392465592,-3.002613068999949,0.0],[113.393304825000101,-3.002935409999961,0.0],[113.394159317000103,-3.003263473999946,0.0],[113.395017626,-3.003591538,0.0],[113.395849230000096,-3.003910063999968,0.0],[113.396680834000094,-3.004228591999945,0.0],[113.397466660000106,-3.004629134999952,0.0],[113.398275377,-3.00504303,0.0],[113.399087907000094,-3.005455017,0.0],[113.399919511000107,-3.005880356,0.0],[113.400739670000107,-3.006296156999952,0.0],[113.401540756000102,-3.006704329999972,0.0],[113.402357102000096,-3.007122039999981,0.0],[113.403158190000099,-3.0075302129999,0.0],[113.403936388,-3.007926940999972,0.0],[113.404722214000103,-3.008327485,0.0],[113.405508043,-3.008726119999929,0.0],[113.406278612000094,-3.009119034,0.0],[113.407087326,-3.009531022,0.0],[113.407922746,-3.009956358999941,0.0],[113.408773424000103,-3.010389327999974,0.0],[113.409551620000101,-3.010786056999926,0.0],[113.41033745,-3.011186599999953,0.0],[113.411138534000102,-3.011594771999972,0.0],[113.411924362,-3.01199531599996,0.0],[113.4125537890001,-3.012573242,0.0],[113.413232805,-3.013195037999945,0.0],[113.413877487000093,-3.013786315999907,0.0],[113.414548874,-3.014400482999944,0.0],[113.41518593,-3.014986036999971,0.0],[113.4158573160001,-3.015600202999988,0.0],[113.416475298,-3.016166684999977,0.0],[113.41714287,-3.016782760999952,0.0],[113.417802811000101,-3.017385483999901,0.0],[113.418504716,-3.018032073999923,0.0],[113.419176102000094,-3.01864623999996,0.0],[113.419858934000104,-3.019273757999903,0.0],[113.420549395000094,-3.019906996,0.0],[113.421228411,-3.020528792999928,0.0],[113.421899797,-3.021142959999925,0.0],[113.42253685,-3.021728515999913,0.0],[113.423189164000107,-3.022325513999908,0.0],[113.423852921,-3.022933959999912,0.0],[113.424516678,-3.023542403999955,0.0],[113.425188064000096,-3.02415847799995,0.0],[113.425844194000106,-3.024761199999919,0.0],[113.426515581,-3.025377273999914,0.0],[113.427167893000103,-3.025974273,0.0],[113.427789690000097,-3.026546477999912,0.0],[113.428396225,-3.027099609999935,0.0],[113.429052353000102,-3.027702331999904,0.0],[113.429662705,-3.028263091999939,0.0],[113.430261612000095,-3.028812407999986,0.0],[113.430925370000097,-3.029420850999989,0.0],[113.431581499000103,-3.030023573999918,0.0],[113.432241440000098,-3.030626295999987,0.0],[113.4329051980001,-3.031234740999971,0.0],[113.433561326,-3.031839368999978,0.0],[113.4342327130001,-3.032453537000015,0.0],[113.434888840000099,-3.033056258999944,0.0],[113.435522081000101,-3.033636093999978,0.0],[113.436178209000104,-3.034238816,0.0],[113.436990738000105,-3.03447723399993,0.0],[113.437833786000098,-3.034727095999901,0.0],[113.438722611000102,-3.034990311999937,0.0],[113.439577103,-3.035242078999965,0.0],[113.440404892,-3.035486220999921,0.0],[113.441274644,-3.035743714,0.0],[113.442094804,-3.035985945999902,0.0],[113.442914964,-3.03622817999994,0.0],[113.443777084000104,-3.036481856999986,0.0],[113.444726945000099,-3.036762237999904,0.0],[113.445581437000101,-3.037014005999932,0.0],[113.446443558000098,-3.037269591999936,0.0],[113.447278976,-3.03751564,0.0],[113.448167800000107,-3.037778853999986,0.0],[113.449037553000096,-3.038036346999968,0.0],[113.449926375999894,-3.038297653999926,0.0],[113.450815200000093,-3.038560865999962,0.0],[113.451696397000106,-3.038820266999922,0.0],[113.452558517000099,-3.039075851999946,0.0],[113.453470230000093,-3.039344787999956,0.0],[113.454359054000093,-3.039608002,0.0],[113.455171586,-3.039846420999914,0.0],[113.456026077000104,-3.040098190999962,0.0],[113.456922531,-3.040159224999937,0.0],[113.457864763000103,-3.040224073999986,0.0],[113.458749771,-3.040285110999981,0.0],[113.459703447000095,-3.040349960999911,0.0],[113.460599901,-3.040410994999925,0.0],[113.461503984000103,-3.040472030999979,0.0],[113.462385178000105,-3.040531158999975,0.0],[113.463254930000105,-3.040590286999891,0.0],[113.464132309000107,-3.040651321999965,0.0],[113.465040207,-3.040712356999959,0.0],[113.465890886,-3.040769576999898,0.0],[113.4668064130001,-3.04083252,0.0],[113.467695237,-3.040891647999986,0.0],[113.46859169,-3.04095268199996,0.0],[113.469503404000093,-3.041015623999932,0.0],[113.470418932,-3.041078567999904,0.0],[113.471353531,-3.041141509999956,0.0],[113.472211838,-3.041200636999972,0.0],[113.473100663000096,-3.041259764999968,0.0],[113.474050524,-3.041324614000018,0.0],[113.474924088000094,-3.041383744,0.0],[113.475828171000103,-3.041444778,0.0],[113.476743698000107,-3.041507721999981,0.0],[113.477621079000102,-3.041566849999977,0.0],[113.4784832,-3.041625977,0.0],[113.479352952000099,-3.041685104999909,0.0],[113.480268479000102,-3.041748047999961,0.0],[113.481145860000098,-3.041807173999957,0.0],[113.482042313000093,-3.041868209999952,0.0],[113.482912064,-3.041927337999968,0.0],[113.483812333000103,-3.041988372999962,0.0],[113.484724045,-3.042049407999936,0.0],[113.485639572000096,-3.042112349999988,0.0],[113.486536027,-3.042173385999982,0.0],[113.487459183,-3.042236327999954,0.0],[113.488340380000096,-3.04229545599995,0.0],[113.489255906,-3.042358399000022,0.0],[113.490125656,-3.042417524999939,0.0],[113.490579605000093,-3.041648864999928,0.0],[113.4910411850001,-3.040874480999984,0.0],[113.491491319,-3.040121079,0.0],[113.491956712000103,-3.039339065999942,0.0],[113.492452622000101,-3.038499831999948,0.0],[113.492925644,-3.037708283000022,0.0],[113.493394854,-3.036918640999975,0.0],[113.493852617,-3.036149978999965,0.0],[113.494314195,-3.035373687999943,0.0],[113.494764330000095,-3.034614562999942,0.0],[113.495206834,-3.033868789999947,0.0],[113.495683670000105,-3.03306961100001,0.0],[113.496145248000104,-3.032295226999966,0.0],[113.496568681000099,-3.031581878999896,0.0],[113.497045517000103,-3.030775069999947,0.0],[113.497159959000101,-3.029850005999966,0.0],[113.497270584,-3.028917312999972,0.0],[113.497373581,-3.028055189999983,0.0],[113.497480394,-3.027168273999941,0.0],[113.497583389,-3.02628898599995,0.0],[113.497697831000096,-3.025346753999967,0.0],[113.497804642,-3.024467466999936,0.0],[113.497911453,-3.023569106999966,0.0],[113.498014452,-3.022718428999924,0.0],[113.498125076,-3.021766662999932,0.0],[113.498231890000099,-3.020896911999931,0.0],[113.498338699000101,-3.02000808699993,0.0],[113.498704911000104,-3.019172667999972,0.0],[113.499078751000098,-3.01832199199995,0.0],[113.499437333,-3.017511367999925,0.0],[113.499795914000103,-3.016693113999989,0.0],[113.499998565,-3.016230685999937,0.0],[113.500154495000103,-3.015874862999972,0.0],[113.500520706000103,-3.015048980999944,0.0],[113.500879289000096,-3.014230726999927,0.0],[113.501241685000096,-3.01341247599989,0.0],[113.501592636,-3.012611387999955,0.0],[113.501970291,-3.011753081999902,0.0],[113.502355576,-3.010875701999969,0.0],[113.502702714000094,-3.010091780999935,0.0],[113.503072740000107,-3.009248733999925,0.0],[113.503435136,-3.008422851999977,0.0],[113.503801348,-3.00759506299997,0.0],[113.504167557000102,-3.00676155099993,0.0],[113.504522324,-3.005958555999917,0.0],[113.504775913000103,-3.005782063999962,0.0],[113.505281448,-3.005430221999967,0.0],[113.506006243000101,-3.004928588999949,0.0],[113.506696703000102,-3.004449844999946,0.0],[113.507463456,-3.003915786999902,0.0],[113.508180618000097,-3.00341796899994,0.0],[113.508893968,-3.002925873,0.0],[113.509618759000105,-3.002422331999974,0.0],[113.510343552000194,-3.001918792999958,0.0],[113.511091233000101,-3.001401901999916,0.0],[113.511835100000098,-3.000883101999896,0.0],[113.512540818000105,-3.000394820999903,0.0],[113.513106498000099,-3.000001426999948,0.0],[113.513292312000104,-2.999872206999927,0.0],[113.514055252000105,-2.999343871999918,0.0],[113.514810562000093,-2.998819349999944,0.0],[113.5155353560001,-2.998315811999928,0.0],[113.516237259,-2.997829437999913,0.0],[113.516954424,-2.997329711999952,0.0],[113.517599106,-2.996883391999974,0.0],[113.518297195000102,-2.996398925999957,0.0],[113.519147874,-2.996047973999956,0.0],[113.519979479000099,-2.995702744,0.0],[113.520814897000093,-2.995357513999941,0.0],[113.521638870000103,-2.99501609899995,0.0],[113.522466660000106,-2.994674682999938,0.0],[113.523290634000105,-2.994333267999927,0.0],[113.524126053,-2.993988037999959,0.0],[113.524984362000097,-2.99363327,0.0],[113.525850296,-2.993274687999909,0.0],[113.526681901000103,-2.992929456999942,0.0],[113.527509689000098,-2.992588041999931,0.0],[113.528333664000201,-2.992246627999939,0.0],[113.529207232,-2.99188423099997,0.0],[113.53008461,-2.991523742,0.0],[113.530950548000106,-2.991165161,0.0],[113.531831742000094,-2.990798950999962,0.0],[113.532617571000102,-2.990474700999952,0.0],[113.533411026000095,-2.990146637999906,0.0],[113.534227371,-2.989809036999951,0.0],[113.535043717,-2.989469528999937,0.0],[113.535829545000098,-2.989145277999947,0.0],[113.5365963,-2.988828659999929,0.0],[113.537378313,-2.988504409999939,0.0],[113.538164139000102,-2.988180159999929,0.0],[113.5389995580001,-2.987834929999962,0.0],[113.539857865,-2.987480162999905,0.0],[113.540658951000097,-2.987148284999903,0.0],[113.541425705000094,-2.986829757999907,0.0],[113.54224205,-2.986492156999951,0.0],[113.543130875000202,-2.986532211999908,0.0],[113.544012071000097,-2.986572264999925,0.0],[113.544950485000101,-2.98661422599994,0.0],[113.545896530000107,-2.986656189999934,0.0],[113.546823504,-2.986698148999949,0.0],[113.547712328000102,-2.986738204999986,0.0],[113.548574448000096,-2.986776352999945,0.0],[113.549512862999904,-2.986818313999939,0.0],[113.550432206000096,-2.986860275999954,0.0],[113.551359178000098,-2.986902236999949,0.0],[113.552221298000106,-2.986940384,0.0],[113.553121567,-2.986980437999964,0.0],[113.554029465000099,-2.987022399999979,0.0],[113.554956436000097,-2.987062455,0.0],[113.55587578,-2.98710441500001,0.0],[113.556848528,-2.987148282999983,0.0],[113.557840349000102,-2.987192151999976,0.0],[113.558736801000094,-2.98723411599997,0.0],[113.559682846000101,-2.987276076999905,0.0],[113.560602188000104,-2.987316131999942,0.0],[113.5615139,-2.987453461,0.0],[113.56236458,-2.987581253,0.0],[113.5632076280001,-2.987709045999938,0.0],[113.564062119,-2.98783683799994,0.0],[113.564954759000102,-2.987970352999976,0.0],[113.565797807000095,-2.988098144999978,0.0],[113.566659928,-2.9882259369999,0.0],[113.567556381,-2.988361357,0.0],[113.568414690000097,-2.988491058999974,0.0],[113.569311143,-2.988624572999929,0.0],[113.570249559000104,-2.988765716999957,0.0],[113.571077348000102,-2.988889694,0.0],[113.5719356540001,-2.989019394,0.0],[113.572813036000099,-2.989151001999941,0.0],[113.573717119000094,-2.989286422999975,0.0],[113.574647904,-2.989425658999945,0.0],[113.575429917000093,-2.988975524999911,0.0],[113.576223375,-2.988519668999943,0.0],[113.577020645,-2.988059996999939,0.0],[113.577833176,-2.987590788999985,0.0],[113.5786151880001,-2.987140654999971,0.0],[113.579336167000093,-2.98672485399994,0.0],[113.580083847000097,-2.986297607999941,0.0],[113.58086586,-2.985845565999929,0.0],[113.581624985000104,-2.985408781999941,0.0],[113.582414629,-2.984952926999973,0.0],[113.583158495,-2.984525680999974,0.0],[113.583932878,-2.984079359999976,0.0],[113.584661485000098,-2.983659743999989,0.0],[113.585462570000104,-2.983200073999965,0.0],[113.586214065,-2.982767104999933,0.0],[113.587026597,-2.982297896999939,0.0],[113.587778093000196,-2.981864928999907,0.0],[113.588537218000099,-2.981428145999918,0.0],[113.589334489000095,-2.980968475999894,0.0],[113.590112687000101,-2.980522155999916,0.0],[113.59088707,-2.980075836999938,0.0],[113.591669083,-2.979625701999984,0.0],[113.592412948000103,-2.979196547999927,0.0],[113.593156815,-2.97876739499995,0.0],[113.593908311000106,-2.978334425999918,0.0],[113.594682693000095,-2.97788810599994,0.0],[113.595411302000102,-2.977468490999933,0.0],[113.596204758000198,-2.977014541999943,0.0],[113.596986772,-2.976562498999951,0.0],[113.597784043000104,-2.976102828999927,0.0],[113.598535538000107,-2.975669860999974,0.0],[113.599317552000102,-2.97521972599994,0.0],[113.600030900000107,-2.974809646999943,0.0],[113.600294343000101,-2.974657713999902,0.0],[113.600554773000098,-2.974507518999905,0.0],[113.600751877000107,-2.974393844999932,0.0],[113.601533891,-2.973943710999978,0.0],[113.602270127000097,-2.973518371999977,0.0],[113.603055954000098,-2.973068237999943,0.0],[113.603830338000094,-2.972621917999965,0.0],[113.604883194000095,-2.972015380999939,0.0],[113.605665209000094,-2.971565246999925,0.0],[113.6064434070001,-2.971118925999947,0.0],[113.606752397,-2.970336913999971,0.0],[113.607114793000093,-2.969438553,0.0],[113.607442856000105,-2.968616486,0.0],[113.607763291000097,-2.967817306999971,0.0],[113.608072281000105,-2.967037200999894,0.0],[113.608434677000105,-2.96613121,0.0],[113.608793260000098,-2.965240478999933,0.0],[113.609132767,-2.964393614999927,0.0],[113.609434128000103,-2.963636397999985,0.0],[113.609781265,-2.962772368999897,0.0],[113.610116959,-2.961933137000023,0.0],[113.610433580000105,-2.961133956999966,0.0],[113.61086464,-2.96005630599995,0.0],[113.612211227000103,-2.960281372999927,0.0],[113.613168718000097,-2.960439682,0.0],[113.614149095,-2.960601806999901,0.0],[113.615098954,-2.96076011699995,0.0],[113.6161098500001,-2.960926055,0.0],[113.6163997660001,-2.96172332799997,0.0],[113.616716386,-2.962596893999947,0.0],[113.617006303000096,-2.963386537,0.0],[113.617303850000098,-2.964208601999907,0.0],[113.61762047,-2.965074539999952,0.0],[113.617921831000103,-2.965896606999925,0.0],[113.618230821000097,-2.966745376999909,0.0],[113.618562698,-2.967653274999968,0.0],[113.618894579000099,-2.968561171999968,0.0],[113.61961937,-2.96903228799994,0.0],[113.620351793000097,-2.969507217999907,0.0],[113.621141434,-2.970022200999971,0.0],[113.621881485,-2.970502853999932,0.0],[113.622598649000096,-2.97096824700001,0.0],[113.62339592,-2.97148704599993,0.0],[113.624197007,-2.972007751999948,0.0],[113.624975204000094,-2.972511291999944,0.0],[113.625684738,-2.972972869999946,0.0],[113.626611711,-2.972658157999926,0.0],[113.62748146,-2.972362518999965,0.0],[113.628393173000106,-2.972053527999918,0.0],[113.629304886000099,-2.971744537999912,0.0],[113.630163194,-2.971452712999927,0.0],[113.631074907000098,-2.97114372299996,0.0],[113.631925583000097,-2.970855713999931,0.0],[113.632802965000195,-2.970558166999973,0.0],[113.633638383,-2.97027588,0.0],[113.634523392,-2.969974518999923,0.0],[113.635393143000201,-2.96968078599996,0.0],[113.6362705250001,-2.969383238999941,0.0],[113.637102129,-2.969100952999946,0.0],[113.6379566210001,-2.968811034999939,0.0],[113.63884926,-2.968507766999986,0.0],[113.639726639000102,-2.968210219999967,0.0],[113.640596391000102,-2.967916488999924,0.0],[113.641447067000101,-2.967628478999975,0.0],[113.642282486000099,-2.967344284,0.0],[113.643159868000097,-2.967046737999963,0.0],[113.643270659000095,-2.967009212,0.0],[113.643279064,-2.967006365,0.0],[113.643568277000099,-2.966908454,0.0],[113.644010544,-2.966758727999954,0.0],[113.644918442000105,-2.966789245999981,0.0],[113.645814897,-2.96681785599995,0.0],[113.646661758,-2.966844558999961,0.0],[113.647565842000105,-2.966875075999988,0.0],[113.648420334000093,-2.966903686999958,0.0],[113.649328232,-2.966932295999927,0.0],[113.650281906,-2.966962813999974,0.0],[113.651144028000104,-2.966991423999923,0.0],[113.652021408000095,-2.967020035,0.0],[113.652929306000104,-2.967050552999959,0.0],[113.653810502000098,-2.967079162999908,0.0],[113.654706956,-2.967107772999957,0.0],[113.655588150000099,-2.967136382999946,0.0],[113.656549454,-2.967168807999931,0.0],[113.657464981000103,-2.967199325999978,0.0],[113.658327103,-2.96722602799997,0.0],[113.659280777,-2.967258453999895,0.0],[113.660184861000104,-2.967287063999984,0.0],[113.660909654000093,-2.967895507999947,0.0],[113.661626815000105,-2.96849823,0.0],[113.662332535000104,-2.96908760099998,0.0],[113.663000107,-2.969650267999933,0.0],[113.663690567000202,-2.970228194999949,0.0],[113.6643581390001,-2.970790863999981,0.0],[113.665040970000106,-2.971363067999984,0.0],[113.665712357000103,-2.971925734,0.0],[113.666399002,-2.972503661999932,0.0],[113.667097093,-2.9730892179999,0.0],[113.667772293000098,-2.973657606999927,0.0],[113.668462755000107,-2.974235534999963,0.0],[113.6691379560001,-2.974803924999909,0.0],[113.669816972,-2.975372313999975,0.0],[113.670526505000097,-2.975967406999893,0.0],[113.671190263000099,-2.976524352999972,0.0],[113.6719074250001,-2.977125166999963,0.0],[113.672609329,-2.977716445999925,0.0],[113.673307421000104,-2.978302000999973,0.0],[113.674016952000102,-2.977779386999917,0.0],[113.674676897,-2.97729492299996,0.0],[113.6754322070001,-2.976739883999959,0.0],[113.676099778000093,-2.976249695,0.0],[113.676828384,-2.975717544999923,0.0],[113.677553178,-2.975183486999899,0.0],[113.678342819,-2.974603652999965,0.0],[113.679067612000097,-2.97407150199998,0.0],[113.679803849000095,-2.973531723999903,0.0],[113.6804904950001,-2.973026275999928,0.0],[113.681203842000102,-2.972503661999932,0.0],[113.681928636000094,-2.971971511999947,0.0],[113.682653427000105,-2.971439361999981,0.0],[113.68337822,-2.970905303999918,0.0],[113.684091568000099,-2.970382690999942,0.0],[113.684782029000104,-2.969877241999967,0.0],[113.685491562,-2.969354629999972,0.0],[113.686189651,-2.968843460999944,0.0],[113.686914445000099,-2.968311309999898,0.0],[113.687612533000106,-2.967798233,0.0],[113.688337327000099,-2.967266082,0.0],[113.6890544890001,-2.966737747,0.0],[113.689737319000102,-2.966238021999936,0.0],[113.690427780000107,-2.965730666999984,0.0],[113.691129686,-2.965213775999922,0.0],[113.691835403999903,-2.96469688499996,0.0],[113.691602708,-2.96383476099995,0.0],[113.691362383000097,-2.96293640199996,0.0],[113.691125871000096,-2.962064742999961,0.0],[113.691076162000101,-2.961877945999953,0.0],[113.691074720000103,-2.961874775999971,0.0],[113.69087933,-2.961148624000041,0.0],[113.690651578,-2.960302495999916,0.0],[113.690419292000101,-2.959439026999975,0.0],[113.690189186000097,-2.958584227999952,0.0],[113.689949827000106,-2.957694476999955,0.0],[113.689708022000104,-2.956796146999947,0.0],[113.689505786,-2.956044698999962,0.0],[113.689505764,-2.956044611999935,0.0],[113.689451218,-2.955844879999936,0.0],[113.689398228000101,-2.955645006999925,0.0],[113.689233780000094,-2.955024718999941,0.0],[113.688989639000098,-2.954118728999939,0.0],[113.688753128,-2.953245162999962,0.0],[113.688650990000099,-2.952868099999939,0.0],[113.68852513,-2.952400309999943,0.0],[113.688376383000104,-2.951847475999965,0.0],[113.688283921000107,-2.951501846999944,0.0],[113.6880626680001,-2.95067214999998,0.0],[113.687869561000099,-2.949964085999988,0.0],[113.687811616000104,-2.949748750999956,0.0],[113.687586325000098,-2.948911377999937,0.0],[113.687360945,-2.948074004000036,0.0],[113.687135656000095,-2.947236629999936,0.0],[113.687126633,-2.947203091,0.0],[113.686882163000107,-2.946294492999961,0.0],[113.686656876,-2.945457298999976,0.0],[113.686408100000094,-2.944532771999939,0.0],[113.686185085,-2.943704156999964,0.0],[113.685947645,-2.942821570999941,0.0],[113.685947421,-2.942817992999984,0.0],[113.685941697000104,-2.942796707999922,0.0],[113.685701372000096,-2.941905974999943,0.0],[113.685657436,-2.941743197999964,0.0],[113.685468675,-2.941043852999914,0.0],[113.685422111000094,-2.940868646999926,0.0],[113.685241600000097,-2.940197686999986,0.0],[113.684997546000105,-2.93929067899998,0.0],[113.684776984000095,-2.938471001999945,0.0],[113.684549437000101,-2.937625314999956,0.0],[113.684319444000096,-2.936770505999933,0.0],[113.6840987920001,-2.935950556999956,0.0],[113.683866501,-2.935087203999924,0.0],[113.683866443000099,-2.935086986999986,0.0],[113.683638810000105,-2.934240936999968,0.0],[113.68339675,-2.933341316999953,0.0],[113.683396712000103,-2.933341175999962,0.0],[113.683389663000099,-2.933315277999957,0.0],[113.683358254,-2.933198250999927,0.0],[113.683152984000102,-2.932435404,0.0],[113.682911298,-2.931537061999989,0.0],[113.682681311,-2.930682339999973,0.0],[113.6824940730001,-2.929986612999962,0.0],[113.682494019000103,-2.929986412999945,0.0],[113.682455064,-2.929843902999945,0.0],[113.682375336000106,-2.929545247999954,0.0],[113.682221338000204,-2.928972714999905,0.0],[113.681982044000094,-2.928083418999965,0.0],[113.681981920000098,-2.928082951999926,0.0],[113.681735524,-2.927167176999914,0.0],[113.681503094,-2.926303602999945,0.0],[113.681266039000107,-2.925422507999964,0.0],[113.681055120000096,-2.924638400999915,0.0],[113.681035996000105,-2.92456817599998,0.0],[113.680791856,-2.92366027799992,0.0],[113.680775998000101,-2.923600874999981,0.0],[113.680557419,-2.922788522,0.0],[113.680327440000099,-2.921933887,0.0],[113.680095197,-2.921070580999956,0.0],[113.679853613000105,-2.920172594999917,0.0],[113.679618921000099,-2.919300346999969,0.0],[113.679372533000205,-2.918384568999957,0.0],[113.67931246,-2.918161339999952,0.0],[113.679143906,-2.917537689999969,0.0],[113.679097742000096,-2.917363419,0.0],[113.678912498,-2.916674932999967,0.0],[113.678818372,-2.915794485999961,0.0],[113.678720385,-2.91487826,0.0],[113.678644223000106,-2.914165759999912,0.0],[113.678643900000097,-2.91416272599994,0.0],[113.678621292000201,-2.913951874,0.0],[113.678616936000097,-2.913910487999933,0.0],[113.678516787,-2.912973708999962,0.0],[113.678424504000105,-2.912111330999951,0.0],[113.678403607000106,-2.911915791999919,0.0],[113.678352690000096,-2.911439319999944,0.0],[113.678323746,-2.911176681999956,0.0],[113.678275805000098,-2.91072024399994,0.0],[113.678232194000103,-2.910305022999977,0.0],[113.678177056000095,-2.909796645,0.0],[113.6781373580001,-2.909425262999927,0.0],[113.678105402,-2.909126617,0.0],[113.678032578000099,-2.908446062999903,0.0],[113.677937539,-2.907556578999928,0.0],[113.67785971,-2.906828807999944,0.0],[113.677859657000099,-2.906828314999903,0.0],[113.677835700000102,-2.906604302999933,0.0],[113.677825516000098,-2.906509051999966,0.0],[113.677737724,-2.905687984999956,0.0],[113.677667649000099,-2.90503240299997,0.0],[113.677667645,-2.905032361999906,0.0],[113.677644730000097,-2.904825210999973,0.0],[113.677553178,-2.903963088999963,0.0],[113.677453997,-2.903038023999982,0.0],[113.677408724000102,-2.902610766999922,0.0],[113.677362442000103,-2.902173994999915,0.0],[113.67732863,-2.901861547999922,0.0],[113.677259445000104,-2.901222228999962,0.0],[113.677231700000107,-2.900955176999949,0.0],[113.677166144,-2.900342402999967,0.0],[113.677066331000105,-2.899408194999948,0.0],[113.676968361,-2.898492146999934,0.0],[113.676873242000099,-2.897602750999966,0.0],[113.676776281000102,-2.896695375999949,0.0],[113.676679233000101,-2.895788092,0.0],[113.676584205,-2.894898604999945,0.0],[113.676484308000099,-2.893964305999939,0.0],[113.6764297120001,-2.893453930999956,0.0],[113.67639351,-2.893119811999949,0.0],[113.676330533,-2.892526382999969,0.0],[113.676294075000101,-2.892185332999908,0.0],[113.676194181000099,-2.891250942999934,0.0],[113.676112053000097,-2.890482792999907,0.0],[113.676111978000094,-2.890482079,0.0],[113.676092149000098,-2.890298843999934,0.0],[113.676078221,-2.890166247,0.0],[113.675995404000204,-2.889391105999968,0.0],[113.675896432000101,-2.888465659999975,0.0],[113.675803251000104,-2.887594151999988,0.0],[113.675718231,-2.886798810999969,0.0],[113.675706865,-2.886695862,0.0],[113.675686105000096,-2.886498209999977,0.0],[113.675614129000095,-2.885824662999943,0.0],[113.675520031,-2.884944300999943,0.0],[113.675427771,-2.884081826999905,0.0],[113.675330823,-2.883174539999975,0.0],[113.675237654000099,-2.882303237,0.0],[113.675237651000103,-2.882303210999984,0.0],[113.67514355,-2.881422848999904,0.0],[113.675049454,-2.880542484999984,0.0],[113.674949571,-2.879608182999938,0.0],[113.674853549000105,-2.878710019999964,0.0],[113.674776943000197,-2.877993436999906,0.0],[113.674776939,-2.877993396,0.0],[113.674776906,-2.877993086999957,0.0],[113.674760819,-2.877847669999936,0.0],[113.674741760000103,-2.877664320999933,0.0],[113.674663434000095,-2.876931583999978,0.0],[113.674565482,-2.876015079999925,0.0],[113.674476171000094,-2.875179618999963,0.0],[113.674382079000196,-2.874299073999969,0.0],[113.67428698,-2.873409764999988,0.0],[113.674224927000097,-2.872829050999921,0.0],[113.674224866,-2.872828467999973,0.0],[113.674196243000196,-2.872564315999939,0.0],[113.674181124,-2.872419162000019,0.0],[113.674098803,-2.871649034999988,0.0],[113.674007565,-2.870795593999977,0.0],[113.673915408000099,-2.869933026999911,0.0],[113.673663229000098,-2.869056376999959,0.0],[113.673447547,-2.868306781999928,0.0],[113.673410416,-2.868179321999953,0.0],[113.673235647000098,-2.867570272,0.0],[113.673158648,-2.86730193999992,0.0],[113.672906876000098,-2.866426467999965,0.0],[113.672670364000098,-2.865600586000037,0.0],[113.672430039,-2.864767073999976,0.0],[113.672182085,-2.863899229999933,0.0],[113.671926498000104,-2.863014221999969,0.0],[113.671674728000099,-2.862138747999914,0.0],[113.671430589,-2.861288069999972,0.0],[113.671175005,-2.86040115399995,0.0],[113.670979429000099,-2.85972814799996,0.0],[113.670915603,-2.859508515,0.0],[113.670825463,-2.859193017999928,0.0],[113.670666525000101,-2.858640581999943,0.0],[113.670535443,-2.858184957999894,0.0],[113.670415879000103,-2.857772826999987,0.0],[113.670326220000106,-2.857457662999969,0.0],[113.670162285000103,-2.856887721999954,0.0],[113.669915104000097,-2.856028405999917,0.0],[113.669667836,-2.85516908899996,0.0],[113.669425639000096,-2.854327111,0.0],[113.669165867000103,-2.853424263,0.0],[113.669263515,-2.852544348999935,0.0],[113.669365126000102,-2.851629360999908,0.0],[113.669457753000103,-2.850794101999983,0.0],[113.669559453,-2.849878029999966,0.0],[113.669637316,-2.849176666999909,0.0],[113.669664383,-2.848926543999917,0.0],[113.669700133000106,-2.848610522999968,0.0],[113.669758623000106,-2.848083128999936,0.0],[113.669782835000106,-2.847864945999929,0.0],[113.6698416360001,-2.847335072999952,0.0],[113.6698551180001,-2.847211837999968,0.0],[113.669864464,-2.847129392999901,0.0],[113.669959824000102,-2.84627051099998,0.0],[113.670058971000103,-2.845377127999962,0.0],[113.670155917000102,-2.844503542999983,0.0],[113.670249520000098,-2.843660420999927,0.0],[113.670352015000105,-2.842736936999897,0.0],[113.670449402,-2.841859102999926,0.0],[113.670551106000104,-2.84094303199989,0.0],[113.670651753000101,-2.840036181999916,0.0],[113.670747383,-2.839174618999953,0.0],[113.670816955000106,-2.838547495999924,0.0],[113.670817036,-2.838546765999943,0.0],[113.670817264000107,-2.838544709999973,0.0],[113.670846939,-2.838275909999934,0.0],[113.670852275,-2.83822912199998,0.0],[113.670943571000095,-2.837406388000012,0.0],[113.671018846,-2.836728353999967,0.0],[113.671018866,-2.836728186999953,0.0],[113.671041490000107,-2.836517334999913,0.0],[113.671066122000099,-2.836302489999982,0.0],[113.671141966,-2.835619173999939,0.0],[113.671234601,-2.834784369999972,0.0],[113.671333315,-2.833895327999953,0.0],[113.67143291,-2.832997699,0.0],[113.671532593,-2.832099798999972,0.0],[113.671635272000202,-2.83117478,0.0],[113.671734955,-2.83027660799994,0.0],[113.671838602000093,-2.829342640999921,0.0],[113.671933267000099,-2.828489757999957,0.0],[113.671990024,-2.827978401999933,0.0],[113.671990099,-2.827977736999978,0.0],[113.672029497,-2.82761764599994,0.0],[113.672050273000096,-2.827435645999969,0.0],[113.672124862,-2.826782227,0.0],[113.672224045,-2.82587623599992,0.0],[113.672268962000103,-2.825465338999915,0.0],[113.672327963,-2.824933776,0.0],[113.672359611000104,-2.824648708999953,0.0],[113.672420693,-2.824098520999914,0.0],[113.672528306000203,-2.823128937999966,0.0],[113.672623856000101,-2.822267739999953,0.0],[113.672700976000201,-2.821573217999942,0.0],[113.672701077000099,-2.821572305999946,0.0],[113.672731399000099,-2.821296691999984,0.0],[113.672834396000098,-2.820363998999911,0.0],[113.672877479,-2.819982937,0.0],[113.672945023,-2.819385528999967,0.0],[113.673040390000097,-2.818515777999926,0.0],[113.673082289000106,-2.818137852999911,0.0],[113.673135868,-2.817655309999973,0.0],[113.673139533,-2.817622283999979,0.0],[113.673238756000103,-2.816747666,0.0],[113.673334122,-2.815887450999983,0.0],[113.673433304,-2.814981458999961,0.0],[113.673536303000105,-2.81405639699992,0.0],[113.673635483000098,-2.813177107999909,0.0],[113.673730851000101,-2.81231498799996,0.0],[113.673800281,-2.811679437999972,0.0],[113.673819888,-2.81149996299995,0.0],[113.673830034000105,-2.81140708899992,0.0],[113.673933029,-2.810491563,0.0],[113.674036026,-2.809566496999927,0.0],[113.674139024000098,-2.808633802999934,0.0],[113.674216284000096,-2.807926582999951,0.0],[113.674238205000094,-2.807725904999954,0.0],[113.674242457000204,-2.807687464,0.0],[113.674286879000107,-2.807285895999958,0.0],[113.674333573,-2.806863784999964,0.0],[113.674341896000101,-2.806790363999905,0.0],[113.674438323000103,-2.805921446999973,0.0],[113.674519159,-2.805193623999964,0.0],[113.674543381,-2.804969787999909,0.0],[113.674585010000101,-2.804600526999932,0.0],[113.674645472000094,-2.804055867999971,0.0],[113.674747107,-2.803139892999942,0.0],[113.674842609000095,-2.802279889999928,0.0],[113.674842624,-2.802279758999937,0.0],[113.674848744000101,-2.802224640999973,0.0],[113.674948445,-2.801326744999961,0.0],[113.67498162,-2.801027872999973,0.0],[113.675053078,-2.800384103999924,0.0],[113.675150276,-2.799508258999939,0.0],[113.675153732,-2.799476624,0.0],[113.675252914000097,-2.798578262999989,0.0],[113.675300667000101,-2.798153799999961,0.0],[113.675355178,-2.797662936999934,0.0],[113.6754618370001,-2.796701945999898,0.0],[113.675567529000105,-2.795750084999917,0.0],[113.675670228,-2.79482507099996,0.0],[113.675765879000096,-2.793962972999973,0.0],[113.675868579000095,-2.79303823,0.0],[113.6759672270001,-2.79214919499998,0.0],[113.676060942,-2.79130517599995,0.0],[113.676156596,-2.790443257999957,0.0],[113.676184775,-2.790189545999928,0.0],[113.676252367000103,-2.789571762999972,0.0],[113.676307534000102,-2.789084084999949,0.0],[113.676347027,-2.788728373,0.0],[113.676453692000095,-2.787767383999977,0.0],[113.676511058000102,-2.787250878999967,0.0],[113.676549913,-2.786895752,0.0],[113.676649094,-2.78600692799998,0.0],[113.676651082,-2.785989510999978,0.0],[113.676741807000099,-2.785172684999959,0.0],[113.676845480000097,-2.784238723999981,0.0],[113.676949153,-2.783304762999963,0.0],[113.6770457800001,-2.782434077999945,0.0],[113.677118464,-2.781779596999969,0.0],[113.677144522,-2.781544953,0.0],[113.677239213,-2.780691986999948,0.0],[113.677333903000203,-2.779838838999982,0.0],[113.677440664000102,-2.778877940999953,0.0],[113.677549273000096,-2.777899054999975,0.0],[113.677650044000103,-2.77699194199996,0.0],[113.677740962,-2.776173013999987,0.0],[113.677741026,-2.77617243899994,0.0],[113.67774105,-2.776172224999922,0.0],[113.677751543000099,-2.776075362999981,0.0],[113.677803933,-2.775605792999958,0.0],[113.677854316000094,-2.775151953999957,0.0],[113.677954999,-2.774244841999982,0.0],[113.678027877000105,-2.77358871299995,0.0],[113.678027881000105,-2.773588672999947,0.0],[113.678027895,-2.773588552,0.0],[113.678052902000104,-2.773355484,0.0],[113.678148271,-2.772502899999978,0.0],[113.678207155000095,-2.771974036999925,0.0],[113.678251152,-2.771577831999896,0.0],[113.678349811000103,-2.770688979999893,0.0],[113.678397955,-2.770255525999941,0.0],[113.6784420030001,-2.769853591999978,0.0],[113.678486302,-2.769459816999891,0.0],[113.678544225000095,-2.768937942999976,0.0],[113.678646939,-2.768013023,0.0],[113.678718012000104,-2.767373038999912,0.0],[113.6787180540001,-2.767372663999961,0.0],[113.678718068000094,-2.767372546999951,0.0],[113.678743364000098,-2.767141340999926,0.0],[113.6788501730001,-2.766181945999941,0.0],[113.678853392000093,-2.766153275999987,0.0],[113.678953171000103,-2.765264510999972,0.0],[113.679059984000105,-2.764305113999987,0.0],[113.67914966,-2.763485454999934,0.0],[113.679155349000098,-2.763433456,0.0],[113.679159476000095,-2.763397053999914,0.0],[113.679259970000103,-2.762491622999959,0.0],[113.679351147,-2.761670772,0.0],[113.679351219000097,-2.761670131999954,0.0],[113.679357531000093,-2.761611937999935,0.0],[113.679378666,-2.761422984999988,0.0],[113.679452368000099,-2.760759298999971,0.0],[113.679557992,-2.759807714999933,0.0],[113.679625105,-2.759203270999941,0.0],[113.679625147,-2.75920289299997,0.0],[113.679662706000101,-2.75885581999995,0.0],[113.679765701000093,-2.757930755999989,0.0],[113.679804163000099,-2.757590757999915,0.0],[113.679860072000096,-2.757087288,0.0],[113.679916727,-2.756576856999977,0.0],[113.679967882,-2.756107330999917,0.0],[113.679996993,-2.755853949,0.0],[113.680068419,-2.75521105799992,0.0],[113.680165150000093,-2.754339924999984,0.0],[113.680271835000099,-2.753379030999956,0.0],[113.680350828000101,-2.752667495999956,0.0],[113.680372238,-2.752471923999962,0.0],[113.680479051,-2.75151062,0.0],[113.680578232,-2.750612259,0.0],[113.680601872,-2.750406769999953,0.0],[113.68067471,-2.749751136999983,0.0],[113.680772413000199,-2.748871417999936,0.0],[113.680866062,-2.748027314000019,0.0],[113.680943599000102,-2.747329431,0.0],[113.680967331,-2.74711036699997,0.0],[113.681006272000104,-2.746765135999942,0.0],[113.6810655230001,-2.746231537,0.0],[113.681163227000098,-2.745351366999933,0.0],[113.681262958,-2.744453297999967,0.0],[113.6813677130001,-2.743510483999936,0.0],[113.681460396,-2.742675239999932,0.0],[113.681562156000098,-2.741759272999984,0.0],[113.681589547000101,-2.741512672999924,0.0],[113.681661606,-2.740859986,0.0],[113.681688771000097,-2.740619159999975,0.0],[113.681759508,-2.739981757999914,0.0],[113.681862239000097,-2.739056932999953,0.0],[113.681957919000098,-2.738194932999953,0.0],[113.682052721000105,-2.73734170099996,0.0],[113.682143471,-2.736524625999941,0.0],[113.682241181000094,-2.735644637999972,0.0],[113.682335894,-2.734791587,0.0],[113.682433606,-2.733911688999933,0.0],[113.682540303000195,-2.732950977999939,0.0],[113.682640260000099,-2.732050585999961,0.0],[113.682641983000096,-2.732034683999984,0.0],[113.682737352000103,-2.731172560999975,0.0],[113.682781293000104,-2.730781018999973,0.0],[113.682843484,-2.730221071999925,0.0],[113.68293926,-2.729358891999911,0.0],[113.683043933,-2.728415989999973,0.0],[113.683147639,-2.727482036999955,0.0],[113.683214606000107,-2.726879369999931,0.0],[113.683214645,-2.726879016999901,0.0],[113.683249407,-2.726566162999935,0.0],[113.683346064,-2.725695485999917,0.0],[113.683443780000104,-2.724815589999956,0.0],[113.683473996000103,-2.724543570000011,0.0],[113.683474004000104,-2.724543507999926,0.0],[113.683542251000105,-2.723943709999939,0.0],[113.683641434,-2.723054885999938,0.0],[113.683736803000102,-2.722183227999939,0.0],[113.683835983000193,-2.721286773999927,0.0],[113.683938980000093,-2.720378875999947,0.0],[113.68403435,-2.719499587999936,0.0],[113.684057489000097,-2.71929,0.0],[113.684133530000096,-2.718601226999946,0.0],[113.684150285000101,-2.718454464999973,0.0],[113.684226668000093,-2.717766205999961,0.0],[113.684317035,-2.716953169999916,0.0],[113.684324476999905,-2.716886218999972,0.0],[113.684380676,-2.71637987,0.0],[113.68442713,-2.715961308,0.0],[113.684460846000107,-2.715657861999936,0.0],[113.684522628000096,-2.715099334999926,0.0],[113.68453231,-2.715014622999952,0.0],[113.684626628,-2.714165449999935,0.0],[113.684728313,-2.713249577999894,0.0],[113.684829121,-2.712342474,0.0],[113.684936801,-2.711372636999951,0.0],[113.685027563,-2.710555385999918,0.0],[113.685115412000101,-2.709764694999963,0.0],[113.685115426000095,-2.709764570999933,0.0],[113.685115477000096,-2.709764111,0.0],[113.685132980000105,-2.70960235499992,0.0],[113.685224533000095,-2.708776473999912,0.0],[113.685243773,-2.708608655999976,0.0],[113.685327531000098,-2.707878112999902,0.0],[113.685426712000194,-2.70698165900001,0.0],[113.685533525000096,-2.706001281999968,0.0],[113.685553989,-2.705815925999979,0.0],[113.685632707,-2.705102919999978,0.0],[113.685653667000096,-2.70491854599991,0.0],[113.685735703000105,-2.704196930999976,0.0],[113.68583107,-2.703344344999956,0.0],[113.685926439,-2.702463148999947,0.0],[113.6859467620001,-2.702279456999936,0.0],[113.686025972000095,-2.701566345999926,0.0],[113.686125728000107,-2.700668373999968,0.0],[113.686154774000101,-2.700406913999918,0.0],[113.686154787000106,-2.700406795999888,0.0],[113.686154798000103,-2.70040669699998,0.0],[113.686227751,-2.69977039699993,0.0],[113.687151027,-2.69976834499994,0.0],[113.688094450000094,-2.699766246999926,0.0],[113.688613896000106,-2.699765091999931,0.0],[113.689019721000093,-2.699764188999956,0.0],[113.689926927000101,-2.699762170999949,0.0],[113.690825415000106,-2.699760170999943,0.0],[113.691643203,-2.69975835,0.0],[113.692541781,-2.699756348999927,0.0],[113.693431370000098,-2.699754366999942,0.0],[113.694275936,-2.699752483999966,0.0],[113.694449564,-2.699752096999934,0.0],[113.695203781,-2.699748993999918,0.0],[113.695841639000093,-2.699748992999937,0.0],[113.696039201000104,-2.699748992999937,0.0],[113.696908951000097,-2.69974708599994,0.0],[113.697181466000103,-2.69974600399993,0.0],[113.697870256000201,-2.69974327,0.0],[113.6987705250001,-2.699741364,0.0],[113.699666978000096,-2.699739455999948,0.0],[113.700628281,-2.69973754899997,0.0],[113.701589584000104,-2.699735641,0.0],[113.702425003,-2.699733733999914,0.0],[113.703279496,-2.699731826999936,0.0],[113.704153062,-2.699729919999958,0.0],[113.705114366000103,-2.69972801199998,0.0],[113.705957414000096,-2.699726105,0.0],[113.706865312000104,-2.699724197999924,0.0],[113.707719803,-2.699722289999926,0.0],[113.708581926000207,-2.699720382999968,0.0],[113.709133566000105,-2.699719274999957,0.0],[113.709532483000103,-2.699718380999963,0.0],[113.710421881000102,-2.699716387,0.0],[113.711347403000104,-2.699714310999985,0.0],[113.711550201,-2.699713854999948,0.0],[113.712308871,-2.699712153999907,0.0],[113.713252366,-2.699710035999912,0.0],[113.714123788000094,-2.69970807999991,0.0],[113.715013092,-2.699706082999944,0.0],[113.715893589000103,-2.69970410499994,0.0],[113.716810031,-2.69970204499995,0.0],[113.717735280000099,-2.699699964999958,0.0],[113.718714625000104,-2.699697762999955,0.0],[113.719559263000093,-2.699695862999958,0.0],[113.720493677,-2.699693759999984,0.0],[113.72111437,-2.699692362999948,0.0],[113.721392321,-2.699691737,0.0],[113.722263827,-2.699689775,0.0],[113.723243169000099,-2.699687568999911,0.0],[113.724096791000093,-2.699685644999932,0.0],[113.724327595,-2.699685124999969,0.0],[113.725049974,-2.69968223599991,0.0],[113.725912095,-2.699680328999932,0.0],[113.726774216000095,-2.699678420999954,0.0],[113.727636339,-2.699676513999976,0.0],[113.728563309000094,-2.699674604999898,0.0],[113.729425430000205,-2.69967269899994,0.0],[113.730379105000097,-2.699670791999942,0.0],[113.731214523,-2.699668884999964,0.0],[113.732149124000102,-2.699666975999966,0.0],[113.733064653,-2.69966507,0.0],[113.733953476,-2.69966316200001,0.0],[113.734827043000095,-2.699661254999932,0.0],[113.735546582000097,-2.699659787000011,0.0],[113.735761643,-2.699659347999974,0.0],[113.736604691,-2.699657440999916,0.0],[113.737474442,-2.699655532999918,0.0],[113.738355638000101,-2.69965362599992,0.0],[113.739202501000094,-2.699651717999962,0.0],[113.740091325000094,-2.699649810999964,0.0],[113.740961075000101,-2.699647903999987,0.0],[113.741182312000106,-2.699647018999933,0.0],[113.741914750000106,-2.699644089999971,0.0],[113.742822648,-2.699642180999973,0.0],[113.743749619,-2.699640274999975,0.0],[113.744627,-2.699638364999917,0.0],[113.745489121000105,-2.699636459999939,0.0],[113.746351242,-2.699634550999981,0.0],[113.747270585000095,-2.699632644999983,0.0],[113.748212814000098,-2.699630737999905,0.0],[113.749082567000102,-2.699628830999927,0.0],[113.749990465000096,-2.699626921999969,0.0],[113.750870933,-2.699625012999971,0.0],[113.750871658000094,-2.699625010999971,0.0],[113.751806261000098,-2.699623108,0.0],[113.752702713000104,-2.699621200999935,0.0],[113.753568650000105,-2.699619292999957,0.0],[113.753794838000104,-2.699618350999939,0.0],[113.754484177000194,-2.699615478999902,0.0],[113.755399704000098,-2.699613570999904,0.0],[113.756326675000096,-2.699611663999946,0.0],[113.757204056000106,-2.699609756999968,0.0],[113.758096697,-2.69960784999997,0.0],[113.758939743,-2.699605942000012,0.0],[113.759855270000102,-2.699604033999914,0.0],[113.760709763,-2.699602126999936,0.0],[113.761636735,-2.699600220999978,0.0],[113.762540819,-2.6995983109999,0.0],[113.762982107000099,-2.699597384999923,0.0],[113.763449159,-2.699596316999895,0.0],[113.764356579000093,-2.699594243,0.0],[113.765237039000198,-2.699592228999936,0.0],[113.766117498000099,-2.699590213999929,0.0],[113.766350455000094,-2.699589680999985,0.0],[113.767000200000098,-2.699586867999932,0.0],[113.767889025,-2.699584961999935,0.0],[113.768804552,-2.699583053999957,0.0],[113.769678116,-2.699581145999979,0.0],[113.770555497,-2.699579238999921,0.0],[113.771474839,-2.699577331999943,0.0],[113.772397994,-2.699575424999945,0.0],[113.773271562000104,-2.699573516999967,0.0],[113.774230132000099,-2.69957161799991,0.0],[113.774232865,-2.699571611999909,0.0],[113.774253494000106,-2.699571567999985,0.0],[113.775175096000098,-2.699569701999931,0.0],[113.776063921000102,-2.699567794999953,0.0],[113.776256146000094,-2.699566969999985,0.0],[113.776952744000099,-2.699563980999897,0.0],[113.777879716,-2.699562070999919,0.0],[113.778814316000094,-2.699560165999941,0.0],[113.779718399000103,-2.699558256999943,0.0],[113.780618669000106,-2.699556350999985,0.0],[113.781538009000101,-2.699554441999987,0.0],[113.782438279000104,-2.69955253699993,0.0],[113.783338548000103,-2.699550627999932,0.0],[113.783634130000095,-2.699550002,0.0],[113.784238817000102,-2.699548720999954,0.0],[113.785146715000096,-2.699546813999976,0.0],[113.786050798,-2.699544907000018,0.0],[113.786293211,-2.699543874999932,0.0],[113.786947252,-2.699541091999942,0.0],[113.787851335,-2.699539184999964,0.0],[113.788755418,-2.699537276999906,0.0],[113.789655687000106,-2.69953537,0.0],[113.79025651,-2.699534124,0.0],[113.790575029,-2.69953346299993,0.0],[113.791008926,-2.699532530999953,0.0],[113.791463852000106,-2.699531555999952,0.0],[113.792409897000098,-2.699529647999974,0.0],[113.792945045,-2.699528523999981,0.0],[113.793317795,-2.699527740999916,0.0],[113.794195176,-2.699525832999938,0.0],[113.795091629,-2.69952392599996,0.0],[113.795289655,-2.699523103999972,0.0],[113.796010972000104,-2.699520111,0.0],[113.796895981,-2.699518202999946,0.0],[113.797803878000096,-2.699516295999949,0.0],[113.798696517000096,-2.699514387999951,0.0],[113.799608230000104,-2.699512481999913,0.0],[113.800508499,-2.699510573999935,0.0],[113.801416397,-2.699508667999937,0.0],[113.80232048,-2.699506759999959,0.0],[113.802659253000101,-2.699506039,0.0],[113.803217153000105,-2.699504745999972,0.0],[113.80411933,-2.699502652999959,0.0],[113.804279759000096,-2.699502280999948,0.0],[113.805032730000093,-2.699499130999947,0.0],[113.805933,-2.699497222999989,0.0],[113.806833269000094,-2.699495316,0.0],[113.807741167,-2.699493408,0.0],[113.808652879000107,-2.699491501999935,0.0],[113.809556962000102,-2.699489593999977,0.0],[113.810468674,-2.6994876869999,0.0],[113.811361314,-2.699485778999902,0.0],[113.811624212000098,-2.699485219999955,0.0],[113.812257768000094,-2.699483872000024,0.0],[113.813146591000105,-2.699481962999946,0.0],[113.814043045000105,-2.699480057999968,0.0],[113.814287596000099,-2.699479021999962,0.0],[113.8149433130001,-2.699476242999912,0.0],[113.815858841000093,-2.699474333999954,0.0],[113.816751480000093,-2.699472427999956,0.0],[113.817651749000106,-2.699470519999978,0.0],[113.818552018000105,-2.699468613,0.0],[113.819452287000104,-2.699466705999922,0.0],[113.820341112000094,-2.699464797999944,0.0],[113.821101942,-2.699463136999987,0.0],[113.821215175,-2.699462872999965,0.0],[113.822113204000104,-2.699460777,0.0],[113.823004135,-2.699458695999959,0.0],[113.823201694000105,-2.699458234999961,0.0],[113.823900456,-2.699456602999906,0.0],[113.824799740000202,-2.699454500999912,0.0],[113.825696329,-2.699452405999978,0.0],[113.8266009150001,-2.699450291,0.0],[113.8275016340001,-2.699448183999928,0.0],[113.828406039,-2.699446067999893,0.0],[113.829314126000099,-2.699443942999917,0.0],[113.829884449,-2.699442607999967,0.0],[113.829887643000106,-2.699442599999966,0.0],[113.829889382,-2.699442595999906,0.0],[113.830214036,-2.699441835999923,0.0],[113.831115743000097,-2.699439724999908,0.0],[113.831266339000095,-2.699439371999979,0.0],[113.832017899000107,-2.699436188,0.0],[113.832910538000107,-2.699434279999897,0.0],[113.83382225,-2.699432373,0.0],[113.834726334000095,-2.699430465999941,0.0],[113.835630418,-2.699428558999983,0.0],[113.836519243000097,-2.699426651999906,0.0],[113.837430956,-2.699424743999908,0.0],[113.838188964000096,-2.699423137999954,0.0],[113.838332153,-2.699422800999947,0.0],[113.839236549,-2.699420676999951,0.0],[113.840135462,-2.699418565999936,0.0],[113.840377637000103,-2.699417996999989,0.0],[113.841035845000107,-2.699415207999918,0.0],[113.841943741000094,-2.69941329999994,0.0],[113.84284401,-2.699411392999962,0.0],[113.843755722000097,-2.699409482999984,0.0],[113.844648361000097,-2.699407578,0.0],[113.845548630000096,-2.699405668999928,0.0],[113.846220456000097,-2.699404252999931,0.0],[113.846453266,-2.699403704999945,0.0],[113.8473520860001,-2.69940158799997,0.0],[113.847497895000103,-2.699401243999942,0.0],[113.848257065000098,-2.699398039999916,0.0],[113.849157334000097,-2.699396132999958,0.0],[113.850065232,-2.6993942259999,0.0],[113.850961687000094,-2.699392319,0.0],[113.851850511000094,-2.699390411999925,0.0],[113.852758409000103,-2.699388503999947,0.0],[113.853526093,-2.699387029,0.0],[113.853750230000102,-2.699386597999969,0.0],[113.854650499000101,-2.699384688999971,0.0],[113.854812278000097,-2.699383992000013,0.0],[113.855535943000106,-2.699382282999951,0.0],[113.8564431100001,-2.699380138999974,0.0],[113.857341742,-2.699378014999958,0.0],[113.858240821,-2.699375889999962,0.0],[113.859139808,-2.699373763999966,0.0],[113.860046793,-2.699371617999948,0.0],[113.860945690000094,-2.699369490999972,0.0],[113.8611924490001,-2.699368905999924,0.0],[113.861196791000097,-2.699368895999923,0.0],[113.861845018000096,-2.699367523999989,0.0],[113.862752916000105,-2.699365615000011,0.0],[113.862966968,-2.699364703999916,0.0],[113.863650195000105,-2.699363086999962,0.0],[113.864549269,-2.699360955999965,0.0],[113.865448073000096,-2.699358825999989,0.0],[113.866346069000102,-2.699356696999893,0.0],[113.867244151,-2.699354566999976,0.0],[113.868143851,-2.69935243299998,0.0],[113.868811054,-2.699350848999928,0.0],[113.868811189000098,-2.699350848999928,0.0],[113.869043642,-2.699350296999963,0.0],[113.869939925000097,-2.699348169999987,0.0],[113.870090088000097,-2.699347812999937,0.0],[113.8708400740001,-2.699344634999954,0.0],[113.871732713,-2.699342728999956,0.0],[113.872629167,-2.69934082,0.0],[113.87353325,-2.69933891299994,0.0],[113.874433518,-2.699337003999942,0.0],[113.875329971000099,-2.699335098999964,0.0],[113.87623024,-2.699333188999986,0.0],[113.876339296000097,-2.699332957999947,0.0],[113.877130509,-2.699331283999928,0.0],[113.878019334000101,-2.69932937699995,0.0],[113.878248073,-2.699328415999951,0.0],[113.878927232,-2.699325560999974,0.0],[113.879823686,-2.699323654999917,0.0],[113.880723955,-2.699321746999919,0.0],[113.881715776000107,-2.699319838999941,0.0],[113.882616045000105,-2.699317931999963,0.0],[113.88283948,-2.699317473999945,0.0],[113.883547636000202,-2.699315784999945,0.0],[113.88438308,-2.69931379199996,0.0],[113.884553951,-2.699313383999926,0.0],[113.885274888,-2.699310302999951,0.0],[113.886163713000101,-2.699308394999973,0.0],[113.887079241000094,-2.699306487999915,0.0],[113.887979509,-2.699304579999937,0.0],[113.888849258000107,-2.699302673999939,0.0],[113.889772415,-2.699300765999961,0.0],[113.890257093000102,-2.699299760999958,0.0],[113.890691759000106,-2.69929886,0.0],[113.891569137,-2.699296950000025,0.0],[113.891735045,-2.699296225999945,0.0],[113.892442705,-2.699293134999949,0.0],[113.893358231000093,-2.699291228999892,0.0],[113.894201278,-2.699289321000014,0.0],[113.895029068000198,-2.699287414999936,0.0],[113.895883560000101,-2.699285506999958,0.0],[113.896699905000105,-2.69928359999998,0.0],[113.898561479,-2.699279784999924,0.0],[113.898878662,-2.699279115999949,0.0],[113.899465966000093,-2.699277706999932,0.0],[113.900328532000103,-2.699275637999941,0.0],[113.901182113000104,-2.699273589999931,0.0],[113.901450698000104,-2.699272944999958,0.0],[113.902098499000104,-2.699271390000029,0.0],[113.902942823000103,-2.699269362999961,0.0],[113.903832251,-2.699267225999924,0.0],[113.904712604000096,-2.699265110999969,0.0],[113.905547852000097,-2.699263103999963,0.0],[113.906464144000097,-2.69926090099994,0.0],[113.907042893000096,-2.699259509999925,0.0],[113.907043621000099,-2.699259506999945,0.0],[113.907381058000098,-2.699258804999967,0.0],[113.908243180000099,-2.699256894999988,0.0],[113.908392806,-2.699256260999936,0.0],[113.909143450000101,-2.699253080999933,0.0],[113.910078048000102,-2.699251174999935,0.0],[113.91095543,-2.699249266999977,0.0],[113.911836624000102,-2.699247360999979,0.0],[113.912706375000099,-2.699245452999921,0.0],[113.913614273,-2.699243545999943,0.0],[113.914332513000105,-2.699241955999971,0.0],[113.914476770000107,-2.699241608999963,0.0],[113.915357115,-2.699239485999947,0.0],[113.916228384000107,-2.699237383999953,0.0],[113.916473613000093,-2.699236791999984,0.0],[113.917127611000097,-2.699234009999933,0.0],[113.917997360000101,-2.699232100999975,0.0],[113.918924331000099,-2.699230193999917,0.0],[113.919832230000097,-2.69922828699992,0.0],[113.920782091000106,-2.699226382999942,0.0],[113.920782837,-2.699226380999922,0.0],[113.920795068000103,-2.699226353999939,0.0],[113.921717177000104,-2.699224129999915,0.0],[113.9219214620001,-2.699223635999974,0.0],[113.922651426,-2.699221870999928,0.0],[113.923496003000096,-2.699219828999939,0.0],[113.924430341,-2.699217568999932,0.0],[113.925319752000107,-2.699215416999914,0.0],[113.926227132,-2.699213221000012,0.0],[113.926829441000095,-2.699211761999971,0.0],[113.926829641000097,-2.699211761999971,0.0],[113.927134422000094,-2.699211024,0.0],[113.928023743000097,-2.699208869999912,0.0],[113.928226194000104,-2.699208379999951,0.0],[113.928941728,-2.699205398999984,0.0],[113.929876327000102,-2.699203490999906,0.0],[113.930711746,-2.699201584,0.0],[113.931661607,-2.69919967599995,0.0],[113.932523727000202,-2.69919777,0.0],[113.933044960000103,-2.699196696999964,0.0],[113.933450699000105,-2.699195861999975,0.0],[113.934312821000105,-2.699193954999917,0.0],[113.934480534,-2.699193212999935,0.0],[113.935174942000103,-2.699190140999981,0.0],[113.93609047,-2.699188231999903,0.0],[113.937044143000094,-2.699186325999985,0.0],[113.937898636000199,-2.699184417999927,0.0],[113.938875198000105,-2.699182510999949,0.0],[113.938978914,-2.69918228399993,0.0],[113.939748765000104,-2.699180602,0.0],[113.940557481,-2.699178695999913,0.0],[113.9407095,-2.699178075999962,0.0],[113.941489598000103,-2.699176177999965,0.0],[113.942334072000193,-2.699174121999954,0.0],[113.943313227000104,-2.699171738999957,0.0],[113.944238203000097,-2.69916948599993,0.0],[113.945154190000096,-2.699167251999945,0.0],[113.945154642,-2.699167250999925,0.0],[113.946035385000101,-2.699165344999948,0.0],[113.946163461000097,-2.699164794999922,0.0],[113.946924266000096,-2.699162940999948,0.0],[113.947795422,-2.699160816999913,0.0],[113.948738722,-2.699158515999922,0.0],[113.949637009000099,-2.699156323999921,0.0],[113.950562430000105,-2.699154065999914,0.0],[113.951116305,-2.699152713999982,0.0],[113.951452257,-2.699151992999902,0.0],[113.951516010000105,-2.699151737999981,0.0],[113.952404013,-2.699149568999901,0.0],[113.953265999000095,-2.699147463999987,0.0],[113.954119179,-2.699145379,0.0],[113.955026537000094,-2.699143161,0.0],[113.955870910000101,-2.6991410969999,0.0],[113.956769281000106,-2.699138899999978,0.0],[113.957640519,-2.699136767999981,0.0],[113.957803915000099,-2.699136367999948,0.0],[113.957809003000094,-2.699136354999947,0.0],[113.958493872000105,-2.699134827999921,0.0],[113.958494187,-2.699134827,0.0],[113.958047867,-2.699844361,0.0],[113.957532883000098,-2.700660705999953,0.0],[113.957156438000098,-2.701257441999947,0.0],[113.957017796000102,-2.701477462999946,0.0],[113.956536987,-2.702240565999936,0.0],[113.956489897000097,-2.702315284999903,0.0],[113.956489705000095,-2.702315589999928,0.0],[113.956070497,-2.702980775,0.0],[113.955596128,-2.703733681999916,0.0],[113.955556125,-2.703797175999934,0.0],[113.955089724000104,-2.70453729599998,0.0],[113.954642567000107,-2.705246919999982,0.0],[113.954147255000095,-2.706032918999908,0.0],[113.953865301000107,-2.706480385,0.0],[113.953695297000095,-2.706748961999921,0.0],[113.95321846,-2.707504272999905,0.0],[113.9528504230001,-2.708091021999932,0.0],[113.952752795000094,-2.708245951999961,0.0],[113.952600879000101,-2.708487086999949,0.0],[113.952314377000107,-2.708940506999975,0.0],[113.952091741000103,-2.709295148000022,0.0],[113.951882554,-2.70962710899993,0.0],[113.951396909000096,-2.71039781699995,0.0],[113.950901954000102,-2.711183275999931,0.0],[113.9503970640001,-2.711984480999936,0.0],[113.949901842,-2.712770483999982,0.0],[113.949532084000097,-2.713357220999948,0.0],[113.94944954,-2.713487624999966,0.0],[113.949389304000107,-2.71358380199993,0.0],[113.949388988,-2.713584302999972,0.0],[113.949388875000096,-2.713584481999907,0.0],[113.948993020000103,-2.714212726999929,0.0],[113.948512206,-2.714975746999932,0.0],[113.9480780680001,-2.71566479599991,0.0],[113.948026658000202,-2.715745925999948,0.0],[113.947568894,-2.716470717999906,0.0],[113.947088242000106,-2.717233658999962,0.0],[113.946641922000097,-2.717943191999956,0.0],[113.946523474000102,-2.718131940000026,0.0],[113.946523286000101,-2.718132237999951,0.0],[113.946523125000098,-2.718132493999972,0.0],[113.946170516,-2.718692124999933,0.0],[113.945689610000102,-2.719455147999976,0.0],[113.945247281,-2.720157269,0.0],[113.945016777000106,-2.720523061999907,0.0],[113.944737554000099,-2.720966171999939,0.0],[113.944395608,-2.721508824999914,0.0],[113.944299697,-2.721660613999943,0.0],[113.943977273000101,-2.722172699999967,0.0],[113.943780664000101,-2.722484708999924,0.0],[113.943294924,-2.723255605999959,0.0],[113.942799607000097,-2.724041705999973,0.0],[113.942294621000102,-2.72484301,0.0],[113.941799303,-2.725629110999961,0.0],[113.941356883,-2.726331235999961,0.0],[113.940890385000102,-2.727071549999924,0.0],[113.940462960000204,-2.727749894999936,0.0],[113.940443039000101,-2.727781295999936,0.0],[113.940047509000095,-2.728321752999909,0.0],[113.93994262,-2.728465024999933,0.0],[113.939789410000103,-2.728674309999943,0.0],[113.939432146000101,-2.729162215999985,0.0],[113.939405528000094,-2.729198691999986,0.0],[113.939405352000094,-2.729198932,0.0],[113.938914911000197,-2.729868816999916,0.0],[113.938536764000105,-2.730385385999932,0.0],[113.938398361000097,-2.730573652999961,0.0],[113.938154114000099,-2.730908061000012,0.0],[113.938153856000199,-2.730908412999962,0.0],[113.937828366000105,-2.731352988999955,0.0],[113.937642558000107,-2.731606790999912,0.0],[113.937311173,-2.7320575709999,0.0],[113.9368000340001,-2.732757609999927,0.0],[113.936799580000098,-2.732758229999979,0.0],[113.936784535,-2.7327787799999,0.0],[113.936681147000101,-2.732920001999954,0.0],[113.936288834000095,-2.73345565799993,0.0],[113.935735704000095,-2.734210967999935,0.0],[113.935574544000104,-2.734431588999964,0.0],[113.935574101,-2.734432193999934,0.0],[113.935181264000093,-2.734968791999988,0.0],[113.934664808000093,-2.735674267999946,0.0],[113.934315063000099,-2.736151970999943,0.0],[113.934137346000099,-2.736392974999979,0.0],[113.933944612,-2.736657982999964,0.0],[113.933631719,-2.737085399999977,0.0],[113.933120547000101,-2.737783635999935,0.0],[113.932671517,-2.738396953999962,0.0],[113.932550432,-2.738561630999918,0.0],[113.931970597,-2.739353180999964,0.0],[113.931565591000094,-2.739907549999989,0.0],[113.931432638,-2.740089154999987,0.0],[113.930889584,-2.740830930000011,0.0],[113.930384980000099,-2.741520174999925,0.0],[113.930341721000104,-2.741579056,0.0],[113.930283999000096,-2.741658108999947,0.0],[113.929813950000096,-2.742300181,0.0],[113.929292029000095,-2.743013082999908,0.0],[113.929048304000105,-2.743346003999896,0.0],[113.928743362000105,-2.743761062999965,0.0],[113.928232193000099,-2.744459151999912,0.0],[113.927722064,-2.74515749999994,0.0],[113.927678529000104,-2.745216962999983,0.0],[113.927135472,-2.745958831999935,0.0],[113.926597697,-2.746693278999932,0.0],[113.9260224880001,-2.747479138999946,0.0],[113.925537817000105,-2.74814108399992,0.0],[113.924973175,-2.74891228199994,0.0],[113.924911977000093,-2.748995884999943,0.0],[113.924482347000193,-2.749580381999983,0.0],[113.924184542,-2.749989598,0.0],[113.923952105000097,-2.750308990999977,0.0],[113.923429490000103,-2.751022339,0.0],[113.922861712000099,-2.751799698999937,0.0],[113.923205147000104,-2.751719088999922,0.0],[113.923795701,-2.751579284999905,0.0],[113.924437651000105,-2.751429770999985,0.0],[113.924688339000099,-2.75137138400001,0.0],[113.925607683000095,-2.751155852999942,0.0],[113.9265155800001,-2.750942230999953,0.0],[113.92739296,-2.750736236999956,0.0],[113.927815349000099,-2.750637396999971,0.0],[113.928346634,-2.750513076999956,0.0],[113.929246904,-2.750301360999945,0.0],[113.930147173000094,-2.750089644999913,0.0],[113.931081772000198,-2.74987029999991,0.0],[113.931671917,-2.749731510999958,0.0],[113.932046891,-2.749643325999955,0.0],[113.932920379,-2.749437350999959,0.0],[113.933461614000095,-2.748684427999932,0.0],[113.933532410000097,-2.748585937999937,0.0],[113.933532966000101,-2.748585165999973,0.0],[113.933950424000102,-2.748003006999946,0.0],[113.934389286,-2.747393840999983,0.0],[113.934461593000094,-2.747293243999933,0.0],[113.935024667000107,-2.746509944999951,0.0],[113.935566519000105,-2.745755974000017,0.0],[113.935912258,-2.745275,0.0],[113.936086654000107,-2.745031357000014,0.0],[113.9364743860001,-2.744492986999953,0.0],[113.936651231000099,-2.74424743699998,0.0],[113.937215806000097,-2.743463516999947,0.0],[113.937704088,-2.742782591,0.0],[113.938203811000093,-2.742088317999951,0.0],[113.938714981000103,-2.741376875999979,0.0],[113.939035023000102,-2.740930561,0.0],[113.939276459000098,-2.740594673999988,0.0],[113.939578065000106,-2.740175099999924,0.0],[113.939771652000204,-2.739906309999987,0.0],[113.939886296000097,-2.739746302999977,0.0],[113.940301895000104,-2.739166259999926,0.0],[113.940514906000104,-2.738871757,0.0],[113.940805437000193,-2.738470077,0.0],[113.941308977000105,-2.737768173999915,0.0],[113.941765048,-2.737132483999976,0.0],[113.941865702000101,-2.736992466999941,0.0],[113.942361222000102,-2.737250299999952,0.0],[113.942655503000097,-2.737403424000011,0.0],[113.942882619000102,-2.737521601999937,0.0],[113.943479538,-2.737831115999967,0.0],[113.944253921000097,-2.738233566999952,0.0],[113.944929123000094,-2.738586425999932,0.0],[113.945703508000094,-2.738988876999917,0.0],[113.946082147000098,-2.739186427999916,0.0],[113.946493148,-2.739400863999972,0.0],[113.947228797000193,-2.739783042,0.0],[113.947275381000097,-2.739807275999946,0.0],[113.948089293000095,-2.740230815,0.0],[113.948717008,-2.74055738399994,0.0],[113.948717306,-2.740557539999933,0.0],[113.948855345000098,-2.740629353999939,0.0],[113.948994339,-2.740701678999948,0.0],[113.949590683000096,-2.741010665999974,0.0],[113.950357438000097,-2.741409300999984,0.0],[113.951120376000105,-2.741807937999934,0.0],[113.951944351000094,-2.742235184000013,0.0],[113.952711106,-2.742633817999982,0.0],[113.953338024000104,-2.742961820999903,0.0],[113.953451157,-2.743021011999924,0.0],[113.953582278000098,-2.743088901999946,0.0],[113.954202652,-2.743410109999984,0.0],[113.955015184000104,-2.743833541999927,0.0],[113.95577399,-2.744229282999897,0.0],[113.955774959000095,-2.744229787999919,0.0],[113.955812881000099,-2.744249519999893,0.0],[113.955839030000107,-2.744263122999939,0.0],[113.956636429,-2.744676589999957,0.0],[113.957433702000102,-2.745092392,0.0],[113.957319260000105,-2.74592399599995,0.0],[113.957224690000203,-2.746603185999932,0.0],[113.957224623000101,-2.746603665999972,0.0],[113.957186454000094,-2.746881839999986,0.0],[113.964590273000098,-2.74848296399995,0.0],[113.968089146,-2.745779288999908,0.0],[113.971289146000103,-2.741979288999963,0.0],[113.974889147000098,-2.738879288999982,0.0],[113.977189147000104,-2.736679289999948,0.0],[113.979289146,-2.734479289000014,0.0],[113.981246126000102,-2.732396051999928,0.0],[113.982389146000102,-2.731179289999972,0.0],[113.984888478,-2.731138539,0.0],[113.99116546,-2.731036196999943,0.0],[113.998427008,-2.730917806,0.0],[113.999355303,-2.730902668999926,0.0],[113.999524389,-2.73089993399996,0.0],[114.000000017,-2.730892241999963,0.0],[114.000001907000097,-2.73089220999996,0.0],[114.000038980000099,-2.73089161099997,0.0],[114.000492349000098,-2.730884277999983,0.0],[114.0004924630001,-2.730884127,0.0],[114.000497010000203,-2.730878033999906,0.0],[114.001190188000095,-2.729949237,0.0],[114.002616882000197,-2.728403330999905,0.0],[114.003334046000106,-2.727689265999975,0.0],[114.003334673,-2.727688936999928,0.0],[114.003623644000101,-2.727536701999962,0.0],[114.004463197000106,-2.727094412999937,0.0],[114.005042471,-2.726831719999985,0.0],[114.005422212000099,-2.726659509999925,0.0],[114.005775452000094,-2.726499319,0.0],[114.005959087000093,-2.726402579999989,0.0],[114.005959188,-2.726402523999985,0.0],[114.0061742030001,-2.726289250999945,0.0],[114.0064438469999,-2.726147199999922,0.0],[114.006618588000094,-2.726055141999959,0.0],[114.006904602000105,-2.725904464999902,0.0],[114.006912064000105,-2.725901274,0.0],[114.0073538380001,-2.725712374999916,0.0],[114.008016984000093,-2.725428819999896,0.0],[114.008155824,-2.72536945399994,0.0],[114.009017318,-2.725142984999966,0.0],[114.009284975,-2.72507262299998,0.0],[114.009786027,-2.725072622,0.0],[114.010231018,-2.725072622,0.0],[114.010231580000095,-2.725072772000012,0.0],[114.010231705,-2.725072770999932,0.0],[114.010995786000095,-2.725275541999983,0.0],[114.011124614000096,-2.725309729999914,0.0],[114.011644378,-2.72543962000001,0.0],[114.011695217,-2.725452382999967,0.0],[114.011852605000101,-2.725491892999978,0.0],[114.012314797000101,-2.725607156999983,0.0],[114.013985637,-2.726797104999938,0.0],[114.014364265000097,-2.72717704599996,0.0],[114.014951043,-2.727764373999975,0.0],[114.015046363000096,-2.727859784999955,0.0],[114.015885355,-2.728700518999974,0.0],[114.016064579,-2.728923594999946,0.0],[114.016602517,-2.72959315899993,0.0],[114.017178329000203,-2.730340924,0.0],[114.017441398000102,-2.730682430999909,0.0],[114.017609599,-2.730901598999937,0.0],[114.018921853000094,-2.732269287999931,0.0],[114.018994433000103,-2.732317357999912,0.0],[114.019494949000105,-2.732651351999928,0.0],[114.019712111000104,-2.732796128,0.0],[114.019792448000103,-2.732849682999892,0.0],[114.019814493,-2.732864379999969,0.0],[114.020066405000094,-2.733024993999928,0.0],[114.020128422000099,-2.733064387,0.0],[114.020470620000097,-2.733280659999939,0.0],[114.020794416000101,-2.733350569999968,0.0],[114.021301719,-2.733459181999962,0.0],[114.021549679,-2.733429830999932,0.0],[114.021674881000095,-2.733415009999964,0.0],[114.021906929,-2.73338754199991,0.0],[114.021999336,-2.733376602999984,0.0],[114.022009107,-2.733375445999968,0.0],[114.022026971000102,-2.733373330999973,0.0],[114.022132795000104,-2.733360805999916,0.0],[114.022132952000106,-2.733360788,0.0],[114.02221279,-2.733351336999932,0.0],[114.022308350000102,-2.733340025999975,0.0],[114.023559570000103,-2.73298335199996,0.0],[114.023561147,-2.73298275099997,0.0],[114.023561174000093,-2.73298274199991,0.0],[114.024810791,-2.732507229999974,0.0],[114.025878906000102,-2.731913328999975,0.0],[114.025896563000103,-2.73189816999996,0.0],[114.0259034850001,-2.731892224999988,0.0],[114.025974479000098,-2.73183126499992,0.0],[114.026097266000093,-2.731725831999909,0.0],[114.0261769600001,-2.731657404000023,0.0],[114.026228305,-2.731613313999932,0.0],[114.026312919,-2.731540660999936,0.0],[114.0265768820001,-2.731314006999948,0.0],[114.02671051,-2.731199265999946,0.0],[114.027366639000107,-2.730485201999917,0.0],[114.027920008,-2.729702257999984,0.0],[114.028694152000099,-2.728606939999965,0.0],[114.02887133,-2.728361772,0.0],[114.028880108000095,-2.728349625999977,0.0],[114.028884888000107,-2.72834301099997,0.0],[114.028897610000101,-2.728312983999963,0.0],[114.028922493000096,-2.728254262,0.0],[114.029705895,-2.726405359999979,0.0],[114.029716492000105,-2.726380348999928,0.0],[114.030487061,-2.723882437999945,0.0],[114.031403776,-2.72188125,0.0],[114.031440737,-2.721800566,0.0],[114.031454873,-2.721764342999933,0.0],[114.031462162,-2.721745668999966,0.0],[114.031654811000095,-2.721252090999915,0.0],[114.031974794,-2.720432280999909,0.0],[114.032455444000107,-2.718707324000031,0.0],[114.032386389000095,-2.717569072,0.0],[114.032373409000101,-2.71735511399996,0.0],[114.032368812000101,-2.717279298999902,0.0],[114.032368793000103,-2.717279009999978,0.0],[114.0323667360001,-2.717245128999932,0.0],[114.03236673,-2.717245003999922,0.0],[114.032356263000096,-2.717072486999936,0.0],[114.032342095000104,-2.716868670999959,0.0],[114.032333376000196,-2.716743231999972,0.0],[114.032063511000104,-2.716198193,0.0],[114.031921387,-2.71591114999995,0.0],[114.0312728910001,-2.715319139,0.0],[114.031204226000099,-2.715256453999957,0.0],[114.031015830000101,-2.715153904999985,0.0],[114.030990432000095,-2.71514008,0.0],[114.030548096000103,-2.714899302999902,0.0],[114.029838564000102,-2.714602232999903,0.0],[114.026596070000096,-2.713055373000013,0.0],[114.024749756,-2.71210432199994,0.0],[114.022244313000101,-2.710737238999976,0.0],[114.022143426000099,-2.710682189999938,0.0],[114.022138149000099,-2.710679309999959,0.0],[114.022132875,-2.710676433,0.0],[114.020172121000101,-2.709427357999949,0.0],[114.019188974,-2.708666026999906,0.0],[114.019163629000104,-2.708646402999901,0.0],[114.019096375000103,-2.708594322999949,0.0],[114.018801022,-2.708222823999926,0.0],[114.01815033,-2.707404375999973,0.0],[114.018134612000097,-2.707370188,0.0],[114.017494202000094,-2.705977200999934,0.0],[114.017478943,-2.705930471999984,0.0],[114.017257690000093,-2.70538211,0.0],[114.017257690000093,-2.705286979999919,0.0],[114.017257690000093,-2.704370260999929,0.0],[114.017303468,-2.704223872,0.0],[114.017555237,-2.703478336999952,0.0],[114.018089294000106,-2.702883005,0.0],[114.018870044,-2.702224906999959,0.0],[114.019218445000106,-2.701931237999922,0.0],[114.019529713000097,-2.701671245999913,0.0],[114.020286560000102,-2.701039076999985,0.0],[114.020689961,-2.700664241999986,0.0],[114.020848315000094,-2.700517102999902,0.0],[114.0211181640001,-2.700266360999939,0.0],[114.021588731,-2.699732561,0.0],[114.021957397000094,-2.699314355999947,0.0],[114.022802085000095,-2.698804308000011,0.0],[114.022812381000094,-2.698798090999937,0.0],[114.023139954000101,-2.698600293,0.0],[114.023140950000098,-2.698599447999928,0.0],[114.024202129,-2.697699353,0.0],[114.0251761090001,-2.696873221,0.0],[114.0260849000002,-2.696102381999914,0.0],[114.027931213000102,-2.694555522,0.0],[114.028474015,-2.693918724,0.0],[114.028945924,-2.693365096999989,0.0],[114.029071248000093,-2.693239056999972,0.0],[114.029655457000104,-2.692651509999939,0.0],[114.029983167,-2.69245141100001,0.0],[114.030293515000096,-2.692261912999958,0.0],[114.030303234,-2.692255977999907,0.0],[114.030397857,-2.692198201999922,0.0],[114.030433655,-2.692176342999972,0.0],[114.030434065,-2.692175868999933,0.0],[114.030681530000095,-2.691889240999918,0.0],[114.03090636,-2.691628826999954,0.0],[114.031248066000202,-2.691233043999921,0.0],[114.031974793000103,-2.690391302999979,0.0],[114.033050537,-2.688904047999925,0.0],[114.033821106,-2.68813037999996,0.0],[114.033876557000099,-2.688069419999972,0.0],[114.034183439000103,-2.687732047999956,0.0],[114.034416199,-2.687476157999926,0.0],[114.034417164,-2.687475807999897,0.0],[114.035072328000098,-2.687238215999943,0.0],[114.035719766000099,-2.687192368999967,0.0],[114.035903932000096,-2.687179326999967,0.0],[114.035905041000106,-2.68717948399998,0.0],[114.036736491000099,-2.687298059999939,0.0],[114.037422237000101,-2.687390004999912,0.0],[114.037628175,-2.68741750699997,0.0],[114.037629234000093,-2.687417790999973,0.0],[114.038350946,-2.687611074999978,0.0],[114.038984195,-2.687780706999965,0.0],[114.039177895000094,-2.687832595,0.0],[114.039948464000105,-2.688368082999923,0.0],[114.040232600000195,-2.688558378999941,0.0],[114.040307165000101,-2.688608090999958,0.0],[114.040841103000105,-2.688963175999961,0.0],[114.041497232000197,-2.689855934,0.0],[114.041627123,-2.690088396999957,0.0],[114.042862893,-2.692293764999936,0.0],[114.043290047,-2.69324145100001,0.0],[114.043694498,-2.694139360999943,0.0],[114.044411660000094,-2.695268869999974,0.0],[114.04480548,-2.696007258999937,0.0],[114.044879040000097,-2.696145477999923,0.0],[114.045008644,-2.696387996999925,0.0],[114.045142245000093,-2.696638001999927,0.0],[114.045142330000104,-2.69663815699994,0.0],[114.045365335000099,-2.697053790999937,0.0],[114.0456367620001,-2.697284736999961,0.0],[114.046003609000095,-2.69759677799994,0.0],[114.0461276300001,-2.697702052999937,0.0],[114.046311675,-2.697796026999899,0.0],[114.0466127010001,-2.697946350999907,0.0],[114.047089578,-2.698183537999987,0.0],[114.047285874000096,-2.698275498999942,0.0],[114.047421966,-2.698338618999949,0.0],[114.047860650000104,-2.69854151499993,0.0],[114.048535921000095,-2.698593118999943,0.0],[114.048536047000098,-2.698593129999944,0.0],[114.0485703370001,-2.698595388999971,0.0],[114.04861204,-2.698598937999965,0.0],[114.048623749,-2.698599832999979,0.0],[114.048931424000102,-2.698518519,0.0],[114.049256822000103,-2.698429771999937,0.0],[114.049286844000093,-2.698421955,0.0],[114.049306729,-2.698414860999943,0.0],[114.049426668,-2.698371277999974,0.0],[114.049942018,-2.698184013999927,0.0],[114.049942448,-2.698183631000015,0.0],[114.050014432,-2.698119509,0.0],[114.050426593000097,-2.697752366999944,0.0],[114.050444072,-2.697736796999974,0.0],[114.050535756,-2.697655127999952,0.0],[114.050743103000102,-2.697470427999937,0.0],[114.052116394000095,-2.696399450999913,0.0],[114.052284283000105,-2.696262266,0.0],[114.053718569000097,-2.695090293999927,0.0],[114.055206369000103,-2.693776098999903,0.0],[114.055267334,-2.693722247999963,0.0],[114.055691269,-2.69324652499997,0.0],[114.056274414,-2.692592143999923,0.0],[114.058120728,-2.690926313999942,0.0],[114.059115790000106,-2.689965485999919,0.0],[114.059783936,-2.689320326,0.0],[114.059795193,-2.689312308999972,0.0],[114.059855532,-2.689269336999953,0.0],[114.05986584,-2.689261995999965,0.0],[114.061454773000094,-2.68813037899998,0.0],[114.061789474000093,-2.687826506999957,0.0],[114.061889649,-2.687735558999966,0.0],[114.0621109020001,-2.687536241,0.0],[114.062368062,-2.68679859799992,0.0],[114.06240082,-2.686704635999939,0.0],[114.062461853,-2.685989141999892,0.0],[114.062423707000093,-2.685892104999956,0.0],[114.062226336000094,-2.685362433,0.0],[114.061927795000102,-2.684561252999973,0.0],[114.061422043000107,-2.683501313999923,0.0],[114.061402229,-2.683459794999985,0.0],[114.0612182630001,-2.683074236999938,0.0],[114.061181515,-2.683035769999973,0.0],[114.061059744000104,-2.682908304999978,0.0],[114.060837079000095,-2.682675224999977,0.0],[114.060784947000101,-2.682620654999899,0.0],[114.060484366000097,-2.682306017999985,0.0],[114.060081483000104,-2.68188429,0.0],[114.058326722000103,-2.680338383,0.0],[114.056190491000095,-2.678494454,0.0],[114.054107668,-2.676769256999905,0.0],[114.053215027000107,-2.676055669999935,0.0],[114.051727295,-2.675281285999971,0.0],[114.050178529000107,-2.674746274999928,0.0],[114.048095703000101,-2.673973560999943,0.0],[114.046791078000098,-2.673616408999968,0.0],[114.045417788,-2.67331838699991,0.0],[114.044174194000107,-2.67331838699991,0.0],[114.042449951000094,-2.672842026999944,0.0],[114.042276805999904,-2.67280973599995,0.0],[114.041947491000101,-2.672748317999925,0.0],[114.041496278000096,-2.672664165999976,0.0],[114.04006958,-2.67218828299995,0.0],[114.039352419,-2.671355247999949,0.0],[114.038047791000096,-2.66951131799996,0.0],[114.037269593,-2.668083190999941,0.0],[114.037231445000103,-2.667910337999928,0.0],[114.036766281,-2.665661699999926,0.0],[114.036590576000094,-2.664812326999912,0.0],[114.036567689000094,-2.664644479999974,0.0],[114.036109926000094,-2.661302805999981,0.0],[114.036087036,-2.661128997999989,0.0],[114.036014304,-2.660654118999966,0.0],[114.035917394,-2.660021422999894,0.0],[114.03578186,-2.65913653499996,0.0],[114.035774231,-2.659089327999971,0.0],[114.035690308000099,-2.658566952999915,0.0],[114.035697937,-2.656424285,0.0],[114.035644531000102,-2.655864477999952,0.0],[114.035507203000094,-2.654370786000024,0.0],[114.035499573,-2.65432334,0.0],[114.035400391000096,-2.653271436999911,0.0],[114.035308838000105,-2.651130437999942,0.0],[114.035606385,-2.649226427999958,0.0],[114.035618267,-2.64918780899998,0.0],[114.035704842000101,-2.648906438999981,0.0],[114.035858154,-2.648408174999961,0.0],[114.036079407000102,-2.647680283999927,0.0],[114.036972046000102,-2.646728277999955,0.0],[114.037864686,-2.646073102999942,0.0],[114.038293076000102,-2.645879455999987,0.0],[114.038520815000098,-2.645776510999982,0.0],[114.038703019,-2.645760090999962,0.0],[114.038778868,-2.645753256,0.0],[114.039022038,-2.645731341999982,0.0],[114.039176941000093,-2.645717382999986,0.0],[114.040655195000099,-2.645064372999932,0.0],[114.041198731,-2.64482426599997,0.0],[114.043318103000104,-2.644101913999974,0.0],[114.043815615000099,-2.643932343999973,0.0],[114.044146609000094,-2.643786843999945,0.0],[114.045090933000097,-2.643371733999971,0.0],[114.045303345000093,-2.643278360999979,0.0],[114.045830087,-2.643006759999968,0.0],[114.046263077,-2.642783498999961,0.0],[114.046984476,-2.642411528,0.0],[114.047088641000101,-2.642357818999932,0.0],[114.047149659000098,-2.642326354999966,0.0],[114.047157887,-2.642323171999983,0.0],[114.047454810000204,-2.642208335,0.0],[114.047920228000095,-2.642028332999928,0.0],[114.047926899000103,-2.642020477,0.0],[114.0480752980001,-2.641845708999906,0.0],[114.048298600000095,-2.641582727999909,0.0],[114.048576357000101,-2.641255617999942,0.0],[114.049407960000096,-2.640541076999974,0.0],[114.05017853,-2.639946460999956,0.0],[114.050499212000105,-2.639657758999909,0.0],[114.050537109000103,-2.639623641999924,0.0],[114.050773623,-2.639411448999933,0.0],[114.050819661000105,-2.639273944999927,0.0],[114.050833234,-2.63923340499995,0.0],[114.050903033000097,-2.639024936999927,0.0],[114.051132202000105,-2.638340472999969,0.0],[114.051216301000096,-2.638149625999966,0.0],[114.051257171000103,-2.638056878999946,0.0],[114.051445389,-2.637629753999957,0.0],[114.051551819000096,-2.637388229999977,0.0],[114.051753736,-2.636526023999941,0.0],[114.051848417000102,-2.636121733999963,0.0],[114.051872253,-2.636019945999974,0.0],[114.052032471000103,-2.635068178999942,0.0],[114.052116394000095,-2.634593247999895,0.0],[114.0520782480001,-2.634426117,0.0],[114.052077918,-2.63442460899997,0.0],[114.051861657,-2.634625114999953,0.0],[114.051791855,-2.634682398999897,0.0],[114.051696508000106,-2.634760646999976,0.0],[114.051508648000095,-2.634914817999943,0.0],[114.051290963,-2.635093464999976,0.0],[114.051266848000097,-2.635110858999916,0.0],[114.051094586000104,-2.635235098999964,0.0],[114.050694236,-2.63552161699997,0.0],[114.050069124,-2.635910428999986,0.0],[114.049935641,-2.63598185399994,0.0],[114.049420220000101,-2.636257542999949,0.0],[114.049197431,-2.636358299999932,0.0],[114.048749475,-2.636560884999988,0.0],[114.048472490000094,-2.63666524799991,0.0],[114.048061954000104,-2.636819928999918,0.0],[114.047810185000102,-2.636895767999898,0.0],[114.047357221,-2.637032213999897,0.0],[114.046797097000095,-2.637162728999944,0.0],[114.046640597000106,-2.637199192999964,0.0],[114.046170832,-2.637281458000016,0.0],[114.045835282000098,-2.63733295,0.0],[114.045499637,-2.637384454999985,0.0],[114.045244325000098,-2.637420640999981,0.0],[114.044701578000101,-2.63747266999993,0.0],[114.044700623000097,-2.637472765999938,0.0],[114.044700623000097,-2.637429952999952,0.0],[114.043327332000104,-2.636595247999913,0.0],[114.043098450000102,-2.634453296999946,0.0],[114.043937683000095,-2.633380173999964,0.0],[114.043632507000098,-2.631021023,0.0],[114.042564392,-2.627820014999906,0.0],[114.040428162000097,-2.626974582999959,0.0],[114.039542667000106,-2.626975703999952,0.0],[114.039542014,-2.626975703999952,0.0],[114.037979126000096,-2.626977681999936,0.0],[114.03690338,-2.626216172999898,0.0],[114.036445618,-2.624841688999962,0.0],[114.036674500000203,-2.623550176999936,0.0],[114.0368580600001,-2.622951066999946,0.0],[114.036858156000093,-2.62295075799992,0.0],[114.037399293,-2.621184586999949,0.0],[114.037399293,-2.620373560999931,0.0],[114.037275971000099,-2.620385395999931,0.0],[114.036488846000097,-2.619284977999909,0.0],[114.03614274,-2.619025397000034,0.0],[114.036157530000096,-2.618605520999926,0.0],[114.036258076000095,-2.615750956999909,0.0],[114.036276564000104,-2.615664844999979,0.0],[114.036279507,-2.615661830999989,0.0],[114.036394869000105,-2.615542277999929,0.0],[114.036424795,-2.615511101999948,0.0],[114.036899243000093,-2.615066630999943,0.0],[114.036962500000101,-2.615007369999915,0.0],[114.037362341000104,-2.614679417999959,0.0],[114.037486683000097,-2.6145767809999,0.0],[114.037531275000106,-2.614539972999972,0.0],[114.037683836,-2.614429971999923,0.0],[114.037802042000095,-2.61434564499996,0.0],[114.038124054,-2.614115056999906,0.0],[114.038755188000096,-2.613721927999952,0.0],[114.038945487000106,-2.613620642999925,0.0],[114.039260334,-2.613451886999911,0.0],[114.039403894000102,-2.613374936999939,0.0],[114.039796061,-2.613197576999933,0.0],[114.040074627000095,-2.61307159299998,0.0],[114.040179389000102,-2.613032121999912,0.0],[114.040762138,-2.61281254499995,0.0],[114.041212979000093,-2.612676733999904,0.0],[114.041466862000107,-2.612600255999971,0.0],[114.042183476000105,-2.612434223,0.0],[114.042538616000101,-2.612375733999959,0.0],[114.042908539000095,-2.612314805999973,0.0],[114.043638591000104,-2.612244167,0.0],[114.044149716000106,-2.612229076999915,0.0],[114.044373978000095,-2.612222455999906,0.0],[114.0446208850001,-2.612230970999971,0.0],[114.045109305000096,-2.612247812999946,0.0],[114.045839189000105,-2.612322090999957,0.0],[114.046563973,-2.612444175999946,0.0],[114.047280194000095,-2.612613809999933,0.0],[114.047982509,-2.612829673999948,0.0],[114.048665788000093,-2.613090873999957,0.0],[114.049337529,-2.613398139999981,0.0],[114.049985423000095,-2.613748574999959,0.0],[114.050607891000098,-2.614139948999907,0.0],[114.051205513,-2.614572377999915,0.0],[114.051771286000104,-2.615042076999949,0.0],[114.052307811000105,-2.615548990999965,0.0],[114.052808223000099,-2.616089179,0.0],[114.053273352,-2.616661477,0.0],[114.053700297,-2.617263711,0.0],[114.053788228,-2.61740686799997,0.0],[114.054086240000103,-2.617891729999919,0.0],[114.054156626,-2.618025447999972,0.0],[114.054215888,-2.618138032999955,0.0],[114.054252387,-2.618207372999937,0.0],[114.054292923,-2.618284304999967,0.0],[114.054660439,-2.618264947999904,0.0],[114.055236817,-2.618234157999915,0.0],[114.055550598000096,-2.618263400999956,0.0],[114.057792665000093,-2.618472338999918,0.0],[114.059753420000106,-2.618888617999968,0.0],[114.059759648,-2.618889257999941,0.0],[114.060140920000094,-2.618927617999938,0.0],[114.061314142,-2.619047426999979,0.0],[114.061726478000097,-2.619089533999985,0.0],[114.061784450000104,-2.619095453999956,0.0],[114.061814125000097,-2.619098833999975,0.0],[114.062081338000098,-2.619125843999972,0.0],[114.062498323000099,-2.619125843999972,0.0],[114.062867156000095,-2.619125843999972,0.0],[114.063210487000106,-2.619125843999972,0.0],[114.063828413,-2.619030461999974,0.0],[114.063848351000104,-2.619027427999923,0.0],[114.063968692000103,-2.619009112,0.0],[114.063976327000105,-2.619007933,0.0],[114.063980103,-2.61900734999994,0.0],[114.064111842,-2.618861405999955,0.0],[114.064132690000093,-2.618838310999902,0.0],[114.06451416,-2.618412256999902,0.0],[114.0645980850001,-2.618026257999959,0.0],[114.064697266000096,-2.617579459999921,0.0],[114.064659119000098,-2.617452622,0.0],[114.064604396000107,-2.61727621099997,0.0],[114.06451416,-2.616985320999983,0.0],[114.0641923230001,-2.616488129999972,0.0],[114.063743591000105,-2.615794897999988,0.0],[114.063197873,-2.615209203999909,0.0],[114.063197677000105,-2.615208993,0.0],[114.062996051,-2.614992598999952,0.0],[114.062080383000094,-2.614009857999975,0.0],[114.060348511,-2.612464427999923,0.0],[114.05886841,-2.610798359999942,0.0],[114.057022095000093,-2.60883569799998,0.0],[114.055534364000096,-2.606812239999985,0.0],[114.055313112,-2.606397152999913,0.0],[114.0551147460001,-2.606039286999959,0.0],[114.0551147460001,-2.605928183999939,0.0],[114.0551147460001,-2.605736917999901,0.0],[114.0551147460001,-2.605563163999933,0.0],[114.055679323,-2.604314327999901,0.0],[114.056159974,-2.603163003999924,0.0],[114.05645212,-2.602453036999974,0.0],[114.056518556,-2.602291584999965,0.0],[114.056857113000106,-2.601914712999938,0.0],[114.057586671000095,-2.601102591999989,0.0],[114.057984883,-2.600456605,0.0],[114.058357239000102,-2.599852562999918,0.0],[114.058693807000097,-2.599461692000011,0.0],[114.059373382000103,-2.598672467,0.0],[114.059423564000099,-2.598614189999973,0.0],[114.059432983000093,-2.598603249999947,0.0],[114.059465011,-2.598569154999983,0.0],[114.059800872000096,-2.598211621999977,0.0],[114.060020447,-2.597977877999902,0.0],[114.060116499000102,-2.597875072999929,0.0],[114.060325623,-2.597651243999954,0.0],[114.060410965000102,-2.597362114999933,0.0],[114.060568295000095,-2.596829098999955,0.0],[114.060592701,-2.596746407999968,0.0],[114.060676576000105,-2.596462249999918,0.0],[114.060700934,-2.59640008199991,0.0],[114.060734906000107,-2.59631337799993,0.0],[114.060762554,-2.596242812999947,0.0],[114.060771166000094,-2.596220827999927,0.0],[114.061096191,-2.595391273999914,0.0],[114.0612640370002,-2.59453368299996,0.0],[114.0612182630001,-2.593725442999952,0.0],[114.061195375,-2.59356117299995,0.0],[114.061047666,-2.592631379999937,0.0],[114.061019904000105,-2.592456627999946,0.0],[114.060966494000098,-2.592120408999925,0.0],[114.060907540000102,-2.592019922999944,0.0],[114.060880684,-2.591974145999894,0.0],[114.060798645000105,-2.591834306999974,0.0],[114.060585024,-2.591481209999895,0.0],[114.059906006,-2.590692282999987,0.0],[114.0590744040001,-2.590037346999954,0.0],[114.058904882000107,-2.58997377599997,0.0],[114.057647707,-2.589502335999931,0.0],[114.055267334,-2.588907242000014,0.0],[114.053718569000097,-2.58866953799995,0.0],[114.0524673460001,-2.588372230999971,0.0],[114.051071168,-2.58753943499997,0.0],[114.049583436,-2.586290359,0.0],[114.047920228000095,-2.584802389999905,0.0],[114.045837402000103,-2.582958461,0.0],[114.0439300540001,-2.581114531999966,0.0],[114.043616083,-2.580650087999967,0.0],[114.043045044000095,-2.579805374999979,0.0],[114.042671204,-2.578891277999926,0.0],[114.042625428000093,-2.578794241,0.0],[114.042625429000097,-2.578701973,0.0],[114.042625428000093,-2.577976464999914,0.0],[114.042625428000093,-2.577783347,0.0],[114.043457032000106,-2.576415300999959,0.0],[114.043628056000102,-2.576274897,0.0],[114.044224243,-2.575785450999923,0.0],[114.044471741000095,-2.575582266999978,0.0],[114.045478822000106,-2.574749231999958,0.0],[114.046791077000094,-2.573976278999972,0.0],[114.047024946000107,-2.57386526899992,0.0],[114.047453434000104,-2.573661881999978,0.0],[114.047920228000095,-2.573440313999951,0.0],[114.049285889000103,-2.572786332000017,0.0],[114.0497867200001,-2.572545948999931,0.0],[114.050035620000102,-2.572426484999899,0.0],[114.050274004,-2.572312067999944,0.0],[114.050773622000094,-2.572072267999908,0.0],[114.0518111250001,-2.571620773999941,0.0],[114.052413940000093,-2.571358442999978,0.0],[114.052414374,-2.571358324999968,0.0],[114.053891451,-2.570958925999975,0.0],[114.054611206000104,-2.570764302999939,0.0],[114.056282243000098,-2.570000515999913,0.0],[114.056694031,-2.569812297999967,0.0],[114.056752389000096,-2.569782077999945,0.0],[114.0583917350001,-2.568933163999949,0.0],[114.058418275,-2.568919420999971,0.0],[114.058418624000097,-2.568919069999962,0.0],[114.058634122,-2.568702466999986,0.0],[114.058756864000102,-2.56857909899997,0.0],[114.058826874,-2.568508731999943,0.0],[114.058837891,-2.568497657999986,0.0],[114.058857939,-2.568477692999953,0.0],[114.059249879,-2.568087338999949,0.0],[114.059371948,-2.56737327699994,0.0],[114.059333802000097,-2.567213058999933,0.0],[114.059265137000097,-2.566908836999962,0.0],[114.059020997000104,-2.565884112999928,0.0],[114.058982849000103,-2.565720320999965,0.0],[114.058857937000099,-2.565229621999952,0.0],[114.058846525,-2.565184789999959,0.0],[114.058540344000093,-2.563982009999941,0.0],[114.057823181000103,-2.563209295999935,0.0],[114.057240669000095,-2.562865222,0.0],[114.056816103000102,-2.562614441999918,0.0],[114.055503845000104,-2.561603069999909,0.0],[114.053840637,-2.560115336999935,0.0],[114.052528382000105,-2.558747291999972,0.0],[114.051940918000099,-2.557440757999963,0.0],[114.051918031,-2.557312011999961,0.0],[114.0518524700001,-2.556648533999941,0.0],[114.051818848000096,-2.556308270999945,0.0],[114.052200317,-2.554940224999902,0.0],[114.052742005,-2.553556919999955,0.0],[114.052856445000103,-2.55327439399994,0.0],[114.053871157000202,-2.551371335999955,0.0],[114.054763794000095,-2.550419331999962,0.0],[114.055709839000102,-2.549943446999956,0.0],[114.056199988000103,-2.54985014299993,0.0],[114.056961062,-2.549705266999953,0.0],[114.057975769000095,-2.549705266999953,0.0],[114.057976750000094,-2.549705421999966,0.0],[114.059456826000101,-2.549942732999957,0.0],[114.059754854,-2.550007520999922,0.0],[114.060830118,-2.550241350999984,0.0],[114.062081337000095,-2.550836444999922,0.0],[114.06332493,-2.551370978999925,0.0],[114.064339638000106,-2.551609158999928,0.0],[114.064576973000101,-2.551668433999936,0.0],[114.064836208000102,-2.551733410999897,0.0],[114.065242800000107,-2.551834854999917,0.0],[114.065293041,-2.551847186999958,0.0],[114.065469891,-2.551838675999893,0.0],[114.065559912,-2.551834343999895,0.0],[114.065970859000103,-2.551814569999957,0.0],[114.066346914000107,-2.551796473999959,0.0],[114.066535950000102,-2.551787375999905,0.0],[114.067322708,-2.551700367,0.0],[114.067611694000107,-2.551668406999934,0.0],[114.067611760000105,-2.551668374999931,0.0],[114.067905007,-2.551521664999963,0.0],[114.068107832,-2.5514201949999,0.0],[114.068443298,-2.551252365999963,0.0],[114.068583206000099,-2.551000582,0.0],[114.068722538000102,-2.550749825999949,0.0],[114.069038391,-2.550181388999899,0.0],[114.069633484000093,-2.549348354,0.0],[114.070129396,-2.548502445999892,0.0],[114.070640566000094,-2.547623395999921,0.0],[114.070663453000094,-2.546880959999962,0.0],[114.070701599,-2.545779228,0.0],[114.070663453000094,-2.545617580999966,0.0],[114.070350649,-2.544290304999919,0.0],[114.069972093000104,-2.543423015999982,0.0],[114.069925871,-2.543317119999953,0.0],[114.069877008,-2.543205172999903,0.0],[114.069726973000101,-2.542861435,0.0],[114.069572449000106,-2.542507409999923,0.0],[114.068690311000097,-2.541795969999932,0.0],[114.068023682000103,-2.541258334999952,0.0],[114.06615448,-2.540187359999968,0.0],[114.064964294000106,-2.539533377999954,0.0],[114.063240053000101,-2.5384624,0.0],[114.062225342,-2.537630320999968,0.0],[114.061393738000106,-2.536559344,0.0],[114.060264587,-2.535012006999955,0.0],[114.060104370000104,-2.534595490999945,0.0],[114.059946716000098,-2.534170088999939,0.0],[114.059906006,-2.534060240999982,0.0],[114.05991925,-2.533916217999976,0.0],[114.059997561000102,-2.533064604999937,0.0],[114.0600230350001,-2.532803866999946,0.0],[114.060028076000094,-2.532752274999954,0.0],[114.0600558000001,-2.53271067799997,0.0],[114.060623169000195,-2.531859397999958,0.0],[114.060974122,-2.531086445999953,0.0],[114.061569214000102,-2.530313253999927,0.0],[114.062347413000097,-2.529658318999934,0.0],[114.063165042,-2.529098615999967,0.0],[114.063476564000098,-2.528885365999909,0.0],[114.063558047,-2.528860542999913,0.0],[114.064787366,-2.528486035999922,0.0],[114.064842225,-2.528469324999938,0.0],[114.065142144000106,-2.528363467,0.0],[114.066864015000107,-2.527755736999988,0.0],[114.067027102000097,-2.527747875999957,0.0],[114.068086363,-2.527696808999988,0.0],[114.068115234000103,-2.527695416999953,0.0],[114.069419861,-2.527695416999953,0.0],[114.069839333,-2.527611724999963,0.0],[114.069974502,-2.52758475599995,0.0],[114.070312500000099,-2.527517319999966,0.0],[114.070542000000103,-2.527464514999953,0.0],[114.070894829000096,-2.527383332999911,0.0],[114.070911291,-2.527379546999957,0.0],[114.071041012999899,-2.527349698999966,0.0],[114.0710907,-2.527338266999979,0.0],[114.071484115000104,-2.527117561999943,0.0],[114.072044373,-2.526803254999956,0.0],[114.072044653,-2.526802990999935,0.0],[114.072990419,-2.525911330999979,0.0],[114.073028564000097,-2.525857687999977,0.0],[114.073471070000195,-2.52519726899993,0.0],[114.073554993000101,-2.524769546,0.0],[114.07358551,-2.524602176,0.0],[114.073574608000101,-2.524420046999951,0.0],[114.073556600000103,-2.52411921499992,0.0],[114.073532106,-2.523710011999976,0.0],[114.073243435000094,-2.523239712,0.0],[114.073020935,-2.522877217,0.0],[114.072731904000094,-2.522319040999914,0.0],[114.072189331000104,-2.521271229999988,0.0],[114.071060181000107,-2.519605398999907,0.0],[114.0703618900001,-2.519022139999969,0.0],[114.070361752000096,-2.519022022999959,0.0],[114.070139841,-2.518836669999891,0.0],[114.069992065000093,-2.51871323699991,0.0],[114.069675531,-2.518312580999973,0.0],[114.069495409000098,-2.518084587999934,0.0],[114.069099426000093,-2.51758337099995,0.0],[114.068809509000104,-2.516939640999984,0.0],[114.0687757070001,-2.516865962999923,0.0],[114.068761889,-2.51683584699993,0.0],[114.068504333000106,-2.516274451999923,0.0],[114.068531113000105,-2.515997356999917,0.0],[114.068572998000107,-2.51556396599995,0.0],[114.068618775,-2.515084266999927,0.0],[114.069213869000095,-2.514370441999938,0.0],[114.069869995000104,-2.513716459999924,0.0],[114.070039283,-2.51364334800001,0.0],[114.071535770000096,-2.512997051,0.0],[114.072074892,-2.512764214999912,0.0],[114.074508668,-2.511396407999908,0.0],[114.074893936000095,-2.511209848,0.0],[114.076217651000107,-2.510568857999922,0.0],[114.07635498,-2.510504246999972,0.0],[114.076411027,-2.510383246999912,0.0],[114.076459378000095,-2.510278861999988,0.0],[114.076615159000198,-2.509942547999939,0.0],[114.076713562,-2.509730100999967,0.0],[114.0767745980001,-2.509229183999908,0.0],[114.076828003000102,-2.50883865500001,0.0],[114.076789856,-2.508756161999939,0.0],[114.07635498,-2.507886887999937,0.0],[114.075698855,-2.507529496999943,0.0],[114.074928284000094,-2.507529496999943,0.0],[114.074211122000094,-2.50770831099993,0.0],[114.073173523,-2.507647991999895,0.0],[114.072748902,-2.507765905999979,0.0],[114.072713274000094,-2.507776109999924,0.0],[114.071030619000098,-2.508243441999982,0.0],[114.069840433000095,-2.508600116999977,0.0],[114.069519447,-2.508617094999983,0.0],[114.068710327000105,-2.508660316,0.0],[114.067443527,-2.508449044,0.0],[114.067284427000104,-2.50842250899995,0.0],[114.06728363,-2.508422374999959,0.0],[114.065856934000095,-2.507827281999901,0.0],[114.064842225,-2.507053374999917,0.0],[114.0632934570001,-2.505209446999948,0.0],[114.061927795000102,-2.503127337999955,0.0],[114.060409546000102,-2.501402377999957,0.0],[114.059841385,-2.500526807,0.0],[114.059753420000106,-2.500391245999969,0.0],[114.059322584,-2.500072329999961,0.0],[114.059288611,-2.500047182999938,0.0],[114.058911599000098,-2.499768109999929,0.0],[114.058387756000101,-2.49938035100002,0.0],[114.057912512,-2.498793206999921,0.0],[114.057617187,-2.498428346000028,0.0],[114.056895277000095,-2.497923258999983,0.0],[114.055831911,-2.497179270999956,0.0],[114.054702760000097,-2.496346235999956,0.0],[114.053329470000094,-2.495513678999914,0.0],[114.0524195280002,-2.495197648999945,0.0],[114.05178833,-2.494978428999932,0.0],[114.049942019,-2.494502067999946,0.0],[114.048702945000102,-2.494272861999927,0.0],[114.048332214000098,-2.494204284,0.0],[114.0479709130001,-2.494094217999954,0.0],[114.047908491,-2.494075198999979,0.0],[114.047794082000095,-2.494040344999953,0.0],[114.046966553,-2.493788242999957,0.0],[114.045417787,-2.493134260999943,0.0],[114.044174194000107,-2.492300987,0.0],[114.042922976000199,-2.491290331999954,0.0],[114.042091371000097,-2.490040301999923,0.0],[114.041557313000098,-2.488791226999951,0.0],[114.041427611999893,-2.488328694999951,0.0],[114.041259767000099,-2.487720012999968,0.0],[114.041374207000104,-2.486531257999931,0.0],[114.041450500000096,-2.486325501999933,0.0],[114.041473391,-2.486261606999982,0.0],[114.041732788000104,-2.485579252999939,0.0],[114.042388006,-2.484744978000015,0.0],[114.042480469000097,-2.484627246999926,0.0],[114.042731602000103,-2.484465608999902,0.0],[114.043312073,-2.484091996999984,0.0],[114.043960570000095,-2.483437061999971,0.0],[114.044853210000099,-2.482545376,0.0],[114.045066833000106,-2.482219218999906,0.0],[114.045498579000096,-2.481550897999965,0.0],[114.045505667,-2.481539927999936,0.0],[114.045509338000102,-2.481534242999905,0.0],[114.045514080000103,-2.481511145999953,0.0],[114.045529110000103,-2.48143793299993,0.0],[114.045631411000102,-2.480939627999927,0.0],[114.045509338000102,-2.479273318999986,0.0],[114.045631410000098,-2.478191853999934,0.0],[114.045692444000196,-2.477608442999983,0.0],[114.045916256,-2.477382408999946,0.0],[114.045969820000096,-2.477328312999907,0.0],[114.046340943,-2.476953507,0.0],[114.047058105,-2.476358414999933,0.0],[114.048065187,-2.475764275,0.0],[114.048291307000198,-2.475624414999973,0.0],[114.049316406000102,-2.474990369,0.0],[114.050109559,-2.474347320999901,0.0],[114.050270081,-2.474217176999964,0.0],[114.050827402000095,-2.473734582000022,0.0],[114.051162721000097,-2.473444223999959,0.0],[114.051994325,-2.472373247999915,0.0],[114.052124023,-2.472143411999983,0.0],[114.052186324000104,-2.472030809999979,0.0],[114.052209774000104,-2.471988423999969,0.0],[114.052258073000104,-2.471901130999921,0.0],[114.052392114000099,-2.47165887299994,0.0],[114.052589418999901,-2.471302271999911,0.0],[114.052886965000098,-2.470112324999976,0.0],[114.052967225000103,-2.46957601,0.0],[114.053038468000096,-2.469099946999964,0.0],[114.053065546000099,-2.468919018999922,0.0],[114.053140275000104,-2.468419659999912,0.0],[114.053153992,-2.468327998999942,0.0],[114.053298950000197,-2.467108488999938,0.0],[114.053329470000094,-2.466841459999947,0.0],[114.053810121000097,-2.466067552999962,0.0],[114.054637,-2.465397159999929,0.0],[114.054704359000098,-2.465342548999927,0.0],[114.054763794000095,-2.465294361999957,0.0],[114.054764772000098,-2.465294237999927,0.0],[114.054817013,-2.465287603000017,0.0],[114.055061294000097,-2.465256574999928,0.0],[114.055202267000098,-2.465238668999945,0.0],[114.055236817,-2.465234280999942,0.0],[114.055664063000094,-2.464902878999959,0.0],[114.056007386000104,-2.464640379999943,0.0],[114.056081627,-2.464316803999969,0.0],[114.056251526000096,-2.463576317999971,0.0],[114.056265933000105,-2.463510269999942,0.0],[114.056304933000106,-2.463331461999896,0.0],[114.056303252,-2.463328360999979,0.0],[114.056259155,-2.463247060999927,0.0],[114.055770875,-2.462379456999904,0.0],[114.054817200000102,-2.461665391999894,0.0],[114.054020457000107,-2.460963824,0.0],[114.053871156,-2.460832357999974,0.0],[114.052558899,-2.460059166999948,0.0],[114.051193237,-2.45916748,0.0],[114.049285889000103,-2.457858324000024,0.0],[114.048332214000098,-2.456906318999932,0.0],[114.047798157000102,-2.456252337,0.0],[114.047357892,-2.455615133999933,0.0],[114.047264099,-2.455479383999912,0.0],[114.04649353,-2.45464635,0.0],[114.045776369,-2.45411038499997,0.0],[114.045256395,-2.454030739999955,0.0],[114.045164943,-2.454016732999955,0.0],[114.045025420000101,-2.453995360999945,0.0],[114.044227601000102,-2.453873158999986,0.0],[114.043042993,-2.453827158999977,0.0],[114.042687514,-2.453813356000014,0.0],[114.042686464000099,-2.453813313999911,0.0],[114.042056149,-2.453328528999947,0.0],[114.041596895000097,-2.452975307999938,0.0],[114.041526794000106,-2.452921391999914,0.0],[114.041492177,-2.452862484000016,0.0],[114.041107180000097,-2.452207326999905,0.0],[114.040573122000097,-2.450898408999957,0.0],[114.040557861,-2.450782537999963,0.0],[114.040512086,-2.450392723999963,0.0],[114.040490009000095,-2.450215338999935,0.0],[114.040477399000096,-2.450114003999964,0.0],[114.040390015000099,-2.449411869999982,0.0],[114.040374756,-2.449249506999958,0.0],[114.040328978000105,-2.44893264899994,0.0],[114.040162302000098,-2.447803377999949,0.0],[114.040156074,-2.447761165,0.0],[114.040154563000101,-2.447750935999946,0.0],[114.040092468,-2.447330235999949,0.0],[114.039260864000099,-2.445425033999986,0.0],[114.039039559000102,-2.445129382999944,0.0],[114.038192749,-2.443998097999946,0.0],[114.03742218,-2.44286728,0.0],[114.037391665000101,-2.442711829999915,0.0],[114.037344152000102,-2.442473388999891,0.0],[114.037286422000093,-2.44218368,0.0],[114.037185670000099,-2.441678048,0.0],[114.037173212000098,-2.441635449999944,0.0],[114.037169256000098,-2.441621916999983,0.0],[114.037163178,-2.441601124999941,0.0],[114.037163136000103,-2.44160098799995,0.0],[114.037152254000105,-2.441563768999968,0.0],[114.036872865000106,-2.440608263999966,0.0],[114.036766052000104,-2.440250397999932,0.0],[114.036598215000097,-2.439043228999971,0.0],[114.036575318,-2.438878535999913,0.0],[114.036529541,-2.438525200999915,0.0],[114.036499025,-2.438373089999939,0.0],[114.0364726950001,-2.438240320999965,0.0],[114.035903932000096,-2.435372352999898,0.0],[114.035799028,-2.434970863999972,0.0],[114.035673141000103,-2.434489056999916,0.0],[114.035484314000101,-2.433766364999972,0.0],[114.035418760000098,-2.433591622999902,0.0],[114.035408020000105,-2.433562993999951,0.0],[114.03516388,-2.432910680999956,0.0],[114.034950256000101,-2.432338476999973,0.0],[114.034847826,-2.432096673999951,0.0],[114.034118652000103,-2.430375338999973,0.0],[114.033875958000095,-2.429981930999936,0.0],[114.033452190000105,-2.429295001999954,0.0],[114.03316498,-2.428829432999982,0.0],[114.032333375,-2.427104234999944,0.0],[114.031860352000095,-2.425497293999959,0.0],[114.031628625,-2.424802667999959,0.0],[114.031265261,-2.423713446999984,0.0],[114.031092491000095,-2.423086596,0.0],[114.031030919,-2.422863196999978,0.0],[114.031030913000095,-2.422863167999956,0.0],[114.031030830000105,-2.422862873999951,0.0],[114.030880569,-2.422317683999946,0.0],[114.030609132000095,-2.421332837,0.0],[114.030586245000094,-2.421174526999945,0.0],[114.030433654,-2.420240878999973,0.0],[114.030293789,-2.419353153999984,0.0],[114.030212404000096,-2.418836594999969,0.0],[114.0302255470001,-2.418449152999946,0.0],[114.030281066,-2.416812658999934,0.0],[114.030364990000095,-2.416219711999894,0.0],[114.030400135000093,-2.415998965,0.0],[114.030401922,-2.415987732999985,0.0],[114.030403137000107,-2.415980101999973,0.0],[114.030371667000097,-2.415890412,0.0],[114.030364992000102,-2.41587138299993,0.0],[114.030356831000105,-2.415847404,0.0],[114.030158998,-2.415266036999943,0.0],[114.029747009,-2.413957357999916,0.0],[114.029273987,-2.412886381999952,0.0],[114.028732300000101,-2.411816359999968,0.0],[114.028312131,-2.411264627999961,0.0],[114.028093965,-2.410978148999978,0.0],[114.027961733000097,-2.4108045099999,0.0],[114.027069092,-2.409793615999951,0.0],[114.026535035,-2.408841372999939,0.0],[114.0262756340001,-2.408324241999957,0.0],[114.026176453000105,-2.40812730899993,0.0],[114.026161194000096,-2.40800714499992,0.0],[114.026040112,-2.406973983999967,0.0],[114.026000978000098,-2.406640053999956,0.0],[114.025970459000106,-2.406483411999965,0.0],[114.025581360000103,-2.404439687999971,0.0],[114.025566101000194,-2.403954028999955,0.0],[114.025489807000099,-2.40134620799993,0.0],[114.02584839,-2.399383306999929,0.0],[114.026329041000096,-2.397836446999939,0.0],[114.026464439000094,-2.397425948999987,0.0],[114.026530069000103,-2.397226971999971,0.0],[114.026549184,-2.397169016999952,0.0],[114.02674103,-2.396587372999908,0.0],[114.026904446000103,-2.395559911999947,0.0],[114.026977541000093,-2.395100354999953,0.0],[114.027259829,-2.394496202999965,0.0],[114.027297766000103,-2.394413943000013,0.0],[114.027377028,-2.394242079,0.0],[114.027694702,-2.393553257999943,0.0],[114.028224647000101,-2.392883558999948,0.0],[114.028320315000101,-2.392762661999976,0.0],[114.028350831,-2.392720461999942,0.0],[114.028429771000106,-2.392591427999937,0.0],[114.028676528,-2.392188084999958,0.0],[114.028823853000105,-2.391947268999937,0.0],[114.028865856,-2.391169736999892,0.0],[114.028871086000095,-2.391072918999975,0.0],[114.028874705000106,-2.391005927,0.0],[114.028882732,-2.390857327999902,0.0],[114.028884889000096,-2.390817403999956,0.0],[114.028837172000095,-2.390429960999974,0.0],[114.028826301,-2.390341693999944,0.0],[114.028804047000094,-2.390160991999921,0.0],[114.028768221000107,-2.389870088999912,0.0],[114.028701784000106,-2.389330626999961,0.0],[114.028617859000093,-2.388556957999897,0.0],[114.028610229,-2.388492583999986,0.0],[114.028586372,-2.388273866999915,0.0],[114.028526306000103,-2.387723206999937,0.0],[114.028254288000099,-2.386902626999907,0.0],[114.028053284000094,-2.386296273,0.0],[114.028035086,-2.386203716999973,0.0],[114.028022768,-2.386141062999945,0.0],[114.027996452,-2.386003274,0.0],[114.027801516000096,-2.384982586000015,0.0],[114.027725221000097,-2.384571552999919,0.0],[114.027725221000097,-2.383288621999924,0.0],[114.0277252220001,-2.383067881999945,0.0],[114.027725221000097,-2.382667542999934,0.0],[114.027694702,-2.382567643999942,0.0],[114.027640577000099,-2.382390732999973,0.0],[114.027605858000101,-2.382277257999896,0.0],[114.027587959,-2.382218751999952,0.0],[114.027568655000096,-2.382155655999947,0.0],[114.027488708000106,-2.381894349999929,0.0],[114.027387685,-2.381693177,0.0],[114.026771545000102,-2.380466222999891,0.0],[114.026415683000096,-2.380129821999935,0.0],[114.026354789,-2.380072257999908,0.0],[114.025888261,-2.379631242999969,0.0],[114.025764466000098,-2.379514216999978,0.0],[114.025283813000101,-2.378325224999942,0.0],[114.024871827000098,-2.376897335999923,0.0],[114.024452209000103,-2.376183270999974,0.0],[114.023437501000103,-2.37511229599991,0.0],[114.022071840000095,-2.373685361,0.0],[114.021858215,-2.373075962,0.0],[114.021773157000098,-2.372839671999922,0.0],[114.021755142000103,-2.372789628999958,0.0],[114.021713257000101,-2.372673273,0.0],[114.021705628000106,-2.372581959999902,0.0],[114.021675111,-2.372233629999958,0.0],[114.021624429000198,-2.371735827999977,0.0],[114.021620495000107,-2.371697206999979,0.0],[114.021613203,-2.371625584999928,0.0],[114.021598818,-2.371484279999947,0.0],[114.02141571,-2.370889424999949,0.0],[114.020763520000102,-2.370344089999912,0.0],[114.020347596000093,-2.369996310000033,0.0],[114.019630432000099,-2.369342327,0.0],[114.017341614000102,-2.36749839899995,0.0],[114.016273499000107,-2.367022276999964,0.0],[114.015319824,-2.366725444999924,0.0],[114.014724733000094,-2.366189240999963,0.0],[114.013832093,-2.365178348,0.0],[114.012954712,-2.364576817999964,0.0],[114.012878418,-2.36452436499996,0.0],[114.011985779000099,-2.364194392999937,0.0],[114.011749268,-2.364107370999931,0.0],[114.0111357010001,-2.364025594999939,0.0],[114.010856628000099,-2.363988400999939,0.0],[114.01050392,-2.363957673,0.0],[114.010503436,-2.363957630999971,0.0],[114.009490967,-2.363869428999967,0.0],[114.0089510990001,-2.363983190999968,0.0],[114.008886924000095,-2.363996716999928,0.0],[114.008361816,-2.364107370999931,0.0],[114.007469221000093,-2.364345301,0.0],[114.007469178000093,-2.364345312999914,0.0],[114.007380855000093,-2.364332917999947,0.0],[114.007378741,-2.36433262,0.0],[114.007049561,-2.364286422999917,0.0],[114.006698608000093,-2.363750457999976,0.0],[114.006462675000094,-2.363046417,0.0],[114.006340028000096,-2.362680435999911,0.0],[114.006042482000097,-2.362085341999973,0.0],[114.005387275000103,-2.361906541999907,0.0],[114.005386353000105,-2.361906289999987,0.0],[114.004944804000104,-2.362179401999922,0.0],[114.004943847000106,-2.362179995,0.0],[114.004920017,-2.362194699999949,0.0],[114.004615785000098,-2.362382411999933,0.0],[114.004608548000107,-2.362392018000028,0.0],[114.004578579000096,-2.362431790999941,0.0],[114.004457188000103,-2.362592889999942,0.0],[114.004257202000105,-2.362858294999959,0.0],[114.003959656000106,-2.363393307,0.0],[114.003621878000104,-2.363521166999929,0.0],[114.003486635000101,-2.363572359999968,0.0],[114.003295898,-2.363530396999973,0.0],[114.002944947,-2.363453387999916,0.0],[114.002235413000093,-2.362918377999954,0.0],[114.001518251000107,-2.362025261999978,0.0],[114.001095717000098,-2.36137328699993,0.0],[114.000915476,-2.361095176999921,0.0],[114.000869919,-2.36102487999998,0.0],[114.000747682000096,-2.360836267999982,0.0],[114.000091553000104,-2.359884262999989,0.0],[114.000001907000097,-2.359878637999904,0.0],[113.999137878,-2.359824418999954,0.0],[113.999113098000095,-2.3598312529999,0.0],[113.998821705000097,-2.359911599999973,0.0],[113.998749322000094,-2.359931558000026,0.0],[113.998489381,-2.360003232999901,0.0],[113.998243507000097,-2.36004790499996,0.0],[113.997905508,-2.360109314999905,0.0],[113.9978339110001,-2.360122322999902,0.0],[113.997833252000106,-2.360122443,0.0],[113.997238159000105,-2.359824418999954,0.0],[113.996793104,-2.359180079999939,0.0],[113.996704102000194,-2.359051228999929,0.0],[113.996345520000105,-2.358337401999939,0.0],[113.995965906,-2.358337402999919,0.0],[113.995812735000101,-2.358337402999919,0.0],[113.995811462,-2.358337402999919,0.0],[113.995506287000097,-2.358730078999915,0.0],[113.995391847000107,-2.358873367999941,0.0],[113.995379158000105,-2.358897292999982,0.0],[113.995238805000099,-2.359161940000016,0.0],[113.994919010000103,-2.359764939999909,0.0],[113.994918823,-2.359765290999938,0.0],[113.994357214,-2.359989844999952,0.0],[113.99432488,-2.360002774999963,0.0],[113.994323731,-2.360003232999901,0.0],[113.9942092900001,-2.359980822999925,0.0],[113.99372864,-2.359884262999989,0.0],[113.993309021000101,-2.359408379999903,0.0],[113.993041993,-2.358516455999986,0.0],[113.993011475000102,-2.35836434499993,0.0],[113.992805482000094,-2.357322693,0.0],[113.991912843,-2.355720282999925,0.0],[113.990783693,-2.354530334999969,0.0],[113.990074158000098,-2.353592395999982,0.0],[113.990059416,-2.353527532999951,0.0],[113.990036012,-2.353424548999963,0.0],[113.989898682000202,-2.352663039999925,0.0],[113.989883424,-2.352568149999967,0.0],[113.989897076,-2.352535188999978,0.0],[113.989898093000093,-2.352532736999955,0.0],[113.989913940000093,-2.352494477999907,0.0],[113.990187182000099,-2.351975034999934,0.0],[113.9901886,-2.351972341999951,0.0],[113.990238935,-2.35189873,0.0],[113.990285603000103,-2.351830473999943,0.0],[113.99030304,-2.351804972999951,0.0],[113.99042511,-2.351615428999916,0.0],[113.990486146000094,-2.350723267,0.0],[113.990005493,-2.349890232999918,0.0],[113.989807838000104,-2.349714113999914,0.0],[113.989471436,-2.349414348999972,0.0],[113.988969572000101,-2.349113345999947,0.0],[113.988876345000094,-2.349057435999917,0.0],[113.988815248,-2.349002508999909,0.0],[113.988281252000107,-2.348522426,0.0],[113.988268478,-2.348472289,0.0],[113.988260104,-2.348439427999942,0.0],[113.988243103,-2.348372699000016,0.0],[113.988130676000097,-2.34792169299993,0.0],[113.988037109000103,-2.347546338999968,0.0],[113.988019392000098,-2.347475306999947,0.0],[113.988011584000205,-2.347444007000015,0.0],[113.987983706000094,-2.34733223999998,0.0],[113.987971048000105,-2.347251030999935,0.0],[113.987970493,-2.347247455999899,0.0],[113.987960814,-2.347185373999938,0.0],[113.987941633000105,-2.347067812999963,0.0],[113.987933008,-2.347014967999947,0.0],[113.987912083000097,-2.346886734,0.0],[113.987800598,-2.346203566999938,0.0],[113.987800598,-2.345714092999966,0.0],[113.987808218,-2.345191935999928,0.0],[113.987808228,-2.345191239999971,0.0],[113.987616260000095,-2.345020181999926,0.0],[113.987274170000106,-2.344715358,0.0],[113.987169275,-2.344697954999984,0.0],[113.986922455,-2.344657010999893,0.0],[113.986595017,-2.344602691000015,0.0],[113.986557008000105,-2.344596386999933,0.0],[113.986460704,-2.344577169999942,0.0],[113.985824585000103,-2.344450234999931,0.0],[113.985664369,-2.344417333999966,0.0],[113.985366821000099,-2.343941451,0.0],[113.985374451000098,-2.343849896999899,0.0],[113.985427858000094,-2.342930317999932,0.0],[113.985664368,-2.342157363999926,0.0],[113.985866898,-2.341698405999981,0.0],[113.985900879000098,-2.341621399999985,0.0],[113.985900879000098,-2.341471194999907,0.0],[113.985900879000098,-2.340967417999971,0.0],[113.985931274000194,-2.340553061999979,0.0],[113.985931396000097,-2.34055137599992,0.0],[113.985698177,-2.340453415999968,0.0],[113.985698109000097,-2.340453389999906,0.0],[113.985221863000106,-2.340253353999941,0.0],[113.984583230000098,-2.340041466999916,0.0],[113.984504701,-2.340015411999978,0.0],[113.983735221000103,-2.340015411999978,0.0],[113.983734131,-2.340015411999978,0.0],[113.982963562,-2.339956284999962,0.0],[113.982810974,-2.339751243999983,0.0],[113.98260498,-2.339480399999956,0.0],[113.982596126000104,-2.339408321999947,0.0],[113.982595713,-2.339404935999907,0.0],[113.9825897220001,-2.339356185,0.0],[113.982543946000106,-2.338885307999898,0.0],[113.982742310000106,-2.338143826999919,0.0],[113.982780458000093,-2.337993383000021,0.0],[113.982780458000093,-2.337814909999982,0.0],[113.982780458000093,-2.337398290999964,0.0],[113.982543946000106,-2.336863279999941,0.0],[113.982399131000093,-2.336717586999977,0.0],[113.982346215,-2.336664353999909,0.0],[113.982070923,-2.336387396999915,0.0],[113.981623673000101,-2.336201538999925,0.0],[113.981607195,-2.336194689999957,0.0],[113.98158461,-2.33618530399996,0.0],[113.981584565,-2.336185285999899,0.0],[113.981584179,-2.336185124999965,0.0],[113.98135376,-2.336089373999957,0.0],[113.980758667,-2.335851430999973,0.0],[113.980224609000103,-2.335018395999973,0.0],[113.979751589000102,-2.33365035199995,0.0],[113.979331970000104,-2.332639456999961,0.0],[113.978736877000102,-2.331747292999944,0.0],[113.978180654000099,-2.331231856999942,0.0],[113.978083035,-2.331141396999932,0.0],[113.977966309000095,-2.331033228999935,0.0],[113.977249147000094,-2.330141305999938,0.0],[113.9762954710001,-2.329367398999953,0.0],[113.976119131,-2.329312947999964,0.0],[113.975910152000097,-2.329248416999981,0.0],[113.975524904000096,-2.329129458,0.0],[113.975051882000201,-2.328653336999944,0.0],[113.974754335,-2.32799935399989,0.0],[113.974754335,-2.32745882099993,0.0],[113.974754335,-2.327402641999918,0.0],[113.974754334000096,-2.327285288999981,0.0],[113.974453022000105,-2.326986547999943,0.0],[113.974334718000094,-2.32686924999993,0.0],[113.974275783000095,-2.326800812999943,0.0],[113.973617555,-2.326036452999949,0.0],[113.97298192,-2.325278599999934,0.0],[113.972974539000106,-2.325269798999925,0.0],[113.972969055,-2.325263262000024,0.0],[113.972928952000103,-2.32525464,0.0],[113.972927119,-2.325254245999977,0.0],[113.972137452000098,-2.325084448999937,0.0],[113.970794678,-2.324787377999977,0.0],[113.970138552,-2.324489355000019,0.0],[113.969902039000104,-2.323954344999977,0.0],[113.969702899000097,-2.323821257,0.0],[113.969616494000107,-2.323763512,0.0],[113.969367981,-2.323597430999942,0.0],[113.96918636,-2.323567146999914,0.0],[113.969144152,-2.323560109999951,0.0],[113.968299866000095,-2.323419331999934,0.0],[113.967546414,-2.323117952999958,0.0],[113.967546156,-2.323117848999949,0.0],[113.967081568,-2.322932014999941,0.0],[113.966812136000101,-2.322824241,0.0],[113.965499878000102,-2.32234835599997,0.0],[113.964546205,-2.321931363,0.0],[113.963964269000101,-2.32117549899991,0.0],[113.963951113000107,-2.321158408999935,0.0],[113.963932278,-2.321131151999958,0.0],[113.963417055000093,-2.320385456999929,0.0],[113.962646484,-2.319909334999943,0.0],[113.962568342000097,-2.319953644999972,0.0],[113.962226869,-2.320147276999927,0.0],[113.962201804000102,-2.320193588999921,0.0],[113.962165833000199,-2.320260048999925,0.0],[113.962138991000103,-2.320307969999893,0.0],[113.962130352,-2.32032339099993,0.0],[113.962127824000106,-2.320327907999944,0.0],[113.961929322000103,-2.320682286999949,0.0],[113.961281550000095,-2.320979975999899,0.0],[113.961280822000106,-2.320980309999927,0.0],[113.961189270000105,-2.320944309999966,0.0],[113.960956259000099,-2.320855392999903,0.0],[113.960691604000104,-2.32075440199998,0.0],[113.960502625000103,-2.320682286999949,0.0],[113.959548950000098,-2.320147276999927,0.0],[113.958480835000103,-2.31925439799995,0.0],[113.957649231,-2.318779230999983,0.0],[113.956993105,-2.318243265999942,0.0],[113.956459045000102,-2.317946434999982,0.0],[113.955566408,-2.317946433,0.0],[113.95470951,-2.318174849999957,0.0],[113.954674858000104,-2.318184086999941,0.0],[113.954673768,-2.318184375999985,0.0],[113.954017639000099,-2.318243265999942,0.0],[113.953695673000098,-2.317692223999932,0.0],[113.953689576000102,-2.317681788999948,0.0],[113.953643866000206,-2.31755912099993,0.0],[113.95362854,-2.317517995999905,0.0],[113.9534835810001,-2.317053318999986,0.0],[113.953458049000105,-2.316932625999952,0.0],[113.953453065000105,-2.316909073999962,0.0],[113.953451195000099,-2.31689902799993,0.0],[113.953369142000099,-2.316457986999949,0.0],[113.953128579000094,-2.316327564999909,0.0],[113.952713013000107,-2.316102267,0.0],[113.952186386000093,-2.316102267,0.0],[113.95218632,-2.316102267,0.0],[113.951881409000094,-2.316102267,0.0],[113.950929709000107,-2.315822749999967,0.0],[113.950866766000104,-2.315804261999936,0.0],[113.950807375000096,-2.315828206999979,0.0],[113.950635974000093,-2.315896821999961,0.0],[113.9505701060001,-2.315923571999936,0.0],[113.950538989000094,-2.315927734999941,0.0],[113.950537822000101,-2.315927898999954,0.0],[113.950264019000102,-2.315966794999975,0.0],[113.950177278000098,-2.315979117999936,0.0],[113.950152020000104,-2.315982705999973,0.0],[113.950149936000201,-2.315983000999977,0.0],[113.950149536,-2.315983056999902,0.0],[113.95020358,-2.315877885,0.0],[113.949163103,-2.315782209,0.0],[113.9490866310001,-2.315775177000028,0.0],[113.941757937,-2.315101272999944,0.0],[113.940784068000099,-2.31701857999997,0.0],[113.938557937000098,-2.321401272999926,0.0],[113.937694479000101,-2.321727469999937,0.0],[113.936810515,-2.32206141399993,0.0],[113.936160671,-2.322306911999898,0.0],[113.934057588,-2.323101159,0.0],[113.927358283000103,-2.324100883999931,0.0],[113.922383684,-2.323732571999932,0.0],[113.921957478000095,-2.323700612999946,0.0],[113.921856764,-2.323696148999936,0.0],[113.916365936,-2.323421677999968,0.0],[113.913957769,-2.32330129599996,0.0],[113.896558349000102,-2.321401434999959,0.0],[113.895698769000106,-2.321179180999955,0.0],[113.881859336000105,-2.317600761999898,0.0],[113.863557876000101,-2.310100914999942,0.0],[113.861265977,-2.305621525999959,0.0],[113.859422105,-2.302017696999918,0.0],[113.859421415,-2.302016249,0.0],[113.859406571,-2.301985176999986,0.0],[113.859158411000095,-2.301500577999938,0.0],[113.859158068000099,-2.301500586999938,0.0],[113.856196204000099,-2.301581321999984,0.0],[113.855459213,-2.301601409999927,0.0],[113.853244418,-2.302411101999975,0.0],[113.851358415,-2.303100586,0.0],[113.8481668,-2.303163847999907,0.0],[113.846258166000098,-2.30320167599992,0.0],[113.845401428000102,-2.303035497999919,0.0],[113.843160632,-2.302600860999948,0.0],[113.839059830000096,-2.301300048999972,0.0],[113.838457109000103,-2.300909043999955,0.0],[113.837897467,-2.300548536999962,0.0],[113.837835313,-2.300508498999927,0.0],[113.837492547,-2.300285885999893,0.0],[113.835359574000094,-2.298900604999943,0.0],[113.831960679000105,-2.298101425999985,0.0],[113.829740525,-2.29433631999995,0.0],[113.829660417,-2.294200897999936,0.0],[113.829526902000097,-2.293689727999928,0.0],[113.828831949,-2.291047496999974,0.0],[113.828775407,-2.290832519999952,0.0],[113.828632758,-2.290286946000015,0.0],[113.828557969,-2.29000091599997,0.0],[113.828161261000105,-2.285335788999987,0.0],[113.828161241000103,-2.285335540999966,0.0],[113.828159588000105,-2.285320673999955,0.0],[113.828157426000104,-2.285301209999944,0.0],[113.828117415000094,-2.285239524999916,0.0],[113.828065874000103,-2.285160065000016,0.0],[113.827672961,-2.284561156999922,0.0],[113.82734871,-2.284065246999918,0.0],[113.827269949000097,-2.283945339999949,0.0],[113.826498032,-2.282770157999976,0.0],[113.826059342,-2.282100677999919,0.0],[113.825998309000099,-2.282056808999926,0.0],[113.821058273,-2.278501513,0.0],[113.820250232,-2.278058959,0.0],[113.816858294000099,-2.276201248999947,0.0],[113.815160752000097,-2.272001267999961,0.0],[113.810457232000104,-2.269800184999917,0.0],[113.805959702000095,-2.266901015999927,0.0],[113.802032294,-2.265418252999924,0.0],[113.801458361000101,-2.265201568999942,0.0],[113.800659407,-2.264935097,0.0],[113.798158647000093,-2.264101029,0.0],[113.795233175,-2.263695056999973,0.0],[113.794557572,-2.263601301999949,0.0],[113.794129175000094,-2.263315431999937,0.0],[113.791559221000099,-2.261600495999969,0.0],[113.787458422000199,-2.260700227999981,0.0],[113.783960343000103,-2.259300232999972,0.0],[113.780965167000105,-2.256207881999985,0.0],[113.780961990000094,-2.256204607,0.0],[113.779958726,-2.252300261999969,0.0],[113.778539228000199,-2.248645364,0.0],[113.777357104000103,-2.24560165499994,0.0],[113.776529201,-2.244772538999904,0.0],[113.774759293000102,-2.243000030999989,0.0],[113.771959305000095,-2.240100861,0.0],[113.771959306000099,-2.235700608,0.0],[113.771954215000093,-2.235628077999943,0.0],[113.7719516760001,-2.235591888999986,0.0],[113.771951574,-2.235589830999976,0.0],[113.771662566,-2.229892273999921,0.0],[113.771657943000093,-2.229801273999925,0.0],[113.771657944,-2.229801178999937,0.0],[113.770559313000106,-2.225400925,0.0],[113.771518341000103,-2.224257940000021,0.0],[113.772657397000103,-2.222900390999967,0.0],[113.772558623,-2.222652985,0.0],[113.771459582,-2.219900130999966,0.0],[113.770158768,-2.215900421999943,0.0],[113.767577376000105,-2.213122206999949,0.0],[113.767557933000106,-2.213101277,0.0],[113.767557145000097,-2.213100434999906,0.0],[113.7672325220001,-2.212496931000012,0.0],[113.765459061000101,-2.209199906999977,0.0],[113.76285769,-2.206100764999948,0.0],[113.762857439000101,-2.206100464,0.0],[113.762484027,-2.205333773000016,0.0],[113.760958044000105,-2.202200605999929,0.0],[113.760957720000107,-2.202199936999953,0.0],[113.761097596000099,-2.201323444,0.0],[113.761659624000103,-2.197801589999921,0.0],[113.762628219,-2.193839303999918,0.0],[113.762857439000101,-2.192901611999951,0.0],[113.762586301000098,-2.191520438999901,0.0],[113.761659623,-2.186800004999958,0.0],[113.762659074000098,-2.181501388999938,0.0],[113.7629854260001,-2.180900881,0.0],[113.764453757000098,-2.178199059,0.0],[113.76445389,-2.178198813999903,0.0],[113.764447685,-2.178195526999951,0.0],[113.761060715000099,-2.176401138000024,0.0],[113.757604599000103,-2.174673081,0.0],[113.7575710630001,-2.174657835999907,0.0],[113.757562640000103,-2.17465400899997,0.0],[113.757257464000105,-2.174501419999935,0.0],[113.7585697170001,-2.169628143999935,0.0],[113.7585787740001,-2.169595319999897,0.0],[113.758646013000103,-2.169351579,0.0],[113.758653659000103,-2.169317161999964,0.0],[113.758657457,-2.16930008,0.0],[113.758876739000101,-2.168404202999945,0.0],[113.759660723,-2.165201187999934,0.0],[113.758749008000194,-2.163051606000015,0.0],[113.758733813,-2.163013614999949,0.0],[113.75873375,-2.163013458999956,0.0],[113.758623125000099,-2.162752151999918,0.0],[113.758558274000094,-2.162601470999961,0.0],[113.758752662,-2.161400478999971,0.0],[113.759157182000095,-2.158901214999955,0.0],[113.759901049000106,-2.158901214999955,0.0],[113.760244371000198,-2.158901214999955,0.0],[113.762857439000101,-2.158901214999955,0.0],[113.768258026,-2.157800882999961,0.0],[113.768259049000093,-2.157800674999943,0.0],[113.769159317000103,-2.153800964999921,0.0],[113.770467815000103,-2.151350555999951,0.0],[113.772066119000201,-2.148357392000018,0.0],[113.772139841,-2.148222232999926,0.0],[113.772260667000097,-2.148000717999903,0.0],[113.772275789000105,-2.147967951999949,0.0],[113.772283556,-2.147951125999976,0.0],[113.772927595000098,-2.146751251999919,0.0],[113.773569016000096,-2.145556249999965,0.0],[113.773759842000104,-2.145200730999965,0.0],[113.774152756,-2.14234352099991,0.0],[113.774160386000105,-2.142301558999975,0.0],[113.774646281000102,-2.13830314599992,0.0],[113.775752834000102,-2.129196757999972,0.0],[113.775753023000107,-2.129195212999944,0.0],[113.775748705000098,-2.129191393999967,0.0],[113.773153656000105,-2.126896213999971,0.0],[113.773153305,-2.126895904999946,0.0],[113.773149294000106,-2.126891154,0.0],[113.773090590000095,-2.12682168199992,0.0],[113.770959856000104,-2.124300003,0.0],[113.768873215000099,-2.120128633000011,0.0],[113.768857956,-2.120100020999962,0.0],[113.767464213,-2.117358780999969,0.0],[113.766328814000104,-2.115125656999932,0.0],[113.766306651000093,-2.115080996,0.0],[113.766202928000098,-2.114871978999926,0.0],[113.765760423000103,-2.114000320999907,0.0],[113.7430038480001,-2.118691444,0.0],[113.742959976000094,-2.118700028000013,0.0],[113.739397049000104,-2.119689942999945,0.0],[113.739394875,-2.119690594999919,0.0],[113.739375985000095,-2.119696259999928,0.0],[113.739358903,-2.119701386000012,0.0],[113.736323741000106,-2.120504455999932,0.0],[113.729158403000099,-2.122400284000039,0.0],[113.726339343000106,-2.110843658999955,0.0],[113.726160050000104,-2.110101699999936,0.0],[113.726029443,-2.109584291000031,0.0],[113.726011277000097,-2.109512328999932,0.0],[113.722116473000099,-2.093843460999947,0.0],[113.721857072,-2.092800141999953,0.0],[113.721794659,-2.092565415,0.0],[113.721593859000095,-2.091810226999942,0.0],[113.720758441,-2.088701248999918,0.0],[113.718355180000103,-2.085595130999971,0.0],[113.718351244,-2.085590153999899,0.0],[113.714960099000095,-2.081300735999927,0.0],[113.695913316000102,-2.0689868929999,0.0],[113.695890429000102,-2.068973541999954,0.0],[113.6951586980001,-2.068500967,0.0],[113.695158006000099,-2.068500518999965,0.0],[113.695547774,-2.068344110999893,0.0],[113.696046832000107,-2.06814384499995,0.0],[113.696073534000107,-2.068132401999982,0.0],[113.7244770060001,-2.056681618999963,0.0],[113.724964529000104,-2.056485074999947,0.0],[113.726617813000104,-2.055818557999936,0.0],[113.726659777,-2.055801391999954,0.0],[113.726812364,-2.055738449999982,0.0],[113.729036332000106,-2.05483245699998,0.0],[113.729360583,-2.054700851999942,0.0],[113.729536058,-2.05462837299998,0.0],[113.730135388,-2.054381148999929,0.0],[113.731977464,-2.053621290999947,0.0],[113.732651685000107,-2.053345025999931,0.0],[113.732759478,-2.053300857999913,0.0],[113.732800414,-2.053284935999935,0.0],[113.733205796000107,-2.053127287999961,0.0],[113.733351544,-2.053072965999982,0.0],[113.733415603999902,-2.053049087999965,0.0],[113.733979681000093,-2.052831374999897,0.0],[113.734502794000093,-2.052629471999978,0.0],[113.735357286000095,-2.052301407,0.0],[113.735385981,-2.052290055999952,0.0],[113.735612870000097,-2.052200317999981,0.0],[113.735818864000095,-2.05211830199993,0.0],[113.737314432000105,-2.051518675999977,0.0],[113.73785778,-2.051300828999978,0.0],[113.737859728000103,-2.051300048999933,0.0],[113.737089114,-2.049113074999978,0.0],[113.7365536020001,-2.047593327999913,0.0],[113.736553193000105,-2.047592162999896,0.0],[113.736548424,-2.047583421999972,0.0],[113.735952980000107,-2.046492186999931,0.0],[113.736548213000106,-2.047583443999914,0.0],[113.731350095,-2.048110975999937,0.0],[113.720728655,-2.049188892999956,0.0],[113.72006792,-2.049255947999908,0.0],[113.71708234,-2.049558938999918,0.0],[113.715882125,-2.049680744999964,0.0],[113.697671593000095,-2.051528842999939,0.0],[113.696189148,-2.051679288999957,0.0],[113.690960755000106,-2.036907008,0.0],[113.690232055,-2.034848141999908,0.0],[113.683589147000106,-2.016079288999943,0.0],[113.692919615000093,-2.015991266999955,0.0],[113.700165853,-2.015922904999974,0.0],[113.704739635,-2.015879759999961,0.0],[113.704465470000102,-2.016173019999965,0.0],[113.704409402,-2.016241599999964,0.0],[113.703999275000101,-2.016743247999984,0.0],[113.703851359000097,-2.016949040999985,0.0],[113.703851077000095,-2.016949433000017,0.0],[113.703569276000096,-2.017343487999907,0.0],[113.703527088000101,-2.017411976,0.0],[113.703273471000102,-2.017819669999958,0.0],[113.703173300000202,-2.0179829649999,0.0],[113.703068054000099,-2.018180932999933,0.0],[113.702782451000104,-2.018187605999946,0.0],[113.702732082,-2.018188760999942,0.0],[113.701875215,-2.018208355999964,0.0],[113.700915026000104,-2.018230320999943,0.0],[113.700908950000098,-2.018230459999955,0.0],[113.700864911000096,-2.018231462999958,0.0],[113.698874001,-2.018277,0.0],[113.698898897,-2.01872408599993,0.0],[113.698961292,-2.019844606999917,0.0],[113.698961320000095,-2.019845158999962,0.0],[113.699831068000094,-2.035464809999952,0.0],[113.699902767,-2.036752351999989,0.0],[113.700355001000105,-2.044874,0.0],[113.70035681,-2.04487382699998,0.0],[113.700356816000095,-2.044873932999989,0.0],[113.713337427000099,-2.043634207,0.0],[113.713338142000097,-2.041693448999984,0.0],[113.714268348999894,-2.041698587999969,0.0],[113.714268964000098,-2.04169859099997,0.0],[113.714357601000103,-2.04169883399991,0.0],[113.7144901140001,-2.041699930999901,0.0],[113.714529162000105,-2.041700254000027,0.0],[113.714726697000103,-2.041755366999951,0.0],[113.71521811,-2.041870743999905,0.0],[113.715435606,-2.04192224699991,0.0],[113.716041227,-2.042024605999946,0.0],[113.716042229000095,-2.04202477599994,0.0],[113.71615824,-2.042044200999988,0.0],[113.716889783000099,-2.042118355999969,0.0],[113.717303662,-2.042133141999953,0.0],[113.717622945,-2.042144547999918,0.0],[113.718358063000196,-2.042121772,0.0],[113.718526046000093,-2.042105269999945,0.0],[113.719087845000104,-2.042050074999935,0.0],[113.7193122770001,-2.042019074999928,0.0],[113.720874056,-2.041783056999944,0.0],[113.720875611000096,-2.041782821999925,0.0],[113.720933945000098,-2.041774360999944,0.0],[113.724917363,-2.041172701999903,0.0],[113.726701348,-2.040903211999987,0.0],[113.727201705000098,-2.040815652999917,0.0],[113.727879947,-2.040658363999972,0.0],[113.727918040000105,-2.040649529999941,0.0],[113.728007324,-2.040622418999936,0.0],[113.728620574,-2.040436203999976,0.0],[113.728647220000099,-2.040426431999967,0.0],[113.728772001000095,-2.040379646999932,0.0],[113.728977541000106,-2.040302579999911,0.0],[113.728978278000099,-2.040302303,0.0],[113.729171597000104,-2.0402292659999,0.0],[113.729309711,-2.040177081999919,0.0],[113.729978252,-2.039873670999974,0.0],[113.730626673000103,-2.039526625999937,0.0],[113.730831621000107,-2.03939938399998,0.0],[113.73125168,-2.039138592,0.0],[113.731393540000099,-2.039035917999943,0.0],[113.731642610000094,-2.038857041999971,0.0],[113.731824684000102,-2.038726279999983,0.0],[113.731734644000099,-2.038366435999965,0.0]]]}}
]
}
